date,purchase,sale,midpoint,exchange_rate,spread_market_day_x-1_over_oer_day_x_midpoint
2003-04-01,3950,3954,3952.0,3945.0,0.0
2003-04-02,3951,3956,3953.5,3945.0,0.18
2003-04-03,3951,3956,3953.5,3945.0,0.22
2003-04-04,3952,3957,3954.5,3945.0,0.22
2003-04-05,3952,3958,3955.0,3945.0,0.24
2003-04-06,3952,3958,3955.0,3945.0,0.25
2003-04-07,3952,3958,3955.0,3945.0,0.25
2003-04-08,3952,3958,3955.0,3945.0,0.25
2003-04-09,3952,3957,3954.5,3945.0,0.25
2003-04-10,3952,3957,3954.5,3945.0,0.24
2003-04-11,3951,3957,3954.0,3945.0,0.24
2003-04-12,3951,3958,3954.5,3945.0,0.23
2003-04-13,3951,3958,3954.5,3945.0,0.24
2003-04-14,3951,3958,3954.5,3945.0,0.24
2003-04-15,3951,3958,3954.5,3945.0,0.24
2003-04-16,3951,3958,3954.5,3945.0,0.24
2003-04-17,3951,3958,3954.5,3945.0,0.24
2003-04-18,3952,3959,3955.5,3945.0,0.24
2003-04-19,3951,3958,3954.5,3945.0,0.27
2003-04-20,3961,3969,3965.0,3945.0,0.24
2003-04-21,3963,3970,3966.5,3950.0,0.38
2003-04-22,3964,3970,3967.0,3950.0,0.42
2003-04-23,3970,3978,3974.0,3950.0,0.43
2003-04-24,3978,3986,3982.0,3955.0,0.48
2003-04-25,3991,3999,3995.0,3955.0,0.68
2003-04-26,3983,3993,3988.0,3955.0,1.01
2003-04-27,3970,3983,3976.5,3955.0,0.83
2003-04-28,3983,3991,3987.0,3960.0,0.42
2003-04-29,3991,4000,3995.5,3960.0,0.68
2003-04-30,3993,4003,3998.0,3960.0,0.9
2003-05-01,3985,3999,3992.0,3960.0,2.06
2003-05-02,3994,4001,3997.5,3960.0,0.81
2003-05-03,3994,4001,3997.5,3960.0,0.95
2003-05-04,3994,4001,3997.5,3960.0,0.95
2003-05-05,3995,4002,3998.5,3960.0,0.95
2003-05-06,3998,4006,4002.0,3965.0,0.84
2003-05-07,3998,4006,4002.0,3965.0,0.93
2003-05-08,3996,4003,3999.5,3965.0,0.93
2003-05-09,3997,4004,4000.5,3965.0,0.87
2003-05-10,3999,4005,4002.0,3965.0,0.9
2003-05-11,3999,4005,4002.0,3965.0,0.93
2003-05-12,3999,4005,4002.0,3965.0,0.93
2003-05-13,3999,4004,4001.5,3965.0,0.93
2003-05-14,4002,4008,4005.0,3965.0,0.92
2003-05-15,4004,4010,4007.0,3965.0,1.01
2003-05-16,4013,4020,4016.5,3965.0,1.06
2003-05-17,4013,4020,4016.5,3965.0,1.3
2003-05-18,4013,4020,4016.5,3965.0,1.3
2003-05-19,4013,4020,4016.5,3965.0,1.3
2003-05-20,4017,4025,4021.0,3965.0,1.3
2003-05-21,4037,4051,4044.0,3975.0,1.16
2003-05-22,4051,4069,4060.0,3995.0,1.23
2003-05-23,4065,4087,4076.0,4015.0,1.12
2003-05-24,4077,4107,4092.0,4015.0,1.52
2003-05-25,4073,4096,4084.5,4015.0,1.92
2003-05-26,4058,4071,4064.5,4035.0,1.23
2003-05-27,4029,4042,4035.5,4025.0,0.98
2003-05-28,4020,4030,4025.0,4015.0,0.51
2003-05-29,4014,4026,4020.0,4005.0,0.5
2003-05-30,4029,4045,4037.0,4005.0,0.37
2003-05-31,4035,4048,4041.5,4005.0,0.8
2003-06-01,4032,4045,4038.5,4005.0,-0.37
2003-06-02,4032,4045,4038.5,4005.0,0.84
2003-06-03,4042,4050,4046.0,4005.0,0.84
2003-06-04,4040,4049,4044.5,4005.0,1.02
2003-06-05,4038,4045,4041.5,4005.0,0.99
2003-06-06,4039,4047,4043.0,4050.0,-0.21
2003-06-07,4040,4048,4044.0,4050.0,-0.17
2003-06-08,4039,4044,4041.5,4050.0,-0.15
2003-06-09,4037,4043,4040.0,4050.0,-0.21
2003-06-10,4038,4045,4041.5,4005.0,0.87
2003-06-11,4040,4046,4043.0,4005.0,0.91
2003-06-12,4040,4048,4044.0,4015.0,0.7
2003-06-13,4040,4049,4044.5,4025.0,0.47
2003-06-14,4041,4048,4044.5,4025.0,0.48
2003-06-15,4041,4048,4044.5,4025.0,0.48
2003-06-16,4042,4050,4046.0,4025.0,0.48
2003-06-17,4046,4053,4049.5,4030.0,0.4
2003-06-18,4046,4053,4049.5,4030.0,0.48
2003-06-19,4047,4053,4050.0,4030.0,0.48
2003-06-20,4041,4048,4044.5,4030.0,0.5
2003-06-21,4040,4046,4043.0,4030.0,0.36
2003-06-22,4040,4046,4043.0,4030.0,0.32
2003-06-23,4040,4046,4043.0,4025.0,0.45
2003-06-24,4036,4042,4039.0,4025.0,0.45
2003-06-25,4027,4033,4030.0,4015.0,0.6
2003-06-26,4025,4032,4028.5,4015.0,0.37
2003-06-27,4012,4018,4015.0,4010.0,0.46
2003-06-28,4006,4013,4009.5,4010.0,0.12
2003-06-29,3990,3997,3993.5,4010.0,-0.01
2003-06-30,3986,3994,3990.0,3990.0,0.09
2003-07-01,3990,3997,3993.5,3985.0,0.23
2003-07-02,4001,4011,4006.0,3985.0,0.21
2003-07-03,4005,4012,4008.5,3985.0,0.53
2003-07-04,3996,4004,4000.0,3985.0,0.59
2003-07-05,4000,4007,4003.5,3985.0,0.38
2003-07-06,3998,4005,4001.5,3985.0,0.46
2003-07-07,3995,4002,3998.5,3985.0,0.41
2003-07-08,3991,3997,3994.0,3985.0,0.34
2003-07-09,3989,3995,3992.0,3985.0,0.23
2003-07-10,3989,3995,3992.0,3985.0,0.18
2003-07-11,3991,3998,3994.5,3985.0,0.18
2003-07-12,3991,3998,3994.5,3985.0,0.24
2003-07-13,3991,3998,3994.5,3985.0,0.24
2003-07-14,3993,4000,3996.5,3985.0,0.24
2003-07-15,3996,4002,3999.0,3985.0,0.29
2003-07-16,3995,4002,3998.5,3985.0,0.35
2003-07-17,3996,4002,3999.0,3985.0,0.34
2003-07-18,3996,4002,3999.0,3985.0,0.35
2003-07-19,3996,4002,3999.0,3985.0,0.35
2003-07-20,4005,4013,4009.0,3985.0,0.35
2003-07-21,4015,4026,4020.5,4000.0,0.23
2003-07-22,4015,4023,4019.0,4000.0,0.51
2003-07-23,4015,4023,4019.0,4000.0,0.48
2003-07-24,4015,4023,4019.0,4000.0,0.48
2003-07-25,4014,4021,4017.5,4000.0,0.48
2003-07-26,3996,4003,3999.5,4000.0,0.44
2003-07-27,3996,4003,3999.5,4000.0,-0.01
2003-07-28,3993,4005,3999.0,4000.0,-0.01
2003-07-29,3970,3990,3980.0,3990.0,0.23
2003-07-30,3981,3991,3986.0,3985.0,-0.13
2003-07-31,3990,3998,3994.0,3985.0,0.03
2003-08-01,3990,3998,3994.0,3985.0,1.49
2003-08-02,4000,4009,4004.5,3985.0,0.23
2003-08-03,4006,4012,4009.0,3985.0,0.49
2003-08-04,4007,4014,4010.5,3990.0,0.48
2003-08-05,4008,4014,4011.0,4000.0,0.26
2003-08-06,4012,4019,4015.5,4000.0,0.28
2003-08-07,4014,4021,4017.5,4005.0,0.26
2003-08-08,4011,4017,4014.0,4005.0,0.31
2003-08-09,4011,4018,4014.5,4005.0,0.22
2003-08-10,4006,4013,4009.5,4005.0,0.24
2003-08-11,4006,4013,4009.5,4005.0,0.11
2003-08-12,4005,4012,4008.5,4005.0,0.11
2003-08-13,4005,4012,4008.5,4005.0,0.09
2003-08-14,4009,4016,4012.5,4005.0,0.09
2003-08-15,4014,4021,4017.5,4005.0,0.19
2003-08-16,4016,4022,4019.0,4005.0,0.31
2003-08-17,4018,4024,4021.0,4005.0,0.35
2003-08-18,4022,4029,4025.5,4005.0,0.4
2003-08-19,4030,4040,4035.0,4015.0,0.26
2003-08-20,4030,4040,4035.0,4015.0,0.5
2003-08-21,4026,4033,4029.5,4020.0,0.37
2003-08-22,4026,4033,4029.5,4020.0,0.24
2003-08-23,4025,4033,4029.0,4020.0,0.24
2003-08-24,4025,4033,4029.0,4020.0,0.22
2003-08-25,4026,4033,4029.5,4020.0,0.22
2003-08-26,4030,4037,4033.5,4020.0,0.24
2003-08-27,4036,4044,4040.0,4020.0,0.34
2003-08-28,4039,4046,4042.5,4025.0,0.37
2003-08-29,4042,4048,4045.0,4025.0,0.43
2003-08-30,4045,4051,4048.0,4025.0,0.5
2003-08-31,4041,4048,4044.5,4025.0,0.57
2003-09-01,4035,4041,4038.0,4025.0,-0.57
2003-09-02,4038,4045,4041.5,4025.0,0.32
2003-09-03,4039,4045,4042.0,4025.0,0.41
2003-09-04,4036,4042,4039.0,4025.0,0.42
2003-09-05,4028,4034,4031.0,4020.0,0.47
2003-09-06,4021,4028,4024.5,4020.0,0.27
2003-09-07,4021,4028,4024.5,4020.0,0.11
2003-09-08,4019,4025,4022.0,4015.0,0.24
2003-09-09,4015,4021,4018.0,4010.0,0.3
2003-09-10,4014,4021,4017.5,4010.0,0.2
2003-09-11,4014,4019,4016.5,4010.0,0.19
2003-09-12,4011,4017,4014.0,4010.0,0.16
2003-09-13,4011,4017,4014.0,4010.0,0.1
2003-09-14,4011,4017,4014.0,4010.0,0.1
2003-09-15,4014,4021,4017.5,4010.0,0.1
2003-09-16,4011,4017,4014.0,4010.0,0.19
2003-09-17,4014,4021,4017.5,4010.0,0.1
2003-09-18,4013,4019,4016.0,4010.0,0.19
2003-09-19,4012,4018,4015.0,4010.0,0.15
2003-09-20,4012,4018,4015.0,4010.0,0.12
2003-09-21,4012,4018,4015.0,4010.0,0.12
2003-09-22,4014,4020,4017.0,4010.0,0.12
2003-09-23,4011,4018,4014.5,4010.0,0.17
2003-09-24,4011,4018,4014.5,4010.0,0.11
2003-09-25,4011,4018,4014.5,4010.0,0.11
2003-09-26,4011,4018,4014.5,4010.0,0.11
2003-09-27,4011,4018,4014.5,4010.0,0.11
2003-09-28,4011,4018,4014.5,4010.0,0.11
2003-09-29,4008,4015,4011.5,4010.0,0.11
2003-09-30,3999,4005,4002.0,4005.0,0.16
2003-10-01,3992,4000,3996.0,4000.0,0.03
2003-10-02,3997,4005,4001.0,3995.0,0.03
2003-10-03,4008,4016,4012.0,3995.0,0.15
2003-10-04,4009,4016,4012.5,3995.0,0.43
2003-10-05,4002,4008,4005.0,3995.0,0.44
2003-10-06,3998,4005,4001.5,3995.0,0.25
2003-10-07,3999,4006,4002.5,3990.0,0.29
2003-10-08,3997,4004,4000.5,3995.0,0.19
2003-10-09,3999,4006,4002.5,3990.0,0.26
2003-10-10,3998,4004,4001.0,3990.0,0.31
2003-10-11,3998,4004,4001.0,3990.0,0.28
2003-10-12,3998,4004,4001.0,3990.0,0.28
2003-10-13,3998,4004,4001.0,3990.0,0.28
2003-10-14,3997,4003,4000.0,3990.0,0.28
2003-10-15,3997,4003,4000.0,3990.0,0.25
2003-10-16,3999,4005,4002.0,3995.0,0.13
2003-10-17,4000,4006,4003.0,3995.0,0.18
2003-10-18,4000,4006,4003.0,3995.0,0.2
2003-10-19,4000,4006,4003.0,3995.0,0.2
2003-10-20,4003,4009,4006.0,3995.0,0.2
2003-10-21,4006,4013,4009.5,4000.0,0.15
2003-10-22,4005,4012,4008.5,4000.0,0.24
2003-10-23,4011,4016,4013.5,4000.0,0.21
2003-10-24,4011,4016,4013.5,4005.0,0.21
2003-10-25,4011,4017,4014.0,4005.0,0.21
2003-10-26,4006,4013,4009.5,4005.0,0.22
2003-10-27,4005,4011,4008.0,4005.0,0.11
2003-10-28,4000,4006,4003.0,4000.0,0.2
2003-10-29,3999,4005,4002.0,4000.0,0.08
2003-10-30,3998,4004,4001.0,4000.0,0.05
2003-10-31,3998,4004,4001.0,4000.0,0.03
2003-11-01,3998,4004,4001.0,4000.0,0.03
2003-11-02,3998,4004,4001.0,4000.0,0.03
2003-11-03,3998,4004,4001.0,4000.0,0.03
2003-11-04,3998,4004,4001.0,3995.0,0.15
2003-11-05,3998,4004,4001.0,3995.0,0.15
2003-11-06,3994,4001,3997.5,3995.0,0.15
2003-11-07,3994,4001,3997.5,3995.0,0.06
2003-11-08,3994,4001,3997.5,3995.0,0.06
2003-11-09,3996,4003,3999.5,3995.0,0.06
2003-11-10,3996,4003,3999.5,3995.0,0.11
2003-11-11,3995,4003,3999.0,3995.0,0.11
2003-11-12,3996,4003,3999.5,3995.0,0.1
2003-11-13,4000,4005,4002.5,3995.0,0.11
2003-11-14,4000,4005,4002.5,3995.0,0.19
2003-11-15,3998,4003,4000.5,3995.0,0.19
2003-11-16,3998,4003,4000.5,3995.0,0.14
2003-11-17,3998,4003,4000.5,3995.0,0.14
2003-11-18,4000,4006,4003.0,3995.0,0.14
2003-11-19,4000,4006,4003.0,3995.0,0.2
2003-11-20,3999,4004,4001.5,3995.0,0.2
2003-11-21,4000,4006,4003.0,3995.0,0.16
2003-11-22,4001,4008,4004.5,3995.0,0.2
2003-11-23,4001,4008,4004.5,3995.0,0.24
2003-11-24,4001,4007,4004.0,3995.0,0.24
2003-11-25,4001,4007,4004.0,3995.0,0.23
2003-11-26,4000,4006,4003.0,3995.0,0.23
2003-11-27,3997,4003,4000.0,3995.0,0.2
2003-11-28,3995,4001,3998.0,3990.0,0.25
2003-11-29,3994,4000,3997.0,3990.0,0.2
2003-11-30,3998,4004,4001.0,3990.0,0.18
2003-12-01,3997,4003,4000.0,3990.0,-0.16
2003-12-02,3997,4003,4000.0,3990.0,0.25
2003-12-03,3996,4001,3998.5,3990.0,0.25
2003-12-04,3995,3999,3997.0,3990.0,0.21
2003-12-05,3996,4002,3999.0,3990.0,0.18
2003-12-06,3995,4002,3998.5,3990.0,0.23
2003-12-07,3995,4002,3998.5,3990.0,0.21
2003-12-08,3993,3999,3996.0,3990.0,0.21
2003-12-09,3991,3997,3994.0,3990.0,0.15
2003-12-10,3991,3997,3994.0,3990.0,0.1
2003-12-11,3991,3996,3993.5,3990.0,0.1
2003-12-12,3991,3996,3993.5,3990.0,0.09
2003-12-13,3991,3996,3993.5,3990.0,0.09
2003-12-14,3991,3996,3993.5,3990.0,0.09
2003-12-15,3991,3996,3993.5,3988.0,0.14
2003-12-16,3990,3995,3992.5,3988.0,0.14
2003-12-17,3992,3997,3994.5,3988.0,0.11
2003-12-18,3991,3996,3993.5,3988.0,0.16
2003-12-19,3990,3995,3992.5,3993.0,0.01
2003-12-20,3990,3995,3992.5,3993.0,-0.01
2003-12-21,3990,3995,3992.5,3993.0,-0.01
2003-12-22,3990,3995,3992.5,3988.0,0.11
2003-12-23,3990,3995,3992.5,3988.0,0.11
2003-12-24,3990,3995,3992.5,3988.0,0.11
2003-12-25,3990,3995,3992.5,3988.0,0.11
2003-12-26,3989,3994,3991.5,3988.0,0.11
2003-12-27,3987,3992,3989.5,3988.0,0.09
2003-12-28,3987,3992,3989.5,3988.0,0.04
2003-12-29,3985,3990,3987.5,3984.0,0.14
2003-12-30,3983,3987,3985.0,3984.0,0.09
2003-12-31,3981,3986,3983.5,3980.0,0.13
2004-01-01,3984,3990,3987.0,3980.0,0.54
2004-01-02,3984,3990,3987.0,3980.0,0.18
2004-01-03,3985,3993,3989.0,3980.0,0.18
2004-01-04,3985,3993,3989.0,3980.0,0.23
2004-01-05,3986,3993,3989.5,3980.0,0.23
2004-01-06,3987,3993,3990.0,3985.0,0.11
2004-01-07,3988,3993,3990.5,3985.0,0.13
2004-01-08,3987,3993,3990.0,3985.0,0.14
2004-01-09,3986,3992,3989.0,3985.0,0.13
2004-01-10,3985,3991,3988.0,3985.0,0.1
2004-01-11,3985,3991,3988.0,3985.0,0.08
2004-01-12,3985,3991,3988.0,3985.0,0.08
2004-01-13,3985,3991,3988.0,3985.0,0.08
2004-01-14,3985,3991,3988.0,3985.0,0.08
2004-01-15,3989,3994,3991.5,3985.0,0.08
2004-01-16,3989,3994,3991.5,3985.0,0.16
2004-01-17,3998,4003,4000.5,3985.0,0.16
2004-01-18,4001,4007,4004.0,3985.0,0.39
2004-01-19,4000,4005,4002.5,3990.0,0.35
2004-01-20,3996,4003,3999.5,3990.0,0.31
2004-01-21,3995,4002,3998.5,3990.0,0.24
2004-01-22,3995,4002,3998.5,3990.0,0.21
2004-01-23,3995,4002,3998.5,3990.0,0.21
2004-01-24,3995,4002,3998.5,3990.0,0.21
2004-01-25,3995,4002,3998.5,3990.0,0.21
2004-01-26,3995,4002,3998.5,3990.0,0.21
2004-01-27,3996,4003,3999.5,3990.0,0.21
2004-01-28,3997,4002,3999.5,3990.0,0.24
2004-01-29,3997,4001,3999.0,3990.0,0.24
2004-01-30,3999,4005,4002.0,3990.0,0.23
2004-01-31,3999,4004,4001.5,3990.0,0.3
2004-02-01,3999,4004,4001.5,3990.0,0.24
2004-02-02,3999,4004,4001.5,3990.0,0.29
2004-02-03,3998,4002,4000.0,3990.0,0.29
2004-02-04,3997,4002,3999.5,3990.0,0.25
2004-02-05,3997,4002,3999.5,3990.0,0.24
2004-02-06,3997,4002,3999.5,3990.0,0.24
2004-02-07,3997,4002,3999.5,3990.0,0.24
2004-02-08,3997,4002,3999.5,3990.0,0.24
2004-02-09,3997,4002,3999.5,3990.0,0.24
2004-02-10,3995,4001,3998.0,3990.0,0.24
2004-02-11,3992,3997,3994.5,3991.0,0.18
2004-02-12,3994,3998,3996.0,3991.0,0.09
2004-02-13,3994,3998,3996.0,3991.0,0.13
2004-02-14,3994,3999,3996.5,3991.0,0.13
2004-02-15,3994,3999,3996.5,3991.0,0.14
2004-02-16,3994,3999,3996.5,3991.0,0.14
2004-02-17,3994,3999,3996.5,3991.0,0.14
2004-02-18,3994,3999,3996.5,3991.0,0.14
2004-02-19,3994,3999,3996.5,3991.0,0.14
2004-02-20,3994,3999,3996.5,3991.0,0.14
2004-02-21,3992,3996,3994.0,3991.0,0.14
2004-02-22,3992,3996,3994.0,3991.0,0.08
2004-02-23,3994,3998,3996.0,3991.0,0.08
2004-02-24,3994,3999,3996.5,3991.0,0.13
2004-02-25,3997,4002,3999.5,3991.0,0.14
2004-02-26,3998,4002,4000.0,3996.0,0.09
2004-02-27,3997,4002,3999.5,3996.0,0.1
2004-02-28,3997,4002,3999.5,3996.0,0.09
2004-02-29,3997,4002,3999.5,3996.0,0.09
2004-03-01,3997,4002,3999.5,3996.0,-0.04
2004-03-02,3997,4002,3999.5,3996.0,0.09
2004-03-03,3998,4003,4000.5,3996.0,0.09
2004-03-04,3998,4003,4000.5,3996.0,0.11
2004-03-05,3997,4002,3999.5,3996.0,0.11
2004-03-06,3997,4002,3999.5,3996.0,0.09
2004-03-07,3997,4002,3999.5,3996.0,0.09
2004-03-08,3997,4002,3999.5,3996.0,0.09
2004-03-09,3997,4002,3999.5,3996.0,0.09
2004-03-10,3997,4002,3999.5,3996.0,0.09
2004-03-11,3997,4002,3999.5,3996.0,0.09
2004-03-12,3997,4002,3999.5,3996.0,0.09
2004-03-13,3997,4002,3999.5,3996.0,0.09
2004-03-14,3997,4002,3999.5,3996.0,0.09
2004-03-15,3997,4002,3999.5,3996.0,0.09
2004-03-16,3997,4002,3999.5,3996.0,0.09
2004-03-17,3996,4001,3998.5,3996.0,0.09
2004-03-18,3996,4001,3998.5,3996.0,0.06
2004-03-19,3995,4000,3997.5,3993.0,0.14
2004-03-20,3995,4000,3997.5,3993.0,0.11
2004-03-21,3995,4000,3997.5,3993.0,0.11
2004-03-22,3996,4001,3998.5,3993.0,0.11
2004-03-23,3996,4002,3999.0,3993.5,0.13
2004-03-24,3995,4001,3998.0,3993.0,0.15
2004-03-25,3995,4000,3997.5,3993.0,0.13
2004-03-26,3995,4000,3997.5,3993.0,0.11
2004-03-27,3995,4000,3997.5,3993.0,0.11
2004-03-28,3995,4000,3997.5,3993.0,0.11
2004-03-29,3994,3999,3996.5,3993.0,0.11
2004-03-30,3993,3998,3995.5,3991.0,0.14
2004-03-31,3992,3997,3994.5,3991.0,0.11
2004-04-01,3993,3998,3995.5,3992.0,0.63
2004-04-02,3995,3993,3994.0,3989.0,0.16
2004-04-03,3985,3993,3989.0,3989.0,0.13
2004-04-04,3985,3993,3989.0,3989.0,0.0
2004-04-05,3983,3990,3986.5,3986.0,0.08
2004-04-06,3984,3990,3987.0,3984.0,0.06
2004-04-07,3985,3991,3988.0,3984.0,0.08
2004-04-08,3986,3991,3988.5,3986.0,0.05
2004-04-09,3986,3991,3988.5,3986.0,0.06
2004-04-10,3985,3993,3989.0,3986.0,0.06
2004-04-11,3985,3993,3989.0,3986.0,0.08
2004-04-12,3985,3993,3989.0,3986.0,0.08
2004-04-13,3987,3995,3991.0,3986.0,0.08
2004-04-14,3987,3995,3991.0,3986.0,0.13
2004-04-15,3987,3995,3991.0,3986.0,0.13
2004-04-16,3987,3995,3991.0,3986.0,0.13
2004-04-17,3991,3998,3994.5,3986.0,0.13
2004-04-18,3991,3998,3994.5,3986.0,0.21
2004-04-19,3992,3998,3995.0,3994.0,0.01
2004-04-20,3994,4001,3997.5,3989.0,0.15
2004-04-21,3998,4006,4002.0,3994.0,0.09
2004-04-22,4005,4013,4009.0,3999.0,0.08
2004-04-23,4011,4017,4014.0,4004.0,0.12
2004-04-24,4012,4018,4015.0,4004.0,0.25
2004-04-25,4012,4018,4015.0,4004.0,0.27
2004-04-26,4010,4016,4013.0,4004.0,0.27
2004-04-27,4007,4012,4009.5,4004.0,0.22
2004-04-28,4006,4012,4009.0,4004.0,0.14
2004-04-29,4008,4013,4010.5,4002.0,0.17
2004-04-30,4014,4020,4017.0,4002.0,0.21
2004-05-01,4013,4020,4016.5,4002.0,1.02
2004-05-02,4013,4020,4016.5,4002.0,0.36
2004-05-03,4013,4020,4016.5,4002.0,0.36
2004-05-04,4013,4020,4016.5,4002.0,0.36
2004-05-05,4012,4018,4015.0,4002.0,0.36
2004-05-06,4012,4018,4015.0,4007.0,0.2
2004-05-07,4012,4018,4015.0,4007.0,0.2
2004-05-08,4012,4018,4015.0,4007.0,0.2
2004-05-09,4012,4018,4015.0,4007.0,0.2
2004-05-10,4013,4019,4016.0,4007.0,0.2
2004-05-11,4014,4020,4017.0,4009.0,0.17
2004-05-12,4014,4020,4017.0,4009.0,0.2
2004-05-13,4014,4020,4017.0,4009.0,0.2
2004-05-14,4017,4024,4020.5,4009.0,0.2
2004-05-15,4021,4028,4024.5,4009.0,0.29
2004-05-16,4021,4028,4024.5,4009.0,0.39
2004-05-17,4020,4027,4023.5,4009.0,0.39
2004-05-18,4023,4030,4026.5,4009.0,0.36
2004-05-19,4026,4032,4029.0,4014.0,0.31
2004-05-20,4031,4037,4034.0,4014.0,0.37
2004-05-21,4044,4051,4047.5,4024.0,0.25
2004-05-22,4043,4052,4047.5,4024.0,0.58
2004-05-23,4030,4040,4035.0,4024.0,0.58
2004-05-24,4033,4041,4037.0,4024.0,0.27
2004-05-25,4039,4047,4043.0,4029.0,0.2
2004-05-26,4040,4049,4044.5,4029.0,0.35
2004-05-27,4043,4051,4047.0,4029.0,0.38
2004-05-28,4045,4051,4048.0,4029.0,0.45
2004-05-29,4041,4048,4044.5,4029.0,0.47
2004-05-30,4041,4048,4044.5,4029.0,0.38
2004-05-31,4040,4046,4043.0,4029.0,0.38
2004-06-01,4039,4045,4042.0,4029.0,0.1
2004-06-02,4039,4045,4042.0,4029.0,0.32
2004-06-03,4030,4036,4033.0,4029.0,0.32
2004-06-04,4015,4023,4019.0,4019.0,0.35
2004-06-05,4015,4023,4019.0,4019.0,0.0
2004-06-06,4020,4028,4024.0,4019.0,0.0
2004-06-07,4025,4032,4028.5,4019.0,0.12
2004-06-08,4025,4033,4029.0,4019.0,0.24
2004-06-09,4025,4033,4029.0,4019.0,0.25
2004-06-10,4025,4033,4029.0,4019.0,0.25
2004-06-11,4025,4033,4029.0,4019.0,0.25
2004-06-12,4023,4028,4025.5,4019.0,0.25
2004-06-13,4023,4028,4025.5,4019.0,0.16
2004-06-14,4024,4030,4027.0,4019.0,0.16
2004-06-15,4027,4034,4030.5,4019.0,0.2
2004-06-16,4026,4033,4029.5,4019.0,0.29
2004-06-17,4028,4035,4031.5,4019.0,0.26
2004-06-18,4030,4036,4033.0,4019.0,0.31
2004-06-19,4030,4036,4033.0,4019.0,0.35
2004-06-20,4033,4040,4036.5,4019.0,0.35
2004-06-21,4037,4044,4040.5,4024.0,0.31
2004-06-22,4040,4047,4043.5,4024.0,0.41
2004-06-23,4041,4047,4044.0,4024.0,0.48
2004-06-24,4037,4044,4040.5,4024.0,0.5
2004-06-25,4040,4047,4043.5,4024.0,0.41
2004-06-26,4025,4033,4029.0,4024.0,0.48
2004-06-27,4025,4033,4029.0,4024.0,0.12
2004-06-28,4028,4035,4031.5,4024.0,0.12
2004-06-29,4032,4038,4035.0,4024.0,0.19
2004-06-30,4030,4036,4033.0,4024.0,0.27
2004-07-01,4030,4036,4033.0,4024.0,0.58
2004-07-02,4027,4035,4031.0,4024.0,0.22
2004-07-03,4031,4037,4034.0,4024.0,0.17
2004-07-04,4031,4037,4034.0,4024.0,0.25
2004-07-05,4031,4037,4034.0,4024.0,0.25
2004-07-06,4031,4037,4034.0,4024.0,0.25
2004-07-07,4031,4038,4034.5,4024.0,0.25
2004-07-08,4033,4040,4036.5,4024.0,0.26
2004-07-09,4033,4040,4036.5,4024.0,0.31
2004-07-10,4031,4038,4034.5,4024.0,0.31
2004-07-11,4031,4038,4034.5,4024.0,0.26
2004-07-12,4029,4035,4032.0,4024.0,0.26
2004-07-13,4031,4037,4034.0,4024.0,0.2
2004-07-14,4035,4042,4038.5,4024.0,0.25
2004-07-15,4032,4038,4035.0,4024.0,0.36
2004-07-16,4032,4038,4035.0,4024.0,0.27
2004-07-17,4032,4038,4035.0,4024.0,0.27
2004-07-18,4032,4038,4035.0,4024.0,0.27
2004-07-19,4032,4038,4035.0,4024.0,0.27
2004-07-20,4032,4038,4035.0,4024.0,0.27
2004-07-21,4033,4039,4036.0,4024.0,0.27
2004-07-22,4036,4042,4039.0,4024.0,0.3
2004-07-23,4035,4042,4038.5,4024.0,0.37
2004-07-24,4035,4042,4038.5,4024.0,0.36
2004-07-25,4035,4042,4038.5,4024.0,0.36
2004-07-26,4039,4046,4042.5,4024.0,0.36
2004-07-27,4043,4051,4047.0,4029.0,0.34
2004-07-28,4041,4048,4044.5,4029.0,0.45
2004-07-29,4041,4048,4044.5,4029.0,0.38
2004-07-30,4041,4048,4044.5,4029.0,0.38
2004-07-31,4044,4051,4047.5,4029.0,0.38
2004-08-01,4044,4051,4047.5,4029.0,1.04
2004-08-02,4044,4051,4047.5,4029.0,0.46
2004-08-03,4045,4052,4048.5,4029.0,0.46
2004-08-04,4050,4056,4053.0,4034.0,0.36
2004-08-05,4056,4064,4060.0,4034.0,0.47
2004-08-06,4062,4070,4066.0,4039.0,0.52
2004-08-07,4051,4058,4054.5,4039.0,0.67
2004-08-08,4051,4058,4054.5,4039.0,0.38
2004-08-09,4050,4057,4053.5,4039.0,0.38
2004-08-10,4053,4060,4056.5,4039.0,0.36
2004-08-11,4055,4062,4058.5,4039.0,0.43
2004-08-12,4052,4059,4055.5,4039.0,0.48
2004-08-13,4056,4063,4059.5,4039.0,0.41
2004-08-14,4060,4068,4064.0,4039.0,0.51
2004-08-15,4060,4068,4064.0,4039.0,0.62
2004-08-16,4063,4070,4066.5,4044.0,0.49
2004-08-17,4065,4073,4069.0,4044.0,0.56
2004-08-18,4067,4070,4068.5,4044.0,0.62
2004-08-19,4071,4079,4075.0,4049.0,0.48
2004-08-20,4069,4077,4073.0,4049.0,0.64
2004-08-21,4070,4077,4073.5,4049.0,0.59
2004-08-22,4070,4077,4073.5,4049.0,0.61
2004-08-23,4070,4077,4073.5,4049.0,0.61
2004-08-24,4073,4080,4076.5,4054.0,0.48
2004-08-25,4077,4084,4080.5,4054.0,0.56
2004-08-26,4076,4083,4079.5,4054.0,0.65
2004-08-27,4075,4081,4078.0,4054.0,0.63
2004-08-28,4070,4077,4073.5,4054.0,0.59
2004-08-29,4070,4077,4073.5,4054.0,0.48
2004-08-30,4070,4077,4073.5,4054.0,0.48
2004-08-31,4067,4075,4071.0,4054.0,0.48
2004-09-01,4059,4066,4062.5,4049.0,1.06
2004-09-02,4052,4060,4056.0,4044.0,0.46
2004-09-03,4052,4060,4056.0,4044.0,0.3
2004-09-04,4056,4063,4059.5,4044.0,0.3
2004-09-05,4056,4063,4059.5,4044.0,0.38
2004-09-06,4066,4073,4069.5,4044.0,0.38
2004-09-07,4069,4075,4072.0,4044.0,0.63
2004-09-08,4062,4068,4065.0,4044.0,0.69
2004-09-09,4065,4072,4068.5,4044.0,0.52
2004-09-10,4066,4073,4069.5,4044.0,0.61
2004-09-11,4066,4073,4069.5,4044.0,0.63
2004-09-12,4066,4073,4069.5,4044.0,0.63
2004-09-13,4065,4071,4068.0,4044.0,0.63
2004-09-14,4065,4071,4068.0,4044.0,0.59
2004-09-15,4066,4073,4069.5,4044.0,0.59
2004-09-16,4068,4075,4071.5,4049.0,0.51
2004-09-17,4073,4080,4076.5,4049.0,0.56
2004-09-18,4075,4082,4078.5,4049.0,0.68
2004-09-19,4075,4082,4078.5,4049.0,0.73
2004-09-20,4076,4082,4079.0,4049.0,0.73
2004-09-21,4083,4090,4086.5,4049.0,0.74
2004-09-22,4085,4091,4088.0,4049.0,0.93
2004-09-23,4087,4092,4089.5,4049.0,0.96
2004-09-24,4095,4113,4104.0,4049.0,1.0
2004-09-25,4095,4113,4104.0,4049.0,1.36
2004-09-26,4095,4113,4104.0,4049.0,1.36
2004-09-27,4087,4094,4090.5,4049.0,1.36
2004-09-28,4088,4095,4091.5,4049.0,1.02
2004-09-29,4090,4095,4092.5,4054.0,0.93
2004-09-30,4089,4095,4092.0,4054.0,0.95
2004-10-01,4090,4097,4093.5,4054.0,-0.12
2004-10-02,4089,4095,4092.0,4054.0,0.97
2004-10-03,4089,4095,4092.0,4054.0,0.94
2004-10-04,4087,4093,4090.0,4054.0,0.94
2004-10-05,4090,4096,4093.0,4054.0,0.89
2004-10-06,4090,4096,4093.0,4054.0,0.96
2004-10-07,4086,4092,4089.0,4054.0,0.96
2004-10-08,4073,4080,4076.5,4054.0,0.86
2004-10-09,4060,4068,4064.0,4054.0,0.56
2004-10-10,4060,4068,4064.0,4054.0,0.25
2004-10-11,4070,4079,4074.5,4054.0,0.25
2004-10-12,4070,4085,4077.5,4054.0,0.51
2004-10-13,4070,4085,4077.5,4054.0,0.58
2004-10-14,4080,4087,4083.5,4054.0,0.58
2004-10-15,4074,4081,4077.5,4054.0,0.73
2004-10-16,4075,4083,4079.0,4054.0,0.58
2004-10-17,4075,4083,4079.0,4054.0,0.62
2004-10-18,4075,4083,4079.0,4054.0,0.62
2004-10-19,4075,4083,4079.0,4054.0,0.62
2004-10-20,4073,4080,4076.5,4054.0,0.62
2004-10-21,4074,4081,4077.5,4054.0,0.56
2004-10-22,4076,4083,4079.5,4054.0,0.58
2004-10-23,4075,4081,4078.0,4054.0,0.63
2004-10-24,4075,4081,4078.0,4054.0,0.59
2004-10-25,4075,4081,4078.0,4054.0,0.59
2004-10-26,4075,4081,4078.0,4054.0,0.59
2004-10-27,4071,4076,4073.5,4054.0,0.59
2004-10-28,4068,4073,4070.5,4054.0,0.48
2004-10-29,4051,4058,4054.5,4054.0,0.41
2004-10-30,4051,4058,4054.5,4054.0,0.01
2004-10-31,4045,4053,4049.0,4054.0,0.01
2004-11-01,4055,4063,4059.0,4054.0,-0.53
2004-11-02,4055,4063,4059.0,4054.0,0.12
2004-11-03,4055,4063,4059.0,4054.0,0.12
2004-11-04,4055,4063,4059.0,4054.0,0.12
2004-11-05,4055,4061,4058.0,4054.0,0.12
2004-11-06,4038,4045,4041.5,4054.0,0.1
2004-11-07,4038,4045,4041.5,4054.0,-0.31
2004-11-08,4038,4045,4041.5,4039.0,0.06
2004-11-09,4038,4044,4041.0,4039.0,0.06
2004-11-10,4037,4043,4040.0,4039.0,0.05
2004-11-11,4036,4042,4039.0,4034.0,0.15
2004-11-12,4027,4033,4030.0,4029.0,0.25
2004-11-13,4016,4023,4019.5,4029.0,0.02
2004-11-14,4016,4023,4019.5,4029.0,-0.24
2004-11-15,4016,4023,4019.5,4019.0,0.01
2004-11-16,4018,4024,4021.0,4019.0,0.01
2004-11-17,4022,4028,4025.0,4019.0,0.05
2004-11-18,4022,4028,4025.0,4024.0,0.02
2004-11-19,4022,4028,4025.0,4024.0,0.02
2004-11-20,4020,4025,4022.5,4024.0,0.02
2004-11-21,4020,4025,4022.5,4024.0,-0.04
2004-11-22,4020,4025,4022.5,4024.0,-0.04
2004-11-23,4020,4025,4022.5,4021.0,0.04
2004-11-24,4028,4033,4030.5,4021.0,0.04
2004-11-25,4030,4035,4032.5,4021.0,0.24
2004-11-26,4030,4035,4032.5,4021.0,0.29
2004-11-27,4030,4035,4032.5,4021.0,0.29
2004-11-28,4030,4035,4032.5,4021.0,0.29
2004-11-29,4030,4035,4032.5,4021.0,0.29
2004-11-30,4030,4035,4032.5,4021.0,0.29
2004-12-01,4029,4034,4031.5,4021.0,0.42
2004-12-02,4028,4034,4031.0,4021.0,0.26
2004-12-03,4031,4037,4034.0,4026.0,0.12
2004-12-04,4032,4038,4035.0,4026.0,0.2
2004-12-05,4032,4038,4035.0,4026.0,0.22
2004-12-06,4031,4037,4034.0,4031.0,0.1
2004-12-07,4030,4037,4033.5,4031.0,0.07
2004-12-08,4030,4035,4032.5,4031.0,0.06
2004-12-09,4028,4033,4030.5,4031.0,0.04
2004-12-10,4028,4033,4030.5,4031.0,-0.01
2004-12-11,4028,4033,4030.5,4031.0,-0.01
2004-12-12,4028,4033,4030.5,4031.0,-0.01
2004-12-13,4028,4033,4030.5,4031.0,-0.01
2004-12-14,4028,4033,4030.5,4031.0,-0.01
2004-12-15,4029,4032,4030.5,4031.0,-0.01
2004-12-16,4031,4037,4034.0,4031.0,-0.01
2004-12-17,4031,4037,4034.0,4034.0,0.0
2004-12-18,4031,4037,4034.0,4034.0,0.0
2004-12-19,4031,4037,4034.0,4034.0,0.0
2004-12-20,4031,4037,4034.0,4034.0,0.0
2004-12-21,4031,4037,4034.0,4034.0,0.0
2004-12-22,4031,4037,4034.0,4031.0,0.07
2004-12-23,4030,4036,4033.0,4031.0,0.07
2004-12-24,4032,4037,4034.5,4031.0,0.05
2004-12-25,4032,4038,4035.0,4031.0,0.09
2004-12-26,4032,4038,4035.0,4031.0,0.1
2004-12-27,4031,4037,4034.0,4034.0,0.02
2004-12-28,4031,4037,4034.0,4031.0,0.07
2004-12-29,4033,4039,4036.0,4031.0,0.07
2004-12-30,4034,4040,4037.0,4031.0,0.12
2004-12-31,4035,4041,4038.0,4031.0,0.15
2005-01-01,4042,4048,4045.0,4031.0,0.17
2005-01-02,4042,4048,4045.0,4031.0,0.35
2005-01-03,4042,4048,4045.0,4031.0,0.35
2005-01-04,4043,4049,4046.0,4036.0,0.22
2005-01-05,4042,4048,4045.0,4036.0,0.25
2005-01-06,4042,4048,4045.0,4036.0,0.22
2005-01-07,4042,4048,4045.0,4036.0,0.22
2005-01-08,4042,4048,4045.0,4036.0,0.22
2005-01-09,4042,4048,4045.0,4036.0,0.22
2005-01-10,4041,4047,4044.0,4036.0,0.22
2005-01-11,4041,4046,4043.5,4034.0,0.25
2005-01-12,4036,4042,4039.0,4034.0,0.24
2005-01-13,4036,4042,4039.0,4034.0,0.12
2005-01-14,4036,4042,4039.0,4034.0,0.12
2005-01-15,4035,4041,4038.0,4034.0,0.12
2005-01-16,4035,4041,4038.0,4034.0,0.1
2005-01-17,4035,4041,4038.0,4031.0,0.17
2005-01-18,4035,4041,4038.0,4031.0,0.17
2005-01-19,4035,4041,4038.0,4031.0,0.17
2005-01-20,4035,4041,4038.0,4034.0,0.1
2005-01-21,4035,4041,4038.0,4034.0,0.1
2005-01-22,4035,4041,4038.0,4034.0,0.1
2005-01-23,4035,4041,4038.0,4034.0,0.1
2005-01-24,4035,4041,4038.0,4034.0,0.1
2005-01-25,4035,4041,4038.0,4034.0,0.1
2005-01-26,4035,4041,4038.0,4034.0,0.1
2005-01-27,4035,4041,4038.0,4034.0,0.1
2005-01-28,4035,4041,4038.0,4034.0,0.1
2005-01-29,4035,4041,4038.0,4034.0,0.1
2005-01-30,4035,4041,4038.0,4034.0,0.1
2005-01-31,4035,4041,4038.0,4034.0,0.1
2005-02-01,4035,4041,4038.0,4034.0,0.04
2005-02-02,4035,4041,4038.0,4034.0,0.1
2005-02-03,4035,4041,4038.0,4034.0,0.1
2005-02-04,4035,4041,4038.0,4034.0,0.1
2005-02-05,4035,4041,4038.0,4034.0,0.1
2005-02-06,4035,4041,4038.0,4034.0,0.1
2005-02-07,4035,4041,4038.0,4034.0,0.1
2005-02-08,4035,4041,4038.0,4034.0,0.1
2005-02-09,4035,4041,4038.0,4034.0,0.1
2005-02-10,4035,4041,4038.0,4034.0,0.1
2005-02-11,4035,4041,4038.0,4034.0,0.1
2005-02-12,4035,4041,4038.0,4034.0,0.1
2005-02-13,4035,4041,4038.0,4034.0,0.1
2005-02-14,4035,4041,4038.0,4034.0,0.1
2005-02-15,4035,4041,4038.0,4034.0,0.1
2005-02-16,4035,4041,4038.0,4034.0,0.1
2005-02-17,4035,4041,4038.0,4034.0,0.1
2005-02-18,4035,4041,4038.0,4034.0,0.1
2005-02-19,4033,4040,4036.5,4034.0,0.1
2005-02-20,4033,4040,4036.5,4034.0,0.06
2005-02-21,4033,4040,4036.5,4034.0,0.06
2005-02-22,4033,4040,4036.5,4034.0,0.06
2005-02-23,4033,4040,4036.5,4034.0,0.06
2005-02-24,4033,4040,4036.5,4031.0,0.14
2005-02-25,4033,4040,4036.5,4031.0,0.14
2005-02-26,4032,4039,4035.5,4031.0,0.14
2005-02-27,4032,4039,4035.5,4031.0,0.11
2005-02-28,4032,4039,4035.5,4031.0,0.11
2005-03-01,4032,4039,4035.5,4031.0,0.16
2005-03-02,4032,4039,4035.5,4031.0,0.11
2005-03-03,4031,4038,4034.5,4031.0,0.11
2005-03-04,4030,4036,4033.0,4031.0,0.09
2005-03-05,4023,4029,4026.0,4031.0,0.05
2005-03-06,4023,4029,4026.0,4031.0,-0.12
2005-03-07,4023,4028,4025.5,4031.0,-0.12
2005-03-08,4023,4028,4025.5,4031.0,-0.14
2005-03-09,4023,4028,4025.5,4031.0,-0.14
2005-03-10,4023,4028,4025.5,4031.0,-0.14
2005-03-11,4023,4028,4025.5,4031.0,-0.14
2005-03-12,4021,4026,4023.5,4031.0,-0.14
2005-03-13,4021,4026,4023.5,4031.0,-0.19
2005-03-14,4021,4026,4023.5,4021.0,0.06
2005-03-15,4020,4025,4022.5,4021.0,0.06
2005-03-16,4020,4025,4022.5,4021.0,0.04
2005-03-17,4021,4025,4023.0,4021.0,0.04
2005-03-18,4022,4026,4024.0,4021.0,0.05
2005-03-19,4023,4028,4025.5,4021.0,0.07
2005-03-20,4023,4028,4025.5,4021.0,0.11
2005-03-21,4023,4028,4025.5,4021.0,0.11
2005-03-22,4023,4030,4026.5,4021.0,0.11
2005-03-23,4029,4035,4032.0,4021.0,0.14
2005-03-24,4032,4038,4035.0,4021.0,0.27
2005-03-25,4037,4043,4040.0,4026.0,0.22
2005-03-26,4038,4044,4041.0,4026.0,0.35
2005-03-27,4038,4044,4041.0,4026.0,0.37
2005-03-28,4035,4042,4038.5,4031.0,0.25
2005-03-29,4034,4041,4037.5,4031.0,0.19
2005-03-30,4034,4040,4037.0,4031.0,0.16
2005-03-31,4034,4041,4037.5,4031.0,0.15
2005-04-01,4034,4041,4037.5,4031.0,0.72
2005-04-02,4030,4036,4033.0,4031.0,0.16
2005-04-03,4030,4036,4033.0,4031.0,0.05
2005-04-04,4028,4034,4031.0,4029.0,0.1
2005-04-05,4027,4034,4030.5,4026.0,0.12
2005-04-06,4027,4034,4030.5,4026.0,0.11
2005-04-07,4027,4033,4030.0,4026.0,0.11
2005-04-08,4026,4031,4028.5,4026.0,0.1
2005-04-09,4025,4030,4027.5,4026.0,0.06
2005-04-10,4025,4030,4027.5,4026.0,0.04
2005-04-11,4025,4030,4027.5,4026.0,0.04
2005-04-12,4025,4030,4027.5,4026.0,0.04
2005-04-13,4025,4030,4027.5,4026.0,0.04
2005-04-14,4020,4032,4026.0,4026.0,0.04
2005-04-15,4020,4032,4026.0,4026.0,0.0
2005-04-16,4020,4032,4026.0,4026.0,0.0
2005-04-17,4020,4032,4026.0,4026.0,0.0
2005-04-18,4020,4032,4026.0,4026.0,0.0
2005-04-19,4029,4035,4032.0,4026.0,0.0
2005-04-20,4030,4036,4033.0,4026.0,0.15
2005-04-21,4040,4047,4043.5,4026.0,0.17
2005-04-22,4044,4050,4047.0,4026.0,0.43
2005-04-23,4046,4053,4049.5,4026.0,0.52
2005-04-24,4046,4053,4049.5,4026.0,0.58
2005-04-25,4046,4053,4049.5,4026.0,0.58
2005-04-26,4051,4059,4055.0,4031.0,0.46
2005-04-27,4060,4066,4063.0,4041.0,0.35
2005-04-28,4056,4063,4059.5,4046.0,0.42
2005-04-29,4055,4062,4058.5,4046.0,0.33
2005-04-30,4055,4065,4060.0,4046.0,0.31
2005-05-01,4055,4065,4060.0,4046.0,1.35
2005-05-02,4055,4065,4060.0,4046.0,0.35
2005-05-03,4055,4065,4060.0,4051.0,0.22
2005-05-04,4055,4065,4060.0,4051.0,0.22
2005-05-05,4055,4065,4060.0,4051.0,0.22
2005-05-06,4059,4066,4062.5,4051.0,0.22
2005-05-07,4060,4068,4064.0,4051.0,0.28
2005-05-08,4060,4068,4064.0,4051.0,0.32
2005-05-09,4062,4069,4065.5,4051.0,0.32
2005-05-10,4066,4072,4069.0,4051.0,0.36
2005-05-11,4067,4073,4070.0,4051.0,0.44
2005-05-12,4067,4073,4070.0,4051.0,0.47
2005-05-13,4069,4076,4072.5,4051.0,0.47
2005-05-14,4069,4076,4072.5,4051.0,0.53
2005-05-15,4069,4076,4072.5,4051.0,0.53
2005-05-16,4069,4076,4072.5,4051.0,0.53
2005-05-17,4076,4084,4080.0,4051.0,0.53
2005-05-18,4080,4089,4084.5,4056.0,0.59
2005-05-19,4080,4089,4084.5,4056.0,0.7
2005-05-20,4093,4100,4096.5,4066.0,0.45
2005-05-21,4093,4100,4096.5,4066.0,0.75
2005-05-22,4093,4099,4096.0,4066.0,0.75
2005-05-23,4093,4098,4095.5,4066.0,0.74
2005-05-24,4093,4098,4095.5,4066.0,0.73
2005-05-25,4093,4100,4096.5,4066.0,0.73
2005-05-26,4095,4104,4099.5,4066.0,0.75
2005-05-27,4102,4110,4106.0,4066.0,0.82
2005-05-28,4104,4110,4107.0,4066.0,0.98
2005-05-29,4096,4104,4100.0,4066.0,1.01
2005-05-30,4095,4103,4099.0,4071.0,0.71
2005-05-31,4096,4105,4100.5,4071.0,0.69
2005-06-01,4099,4109,4104.0,4071.0,1.61
2005-06-02,4103,4115,4109.0,4071.0,0.81
2005-06-03,4105,4116,4110.5,4076.0,0.81
2005-06-04,4105,4116,4110.5,4076.0,0.85
2005-06-05,4105,4116,4110.5,4076.0,0.85
2005-06-06,4107,4116,4111.5,4081.0,0.72
2005-06-07,4108,4116,4112.0,4081.0,0.75
2005-06-08,4110,4117,4113.5,4081.0,0.76
2005-06-09,4113,4119,4116.0,4086.0,0.67
2005-06-10,4115,4121,4118.0,4091.0,0.61
2005-06-11,4106,4112,4109.0,4091.0,0.66
2005-06-12,4106,4112,4109.0,4091.0,0.44
2005-06-13,4107,4114,4110.5,4091.0,0.44
2005-06-14,4108,4115,4111.5,4091.0,0.48
2005-06-15,4110,4117,4113.5,4091.0,0.5
2005-06-16,4111,4117,4114.0,4091.0,0.55
2005-06-17,4111,4117,4114.0,4091.0,0.56
2005-06-18,4111,4117,4114.0,4091.0,0.56
2005-06-19,4111,4117,4114.0,4091.0,0.56
2005-06-20,4111,4117,4114.0,4091.0,0.56
2005-06-21,4115,4123,4119.0,4091.0,0.56
2005-06-22,4115,4124,4119.5,4091.0,0.68
2005-06-23,4117,4125,4121.0,4096.0,0.57
2005-06-24,4120,4129,4124.5,4096.0,0.61
2005-06-25,4125,4130,4127.5,4096.0,0.7
2005-06-26,4125,4130,4127.5,4096.0,0.77
2005-06-27,4124,4130,4127.0,4101.0,0.65
2005-06-28,4129,4134,4131.5,4101.0,0.63
2005-06-29,4130,4137,4133.5,4106.0,0.62
2005-06-30,4133,4140,4136.5,4106.0,0.67
2005-07-01,4135,4142,4138.5,4111.0,2.52
2005-07-02,4142,4148,4145.0,4111.0,0.67
2005-07-03,4140,4145,4142.5,4111.0,0.83
2005-07-04,4139,4145,4142.0,4111.0,0.77
2005-07-05,4143,4149,4146.0,4116.0,0.63
2005-07-06,4145,4150,4147.5,4116.0,0.73
2005-07-07,4145,4150,4147.5,4116.0,0.77
2005-07-08,4145,4151,4148.0,4116.0,0.77
2005-07-09,4141,4147,4144.0,4116.0,0.78
2005-07-10,4141,4147,4144.0,4116.0,0.68
2005-07-11,4141,4147,4144.0,4116.0,0.68
2005-07-12,4144,4151,4147.5,4116.0,0.68
2005-07-13,4150,4157,4153.5,4116.0,0.77
2005-07-14,4150,4157,4153.5,4121.0,0.79
2005-07-15,4156,4164,4160.0,4121.0,0.79
2005-07-16,4160,4168,4164.0,4121.0,0.95
2005-07-17,4160,4168,4164.0,4121.0,1.04
2005-07-18,4165,4172,4168.5,4126.0,0.92
2005-07-19,4171,4180,4175.5,4126.0,1.03
2005-07-20,4171,4180,4175.5,4136.0,0.96
2005-07-21,4189,4197,4193.0,4156.0,0.47
2005-07-22,4189,4198,4193.5,4156.0,0.89
2005-07-23,4192,4200,4196.0,4156.0,0.9
2005-07-24,4192,4200,4196.0,4156.0,0.96
2005-07-25,4198,4208,4203.0,4156.0,0.96
2005-07-26,4212,4224,4218.0,4166.0,0.89
2005-07-27,4228,4239,4233.5,4166.0,1.25
2005-07-28,4244,4261,4252.5,4181.0,1.26
2005-07-29,4265,4286,4275.5,4201.0,1.23
2005-07-30,4230,4256,4243.0,4201.0,1.77
2005-07-31,4205,4224,4214.5,4201.0,1.0
2005-08-01,4207,4223,4215.0,4191.0,0.51
2005-08-02,4208,4222,4215.0,4191.0,0.57
2005-08-03,4211,4225,4218.0,4191.0,0.57
2005-08-04,4205,4218,4211.5,4191.0,0.64
2005-08-05,4188,4200,4194.0,4186.0,0.61
2005-08-06,4120,4138,4129.0,4186.0,0.19
2005-08-07,4080,4109,4094.5,4186.0,-1.36
2005-08-08,4100,4123,4111.5,4091.0,0.09
2005-08-09,4116,4136,4126.0,4091.0,0.5
2005-08-10,4131,4151,4141.0,4096.0,0.73
2005-08-11,4140,4151,4145.5,4096.0,1.1
2005-08-12,4130,4141,4135.5,4096.0,1.21
2005-08-13,4134,4149,4141.5,4096.0,0.96
2005-08-14,4134,4149,4141.5,4096.0,1.11
2005-08-15,4135,4146,4140.5,4096.0,1.11
2005-08-16,4139,4146,4142.5,4096.0,1.09
2005-08-17,4144,4153,4148.5,4096.0,1.14
2005-08-18,4149,4159,4154.0,4096.0,1.28
2005-08-19,4145,4155,4150.0,4096.0,1.42
2005-08-20,4162,4175,4168.5,4096.0,1.32
2005-08-21,4162,4175,4168.5,4096.0,1.77
2005-08-22,4173,4185,4179.0,4106.0,1.52
2005-08-23,4183,4193,4188.0,4116.0,1.53
2005-08-24,4190,4202,4196.0,4116.0,1.75
2005-08-25,4193,4203,4198.0,4116.0,1.94
2005-08-26,4192,4203,4197.5,4116.0,1.99
2005-08-27,4192,4203,4197.5,4116.0,1.98
2005-08-28,4192,4203,4197.5,4116.0,1.98
2005-08-29,4200,4211,4205.5,4116.0,1.98
2005-08-30,4207,4217,4212.0,4116.0,2.17
2005-08-31,4208,4217,4212.5,4116.0,2.33
2005-09-01,4208,4217,4212.5,4116.0,2.1
2005-09-02,4197,4206,4201.5,4116.0,2.34
2005-09-03,4197,4206,4201.5,4116.0,2.08
2005-09-04,4197,4206,4201.5,4116.0,2.08
2005-09-05,4192,4202,4197.0,4116.0,2.08
2005-09-06,4193,4203,4198.0,4155.0,1.01
2005-09-07,4193,4203,4198.0,4160.0,0.91
2005-09-08,4198,4205,4201.5,4160.0,0.91
2005-09-09,4193,4202,4197.5,4160.0,1.0
2005-09-10,4188,4199,4193.5,4160.0,0.9
2005-09-11,4188,4199,4193.5,4160.0,0.81
2005-09-12,4188,4199,4193.5,4160.0,0.81
2005-09-13,4188,4199,4193.5,4160.0,0.81
2005-09-14,4188,4199,4193.5,4160.0,0.81
2005-09-15,4188,4199,4193.5,4160.0,0.81
2005-09-16,4193,4205,4199.0,4160.0,0.81
2005-09-17,4188,4202,4195.0,4160.0,0.94
2005-09-18,4188,4202,4195.0,4160.0,0.84
2005-09-19,4188,4202,4195.0,4160.0,0.84
2005-09-20,4197,4206,4201.5,4160.0,0.84
2005-09-21,4200,4208,4204.0,4160.0,1.0
2005-09-22,4202,4211,4206.5,4160.0,1.06
2005-09-23,4208,4216,4212.0,4165.0,1.0
2005-09-24,4203,4212,4207.5,4165.0,1.13
2005-09-25,4203,4212,4207.5,4165.0,1.02
2005-09-26,4203,4212,4207.5,4165.0,1.02
2005-09-27,4207,4218,4212.5,4165.0,1.02
2005-09-28,4206,4216,4211.0,4175.0,0.9
2005-09-29,4203,4212,4207.5,4175.0,0.86
2005-09-30,4198,4207,4202.5,4175.0,0.78
2005-10-01,4190,4202,4196.0,4175.0,0.78
2005-10-02,4190,4202,4196.0,4175.0,0.5
2005-10-03,4190,4202,4196.0,4175.0,0.5
2005-10-04,4190,4202,4196.0,4175.0,0.5
2005-10-05,4195,4205,4200.0,4175.0,0.5
2005-10-06,4191,4202,4196.5,4175.0,0.6
2005-10-07,4188,4200,4194.0,4175.0,0.51
2005-10-08,4188,4200,4194.0,4175.0,0.46
2005-10-09,4188,4200,4194.0,4175.0,0.46
2005-10-10,4191,4204,4197.5,4175.0,0.46
2005-10-11,4199,4209,4204.0,4175.0,0.54
2005-10-12,4201,4210,4205.5,4175.0,0.69
2005-10-13,4206,4216,4211.0,4175.0,0.73
2005-10-14,4208,4217,4212.5,4180.0,0.74
2005-10-15,4208,4217,4212.5,4180.0,0.78
2005-10-16,4208,4217,4212.5,4180.0,0.78
2005-10-17,4211,4221,4216.0,4180.0,0.78
2005-10-18,4217,4228,4222.5,4180.0,0.86
2005-10-19,4216,4224,4220.0,4190.0,0.78
2005-10-20,4216,4222,4219.0,4190.0,0.72
2005-10-21,4216,4222,4219.0,4190.0,0.69
2005-10-22,4215,4222,4218.5,4190.0,0.69
2005-10-23,4215,4222,4218.5,4190.0,0.68
2005-10-24,4216,4222,4219.0,4190.0,0.68
2005-10-25,4216,4222,4219.0,4190.0,0.69
2005-10-26,4216,4222,4219.0,4190.0,0.69
2005-10-27,4217,4222,4219.5,4190.0,0.69
2005-10-28,4216,4225,4220.5,4190.0,0.7
2005-10-29,4202,4213,4207.5,4190.0,0.73
2005-10-30,4202,4213,4207.5,4190.0,0.42
2005-10-31,4202,4213,4207.5,4190.0,0.42
2005-11-01,4202,4213,4207.5,4190.0,-0.2
2005-11-02,4202,4213,4207.5,4185.0,0.54
2005-11-03,4197,4205,4201.0,4185.0,0.54
2005-11-04,4177,4187,4182.0,4175.0,0.62
2005-11-05,4171,4178,4174.5,4175.0,0.17
2005-11-06,4171,4178,4174.5,4175.0,-0.01
2005-11-07,4171,4178,4174.5,4170.0,0.11
2005-11-08,4153,4162,4157.5,4155.0,0.47
2005-11-09,4153,4165,4159.0,4155.0,0.06
2005-11-10,4162,4173,4167.5,4155.0,0.1
2005-11-11,4174,4181,4177.5,4155.0,0.3
2005-11-12,4174,4181,4177.5,4155.0,0.54
2005-11-13,4174,4181,4177.5,4155.0,0.54
2005-11-14,4175,4181,4178.0,4160.0,0.42
2005-11-15,4170,4183,4176.5,4160.0,0.43
2005-11-16,4170,4183,4176.5,4160.0,0.4
2005-11-17,4170,4183,4176.5,4160.0,0.4
2005-11-18,4170,4183,4176.5,4160.0,0.4
2005-11-19,4170,4183,4176.5,4160.0,0.4
2005-11-20,4170,4183,4176.5,4160.0,0.4
2005-11-21,4170,4183,4176.5,4165.0,0.28
2005-11-22,4170,4183,4176.5,4165.0,0.28
2005-11-23,4170,4183,4176.5,4165.0,0.28
2005-11-24,4176,4186,4181.0,4165.0,0.28
2005-11-25,4178,4187,4182.5,4170.0,0.26
2005-11-26,4178,4187,4182.5,4170.0,0.3
2005-11-27,4178,4187,4182.5,4170.0,0.3
2005-11-28,4176,4184,4180.0,4170.0,0.3
2005-11-29,4176,4183,4179.5,4170.0,0.24
2005-11-30,4178,4185,4181.5,4170.0,0.23
2005-12-01,4174,4182,4178.0,4170.0,-1.2
2005-12-02,4163,4171,4167.0,4165.0,0.31
2005-12-03,4135,4145,4140.0,4165.0,0.05
2005-12-04,4135,4145,4140.0,4165.0,-0.6
2005-12-05,4138,4149,4143.5,4135.0,0.12
2005-12-06,4148,4159,4153.5,4135.0,0.21
2005-12-07,4146,4157,4151.5,4140.0,0.33
2005-12-08,4141,4151,4146.0,4140.0,0.28
2005-12-09,4133,4144,4138.5,4135.0,0.27
2005-12-10,4113,4122,4117.5,4135.0,0.08
2005-12-11,4113,4122,4117.5,4135.0,-0.42
2005-12-12,4113,4122,4117.5,4135.0,-0.42
2005-12-13,4112,4121,4116.5,4115.0,0.06
2005-12-14,4111,4118,4114.5,4113.0,0.09
2005-12-15,4111,4118,4114.5,4111.0,0.09
2005-12-16,4117,4124,4120.5,4111.0,0.09
2005-12-17,4115,4122,4118.5,4111.0,0.23
2005-12-18,4115,4122,4118.5,4111.0,0.18
2005-12-19,4115,4122,4118.5,4113.0,0.13
2005-12-20,4115,4122,4118.5,4116.0,0.06
2005-12-21,4115,4122,4118.5,4116.0,0.06
2005-12-22,4115,4122,4118.5,4116.0,0.06
2005-12-23,4118,4125,4121.5,4116.0,0.06
2005-12-24,4116,4123,4119.5,4116.0,0.13
2005-12-25,4116,4123,4119.5,4116.0,0.09
2005-12-26,4116,4123,4119.5,4116.0,0.09
2005-12-27,4118,4125,4121.5,4116.0,0.09
2005-12-28,4117,4123,4120.0,4116.0,0.13
2005-12-29,4116,4122,4119.0,4116.0,0.1
2005-12-30,4116,4122,4119.0,4116.0,0.07
2005-12-31,4117,4123,4120.0,4116.0,0.07
2006-01-01,4117,4123,4120.0,4116.0,-0.33
2006-01-02,4117,4123,4120.0,4116.0,0.1
2006-01-03,4117,4123,4120.0,4116.0,0.1
2006-01-04,4116,4122,4119.0,4116.0,0.1
2006-01-05,4114,4119,4116.5,4114.0,0.12
2006-01-06,4110,4116,4113.0,4112.0,0.11
2006-01-07,4097,4107,4102.0,4112.0,0.02
2006-01-08,4097,4107,4102.0,4112.0,-0.24
2006-01-09,4097,4107,4102.0,4112.0,-0.24
2006-01-10,4094,4103,4098.5,4100.0,0.05
2006-01-11,4091,4098,4094.5,4094.0,0.11
2006-01-12,4090,4096,4093.0,4089.0,0.13
2006-01-13,4079,4088,4083.5,4084.0,0.22
2006-01-14,4061,4070,4065.5,4084.0,-0.01
2006-01-15,4061,4070,4065.5,4084.0,-0.45
2006-01-16,4063,4072,4067.5,4064.0,0.04
2006-01-17,4062,4071,4066.5,4064.0,0.09
2006-01-18,4064,4073,4068.5,4064.0,0.06
2006-01-19,4072,4082,4077.0,4066.0,0.06
2006-01-20,4072,4082,4077.0,4066.0,0.27
2006-01-21,4072,4082,4077.0,4066.0,0.27
2006-01-22,4072,4082,4077.0,4066.0,0.27
2006-01-23,4097,4106,4101.5,4071.0,0.15
2006-01-24,4106,4116,4111.0,4071.0,0.75
2006-01-25,4129,4146,4137.5,4076.0,0.86
2006-01-26,4127,4140,4133.5,4081.0,1.38
2006-01-27,4103,4117,4110.0,4081.0,1.29
2006-01-28,4092,4113,4102.5,4081.0,0.71
2006-01-29,4092,4113,4102.5,4081.0,0.53
2006-01-30,4092,4113,4102.5,4081.0,0.53
2006-01-31,4092,4113,4102.5,4081.0,0.53
2006-02-01,4092,4113,4102.5,4081.0,0.31
2006-02-02,4094,4114,4104.0,4081.0,0.53
2006-02-03,4106,4118,4112.0,4081.0,0.56
2006-02-04,4095,4110,4102.5,4081.0,0.76
2006-02-05,4095,4110,4102.5,4081.0,0.53
2006-02-06,4094,4106,4100.0,4081.0,0.53
2006-02-07,4083,4095,4089.0,4081.0,0.47
2006-02-08,4074,4085,4079.5,4076.0,0.32
2006-02-09,4074,4083,4078.5,4073.0,0.16
2006-02-10,4078,4086,4082.0,4073.0,0.14
2006-02-11,4073,4082,4077.5,4073.0,0.22
2006-02-12,4073,4082,4077.5,4073.0,0.11
2006-02-13,4073,4082,4077.5,4073.0,0.11
2006-02-14,4072,4082,4077.0,4073.0,0.11
2006-02-15,4075,4084,4079.5,4075.0,0.05
2006-02-16,4076,4085,4080.5,4075.0,0.11
2006-02-17,4074,4083,4078.5,4075.0,0.13
2006-02-18,4078,4088,4083.0,4075.0,0.09
2006-02-19,4078,4088,4083.0,4075.0,0.2
2006-02-20,4082,4091,4086.5,4078.0,0.12
2006-02-21,4088,4099,4093.5,4081.0,0.13
2006-02-22,4096,4108,4102.0,4084.0,0.23
2006-02-23,4098,4111,4104.5,4084.0,0.44
2006-02-24,4094,4104,4099.0,4086.0,0.45
2006-02-25,4083,4094,4088.5,4086.0,0.32
2006-02-26,4083,4094,4088.5,4086.0,0.06
2006-02-27,4085,4097,4091.0,4083.0,0.13
2006-02-28,4088,4099,4093.5,4083.0,0.2
2006-03-01,4090,4100,4095.0,4083.0,0.5
2006-03-02,4090,4100,4095.0,4083.0,0.29
2006-03-03,4090,4100,4095.0,4083.0,0.29
2006-03-04,4090,4100,4095.0,4083.0,0.29
2006-03-05,4090,4100,4095.0,4083.0,0.29
2006-03-06,4089,4099,4094.0,4083.0,0.29
2006-03-07,4088,4098,4093.0,4083.0,0.27
2006-03-08,4088,4098,4093.0,4083.0,0.24
2006-03-09,4085,4095,4090.0,4086.0,0.17
2006-03-10,4084,4094,4089.0,4083.0,0.17
2006-03-11,4084,4094,4089.0,4083.0,0.15
2006-03-12,4084,4094,4089.0,4083.0,0.15
2006-03-13,4087,4096,4091.5,4083.0,0.15
2006-03-14,4090,4098,4094.0,4088.0,0.09
2006-03-15,4092,4100,4096.0,4088.0,0.15
2006-03-16,4093,4102,4097.5,4091.0,0.12
2006-03-17,4093,4102,4097.5,4091.0,0.16
2006-03-18,4089,4099,4094.0,4091.0,0.16
2006-03-19,4089,4099,4094.0,4091.0,0.07
2006-03-20,4092,4101,4096.5,4094.0,0.0
2006-03-21,4096,4105,4100.5,4094.0,0.06
2006-03-22,4097,4106,4101.5,4094.0,0.16
2006-03-23,4097,4106,4101.5,4094.0,0.18
2006-03-24,4097,4106,4101.5,4094.0,0.18
2006-03-25,4097,4106,4101.5,4094.0,0.18
2006-03-26,4097,4106,4101.5,4094.0,0.18
2006-03-27,4094,4104,4099.0,4094.0,0.18
2006-03-28,4095,4105,4100.0,4094.0,0.12
2006-03-29,4100,4109,4104.5,4099.0,0.02
2006-03-30,4098,4109,4103.5,4099.0,0.13
2006-03-31,4098,4109,4103.5,4099.0,0.11
2006-04-01,4092,4103,4097.5,4099.0,0.27
2006-04-02,4092,4103,4097.5,4099.0,-0.04
2006-04-03,4091,4103,4097.0,4095.0,0.06
2006-04-04,4091,4101,4096.0,4094.0,0.07
2006-04-05,4091,4101,4096.0,4094.0,0.05
2006-04-06,4088,4096,4092.0,4090.0,0.15
2006-04-07,4085,4094,4089.5,4088.0,0.1
2006-04-08,4082,4091,4086.5,4088.0,0.04
2006-04-09,4082,4091,4086.5,4088.0,-0.04
2006-04-10,4078,4086,4082.0,4083.0,0.09
2006-04-11,4071,4080,4075.5,4076.0,0.15
2006-04-12,4068,4078,4073.0,4069.0,0.16
2006-04-13,4074,4086,4080.0,4069.0,0.1
2006-04-14,4060,4075,4067.5,4069.0,0.27
2006-04-15,4060,4075,4067.5,4069.0,-0.04
2006-04-16,4060,4075,4067.5,4069.0,-0.04
2006-04-17,4060,4075,4067.5,4069.0,-0.04
2006-04-18,4076,4089,4082.5,4069.0,-0.04
2006-04-19,4071,4082,4076.5,4074.0,0.21
2006-04-20,4080,4091,4085.5,4074.0,0.06
2006-04-21,4090,4100,4095.0,4079.0,0.16
2006-04-22,4102,4112,4107.0,4079.0,0.39
2006-04-23,4108,4120,4114.0,4079.0,0.69
2006-04-24,4108,4120,4114.0,4086.0,0.69
2006-04-25,4113,4125,4119.0,4091.0,0.56
2006-04-26,4113,4123,4118.0,4096.0,0.56
2006-04-27,4108,4117,4112.5,4096.0,0.54
2006-04-28,4105,4115,4110.0,4096.0,0.4
2006-04-29,4105,4115,4110.0,4096.0,0.34
2006-04-30,4105,4115,4110.0,4096.0,0.34
2006-05-01,4106,4116,4111.0,4096.0,0.51
2006-05-02,4106,4116,4111.0,4096.0,0.37
2006-05-03,4105,4115,4110.0,4096.0,0.37
2006-05-04,4104,4116,4110.0,4101.0,0.22
2006-05-05,4102,4112,4107.0,4101.0,0.22
2006-05-06,4098,4109,4103.5,4101.0,0.15
2006-05-07,4098,4109,4103.5,4101.0,0.06
2006-05-08,4098,4108,4103.0,4101.0,0.06
2006-05-09,4101,4109,4105.0,4099.0,0.1
2006-05-10,4108,4117,4112.5,4099.0,0.15
2006-05-11,4104,4113,4108.5,4104.0,0.21
2006-05-12,4108,4119,4113.5,4104.0,0.11
2006-05-13,4108,4119,4113.5,4104.0,0.23
2006-05-14,4108,4119,4113.5,4104.0,0.23
2006-05-15,4108,4119,4113.5,4104.0,0.23
2006-05-16,4108,4119,4113.5,4104.0,0.23
2006-05-17,4108,4119,4113.5,4104.0,0.23
2006-05-18,4110,4120,4115.0,4104.0,0.23
2006-05-19,4109,4117,4113.0,4106.0,0.22
2006-05-20,4113,4122,4117.5,4106.0,0.17
2006-05-21,4113,4122,4117.5,4106.0,0.28
2006-05-22,4116,4125,4120.5,4109.0,0.21
2006-05-23,4117,4127,4122.0,4109.0,0.28
2006-05-24,4114,4123,4118.5,4109.0,0.32
2006-05-25,4114,4123,4118.5,4109.0,0.23
2006-05-26,4114,4123,4118.5,4109.0,0.23
2006-05-27,4113,4120,4116.5,4109.0,0.23
2006-05-28,4113,4120,4116.5,4109.0,0.18
2006-05-29,4110,4118,4114.0,4109.0,0.18
2006-05-30,4109,4118,4113.5,4104.0,0.24
2006-05-31,4113,4121,4117.0,4106.0,0.18
2006-06-01,4114,4122,4118.0,4106.0,0.39
2006-06-02,4114,4122,4118.0,4109.0,0.22
2006-06-03,4114,4122,4118.0,4109.0,0.22
2006-06-04,4114,4122,4118.0,4109.0,0.22
2006-06-05,4113,4122,4117.5,4109.0,0.22
2006-06-06,4111,4121,4116.0,4109.0,0.21
2006-06-07,4113,4123,4118.0,4109.0,0.17
2006-06-08,4111,4121,4116.0,4109.0,0.22
2006-06-09,4111,4121,4116.0,4109.0,0.17
2006-06-10,4111,4121,4116.0,4109.0,0.17
2006-06-11,4111,4120,4115.5,4109.0,0.17
2006-06-12,4111,4120,4115.5,4109.0,0.16
2006-06-13,4113,4121,4117.0,4109.0,0.16
2006-06-14,4114,4122,4118.0,4109.0,0.19
2006-06-15,4115,4125,4120.0,4109.0,0.22
2006-06-16,4115,4124,4119.5,4109.0,0.27
2006-06-17,4115,4124,4119.5,4109.0,0.26
2006-06-18,4119,4127,4123.0,4109.0,0.26
2006-06-19,4119,4127,4123.0,4109.0,0.34
2006-06-20,4119,4127,4123.0,4112.0,0.27
2006-06-21,4118,4125,4121.5,4112.0,0.27
2006-06-22,4118,4125,4121.5,4112.0,0.23
2006-06-23,4118,4125,4121.5,4112.0,0.23
2006-06-24,4118,4125,4121.5,4112.0,0.23
2006-06-25,4118,4125,4121.5,4112.0,0.23
2006-06-26,4118,4125,4121.5,4112.0,0.23
2006-06-27,4118,4125,4121.5,4112.0,0.23
2006-06-28,4120,4128,4124.0,4114.0,0.18
2006-06-29,4118,4126,4122.0,4114.0,0.24
2006-06-30,4118,4126,4122.0,4114.0,0.19
2006-07-01,4116,4125,4120.5,4114.0,0.56
2006-07-02,4116,4125,4120.5,4114.0,0.16
2006-07-03,4116,4125,4120.5,4114.0,0.16
2006-07-04,4116,4125,4120.5,4114.0,0.16
2006-07-05,4116,4125,4120.5,4114.0,0.16
2006-07-06,4114,4124,4119.0,4109.0,0.28
2006-07-07,4114,4124,4119.0,4109.0,0.24
2006-07-08,4114,4124,4119.0,4109.0,0.24
2006-07-09,4114,4124,4119.0,4109.0,0.24
2006-07-10,4113,4122,4117.5,4109.0,0.24
2006-07-11,4115,4123,4119.0,4109.0,0.21
2006-07-12,4115,4124,4119.5,4112.0,0.17
2006-07-13,4118,4127,4122.5,4112.0,0.18
2006-07-14,4118,4127,4122.5,4115.0,0.18
2006-07-15,4118,4127,4122.5,4115.0,0.18
2006-07-16,4118,4127,4122.5,4115.0,0.18
2006-07-17,4122,4131,4126.5,4115.0,0.18
2006-07-18,4123,4133,4128.0,4115.0,0.28
2006-07-19,4128,4136,4132.0,4115.0,0.32
2006-07-20,4129,4138,4133.5,4115.0,0.41
2006-07-21,4129,4138,4133.5,4115.0,0.45
2006-07-22,4129,4138,4133.5,4115.0,0.45
2006-07-23,4129,4138,4133.5,4115.0,0.45
2006-07-24,4129,4138,4133.5,4115.0,0.45
2006-07-25,4129,4138,4133.5,4115.0,0.45
2006-07-26,4133,4143,4138.0,4115.0,0.45
2006-07-27,4134,4144,4139.0,4118.0,0.49
2006-07-28,4133,4142,4137.5,4118.0,0.51
2006-07-29,4134,4144,4139.0,4118.0,0.47
2006-07-30,4133,4142,4137.5,4118.0,0.51
2006-07-31,4133,4141,4137.0,4118.0,0.47
2006-08-01,4133,4141,4137.0,4118.0,1.38
2006-08-02,4133,4140,4136.5,4118.0,0.46
2006-08-03,4133,4140,4136.5,4118.0,0.45
2006-08-04,4133,4140,4136.5,4118.0,0.45
2006-08-05,4133,4140,4136.5,4118.0,0.45
2006-08-06,4133,4140,4136.5,4118.0,0.45
2006-08-07,4130,4140,4135.0,4118.0,0.45
2006-08-08,4130,4140,4135.0,4118.0,0.41
2006-08-09,4128,4137,4132.5,4118.0,0.41
2006-08-10,4128,4136,4132.0,4118.0,0.35
2006-08-11,4128,4136,4132.0,4118.0,0.34
2006-08-12,4128,4136,4132.0,4118.0,0.34
2006-08-13,4128,4136,4132.0,4118.0,0.34
2006-08-14,4130,4139,4134.5,4118.0,0.34
2006-08-15,4131,4140,4135.5,4118.0,0.4
2006-08-16,4135,4144,4139.5,4118.0,0.42
2006-08-17,4140,4150,4145.0,4118.0,0.52
2006-08-18,4142,4151,4146.5,4123.0,0.53
2006-08-19,4140,4150,4145.0,4123.0,0.57
2006-08-20,4142,4151,4146.5,4123.0,0.53
2006-08-21,4144,4154,4149.0,4123.0,0.57
2006-08-22,4147,4156,4151.5,4123.0,0.63
2006-08-23,4151,4160,4155.5,4128.0,0.57
2006-08-24,4155,4167,4161.0,4128.0,0.67
2006-08-25,4159,4172,4165.5,4133.0,0.68
2006-08-26,4160,4173,4166.5,4133.0,0.79
2006-08-27,4160,4173,4166.5,4133.0,0.81
2006-08-28,4170,4180,4175.0,4133.0,0.81
2006-08-29,4179,4190,4184.5,4138.0,0.89
2006-08-30,4175,4185,4180.0,4148.0,0.88
2006-08-31,4170,4180,4175.0,4148.0,0.77
2006-09-01,4175,4185,4180.0,4148.0,1.05
2006-09-02,4171,4182,4176.5,4148.0,0.77
2006-09-03,4171,4182,4176.5,4148.0,0.69
2006-09-04,4174,4183,4178.5,4148.0,0.69
2006-09-05,4173,4182,4177.5,4148.0,0.74
2006-09-06,4173,4182,4177.5,4148.0,0.71
2006-09-07,4171,4180,4175.5,4148.0,0.71
2006-09-08,4170,4180,4175.0,4148.0,0.66
2006-09-09,4165,4174,4169.5,4148.0,0.65
2006-09-10,4165,4174,4169.5,4148.0,0.52
2006-09-11,4165,4174,4169.5,4148.0,0.52
2006-09-12,4165,4175,4170.0,4148.0,0.52
2006-09-13,4168,4178,4173.0,4148.0,0.53
2006-09-14,4167,4177,4172.0,4148.0,0.6
2006-09-15,4172,4182,4177.0,4148.0,0.58
2006-09-16,4161,4173,4167.0,4148.0,0.7
2006-09-17,4161,4173,4167.0,4148.0,0.46
2006-09-18,4164,4175,4169.5,4148.0,0.46
2006-09-19,4165,4176,4170.5,4148.0,0.52
2006-09-20,4165,4176,4170.5,4148.0,0.54
2006-09-21,4165,4176,4170.5,4148.0,0.54
2006-09-22,4165,4176,4170.5,4148.0,0.54
2006-09-23,4165,4176,4170.5,4148.0,0.54
2006-09-24,4165,4176,4170.5,4148.0,0.54
2006-09-25,4169,4183,4176.0,4148.0,0.54
2006-09-26,4176,4188,4182.0,4148.0,0.68
2006-09-27,4186,4194,4190.0,4153.0,0.7
2006-09-28,4183,4192,4187.5,4158.0,0.77
2006-09-29,4184,4193,4188.5,4158.0,0.71
2006-09-30,4188,4195,4191.5,4158.0,0.73
2006-10-01,4188,4195,4191.5,4158.0,0.02
2006-10-02,4189,4197,4193.0,4158.0,0.81
2006-10-03,4191,4200,4195.5,4163.0,0.72
2006-10-04,4194,4203,4198.5,4168.0,0.66
2006-10-05,4193,4202,4197.5,4168.0,0.73
2006-10-06,4195,4203,4199.0,4168.0,0.71
2006-10-07,4187,4199,4193.0,4168.0,0.74
2006-10-08,4187,4199,4193.0,4168.0,0.6
2006-10-09,4186,4198,4192.0,4168.0,0.6
2006-10-10,4186,4195,4190.5,4168.0,0.58
2006-10-11,4183,4193,4188.0,4168.0,0.54
2006-10-12,4181,4192,4186.5,4168.0,0.48
2006-10-13,4181,4192,4186.5,4166.0,0.49
2006-10-14,4179,4190,4184.5,4166.0,0.49
2006-10-15,4179,4190,4184.5,4166.0,0.44
2006-10-16,4179,4190,4184.5,4166.0,0.44
2006-10-17,4183,4194,4188.5,4166.0,0.44
2006-10-18,4185,4195,4190.0,4166.0,0.54
2006-10-19,4184,4195,4189.5,4166.0,0.58
2006-10-20,4184,4195,4189.5,4166.0,0.56
2006-10-21,4183,4192,4187.5,4166.0,0.56
2006-10-22,4183,4192,4187.5,4166.0,0.52
2006-10-23,4183,4192,4187.5,4166.0,0.52
2006-10-24,4183,4192,4187.5,4166.0,0.52
2006-10-25,4176,4184,4180.0,4166.0,0.52
2006-10-26,4160,4169,4164.5,4164.0,0.38
2006-10-27,4152,4161,4156.5,4154.0,0.25
2006-10-28,4153,4165,4159.0,4154.0,0.06
2006-10-29,4153,4165,4159.0,4154.0,0.12
2006-10-30,4153,4165,4159.0,4154.0,0.12
2006-10-31,4153,4165,4159.0,4154.0,0.12
2006-11-01,4161,4170,4165.5,4154.0,-1.11
2006-11-02,4160,4169,4164.5,4154.0,0.28
2006-11-03,4155,4165,4160.0,4154.0,0.25
2006-11-04,4154,4166,4160.0,4154.0,0.14
2006-11-05,4154,4166,4160.0,4154.0,0.14
2006-11-06,4154,4166,4160.0,4154.0,0.14
2006-11-07,4154,4166,4160.0,4154.0,0.14
2006-11-08,4154,4164,4159.0,4154.0,0.14
2006-11-09,4152,4160,4156.0,4154.0,0.12
2006-11-10,4143,4151,4147.0,4144.0,0.29
2006-11-11,4133,4141,4137.0,4144.0,0.07
2006-11-12,4133,4141,4137.0,4144.0,-0.17
2006-11-13,4123,4134,4128.5,4132.5,0.11
2006-11-14,4107,4117,4112.0,4106.0,0.55
2006-11-15,4109,4120,4114.5,4101.0,0.27
2006-11-16,4113,4125,4119.0,4106.0,0.21
2006-11-17,4112,4122,4117.0,4111.0,0.19
2006-11-18,4113,4122,4117.5,4111.0,0.15
2006-11-19,4113,4122,4117.5,4111.0,0.16
2006-11-20,4113,4122,4117.5,4113.0,0.11
2006-11-21,4109,4118,4113.5,4111.0,0.16
2006-11-22,4108,4117,4112.5,4106.0,0.18
2006-11-23,4109,4119,4114.0,4106.0,0.16
2006-11-24,4110,4120,4115.0,4106.0,0.19
2006-11-25,4110,4120,4115.0,4106.0,0.22
2006-11-26,4110,4120,4115.0,4106.0,0.22
2006-11-27,4109,4118,4113.5,4106.0,0.22
2006-11-28,4104,4114,4109.0,4103.0,0.26
2006-11-29,4104,4115,4109.5,4103.0,0.15
2006-11-30,4103,4113,4108.0,4103.0,0.16
2006-12-01,4100,4109,4104.5,4096.0,-0.76
2006-12-02,4173,4082,4127.5,4096.0,0.21
2006-12-03,4173,4082,4127.5,4096.0,0.77
2006-12-04,4069,4079,4074.0,4071.0,1.39
2006-12-05,4068,4079,4073.5,4071.0,0.07
2006-12-06,4067,4077,4072.0,4066.0,0.18
2006-12-07,4064,4074,4069.0,4061.0,0.27
2006-12-08,4060,4071,4065.5,4051.0,0.44
2006-12-09,4040,4051,4045.5,4051.0,0.36
2006-12-10,4025,4036,4030.5,4051.0,-0.14
2006-12-11,4028,4034,4031.0,4051.0,-0.51
2006-12-12,4032,4043,4037.5,4036.0,-0.12
2006-12-13,4029,4040,4034.5,4031.0,0.16
2006-12-14,4030,4042,4036.0,4031.0,0.09
2006-12-15,4033,4045,4039.0,4031.0,0.12
2006-12-16,4033,4045,4039.0,4031.0,0.2
2006-12-17,4033,4045,4039.0,4031.0,0.2
2006-12-18,4036,4047,4041.5,4031.0,0.2
2006-12-19,4047,4059,4053.0,4036.0,0.14
2006-12-20,4058,4078,4068.0,4046.0,0.17
2006-12-21,4059,4075,4067.0,4056.0,0.3
2006-12-22,4067,4083,4075.0,4061.0,0.15
2006-12-23,4076,4089,4082.5,4061.0,0.34
2006-12-24,4076,4089,4082.5,4061.0,0.53
2006-12-25,4071,4084,4077.5,4061.0,0.53
2006-12-26,4064,4076,4070.0,4061.0,0.41
2006-12-27,4063,4075,4069.0,4061.0,0.22
2006-12-28,4063,4075,4069.0,4061.0,0.2
2006-12-29,4063,4074,4068.5,4061.0,0.2
2006-12-30,4058,4072,4065.0,4061.0,0.18
2006-12-31,4058,4072,4065.0,4061.0,0.1
2007-01-01,4058,4072,4065.0,4061.0,0.22
2007-01-02,4059,4072,4065.5,4058.0,0.17
2007-01-03,4063,4074,4068.5,4056.0,0.23
2007-01-04,4065,4075,4070.0,4056.0,0.31
2007-01-05,4065,4076,4070.5,4056.0,0.35
2007-01-06,4063,4073,4068.0,4056.0,0.36
2007-01-07,4063,4073,4068.0,4056.0,0.3
2007-01-08,4063,4073,4068.0,4056.0,0.3
2007-01-09,4066,4075,4070.5,4056.0,0.3
2007-01-10,4065,4076,4070.5,4056.0,0.36
2007-01-11,4063,4073,4068.0,4056.0,0.36
2007-01-12,4062,4071,4066.5,4056.0,0.3
2007-01-13,4062,4071,4066.5,4056.0,0.26
2007-01-14,4062,4071,4066.5,4056.0,0.26
2007-01-15,4060,4068,4064.0,4059.0,0.18
2007-01-16,4061,4069,4065.0,4059.0,0.12
2007-01-17,4059,4068,4063.5,4059.0,0.15
2007-01-18,4061,4070,4065.5,4059.0,0.11
2007-01-19,4062,4071,4066.5,4059.0,0.16
2007-01-20,4062,4071,4066.5,4059.0,0.18
2007-01-21,4062,4071,4066.5,4059.0,0.18
2007-01-22,4064,4073,4068.5,4061.0,0.14
2007-01-23,4065,4075,4070.0,4061.0,0.18
2007-01-24,4067,4078,4072.5,4064.0,0.15
2007-01-25,4066,4076,4071.0,4068.0,0.11
2007-01-26,4066,4076,4071.0,4068.0,0.07
2007-01-27,4066,4076,4071.0,4068.0,0.07
2007-01-28,4066,4076,4071.0,4068.0,0.07
2007-01-29,4066,4076,4071.0,4068.0,0.07
2007-01-30,4065,4075,4070.0,4068.0,0.07
2007-01-31,4065,4075,4070.0,4068.0,0.05
2007-02-01,4070,4078,4074.0,4071.0,-0.18
2007-02-02,4070,4078,4074.0,4071.0,0.07
2007-02-03,4070,4078,4074.0,4071.0,0.07
2007-02-04,4070,4078,4074.0,4071.0,0.07
2007-02-05,4069,4076,4072.5,4071.0,0.07
2007-02-06,4068,4076,4072.0,4069.0,0.09
2007-02-07,4067,4074,4070.5,4069.0,0.07
2007-02-08,4064,4072,4068.0,4064.0,0.16
2007-02-09,4063,4072,4067.5,4064.0,0.1
2007-02-10,4053,4063,4058.0,4064.0,0.09
2007-02-11,4053,4063,4058.0,4064.0,-0.15
2007-02-12,4053,4063,4058.0,4056.0,0.05
2007-02-13,4052,4061,4056.5,4056.0,0.05
2007-02-14,4052,4063,4057.5,4053.0,0.09
2007-02-15,4056,4066,4061.0,4053.0,0.11
2007-02-16,4061,4069,4065.0,4056.0,0.12
2007-02-17,4055,4066,4060.5,4056.0,0.22
2007-02-18,4055,4066,4060.5,4056.0,0.11
2007-02-19,4055,4066,4060.5,4056.0,0.11
2007-02-20,4055,4066,4060.5,4056.0,0.11
2007-02-21,4055,4066,4060.5,4056.0,0.11
2007-02-22,4058,4069,4063.5,4056.0,0.11
2007-02-23,4059,4070,4064.5,4059.0,0.11
2007-02-24,4059,4070,4064.5,4059.0,0.14
2007-02-25,4059,4070,4064.5,4059.0,0.14
2007-02-26,4059,4070,4064.5,4061.0,0.09
2007-02-27,4059,4069,4064.0,4061.0,0.09
2007-02-28,4059,4068,4063.5,4061.0,0.07
2007-03-01,4059,4068,4063.5,4061.0,0.0
2007-03-02,4059,4068,4063.5,4061.0,0.06
2007-03-03,4059,4068,4063.5,4061.0,0.06
2007-03-04,4059,4068,4063.5,4061.0,0.06
2007-03-05,4059,4068,4063.5,4061.0,0.06
2007-03-06,4059,4068,4063.5,4059.0,0.11
2007-03-07,4059,4068,4063.5,4059.0,0.11
2007-03-08,4057,4066,4061.5,4059.0,0.11
2007-03-09,4056,4065,4060.5,4056.0,0.14
2007-03-10,4053,4061,4057.0,4056.0,0.11
2007-03-11,4053,4061,4057.0,4056.0,0.02
2007-03-12,4051,4060,4055.5,4051.0,0.15
2007-03-13,4050,4059,4054.5,4051.0,0.11
2007-03-14,4053,4061,4057.0,4051.0,0.09
2007-03-15,4052,4061,4056.5,4051.0,0.15
2007-03-16,4052,4061,4056.5,4051.0,0.14
2007-03-17,4052,4061,4056.5,4051.0,0.14
2007-03-18,4052,4061,4056.5,4051.0,0.14
2007-03-19,4052,4060,4056.0,4051.0,0.14
2007-03-20,4050,4057,4053.5,4049.0,0.17
2007-03-21,4053,4060,4056.5,4051.0,0.06
2007-03-22,4055,4062,4058.5,4054.0,0.06
2007-03-23,4055,4062,4058.5,4054.0,0.11
2007-03-24,4057,4065,4061.0,4054.0,0.11
2007-03-25,4057,4065,4061.0,4054.0,0.17
2007-03-26,4057,4065,4061.0,4054.0,0.17
2007-03-27,4057,4065,4061.0,4059.0,0.05
2007-03-28,4057,4065,4061.0,4059.0,0.05
2007-03-29,4057,4065,4061.0,4059.0,0.05
2007-03-30,4057,4065,4061.0,4059.0,0.05
2007-03-31,4057,4065,4061.0,4059.0,0.05
2007-04-01,4057,4065,4061.0,4059.0,0.34
2007-04-02,4056,4065,4060.5,4059.0,0.05
2007-04-03,4054,4064,4059.0,4056.0,0.11
2007-04-04,4054,4064,4059.0,4056.0,0.07
2007-04-05,4054,4064,4059.0,4056.0,0.07
2007-04-06,4054,4064,4059.0,4056.0,0.07
2007-04-07,4055,4065,4060.0,4056.0,0.07
2007-04-08,4055,4065,4060.0,4056.0,0.1
2007-04-09,4055,4065,4060.0,4056.0,0.1
2007-04-10,4055,4065,4060.0,4056.0,0.1
2007-04-11,4054,4064,4059.0,4056.0,0.1
2007-04-12,4053,4061,4057.0,4054.0,0.12
2007-04-13,4053,4061,4057.0,4054.0,0.07
2007-04-14,4040,4050,4045.0,4054.0,0.07
2007-04-15,4040,4050,4045.0,4054.0,-0.22
2007-04-16,4040,4050,4045.0,4054.0,-0.22
2007-04-17,4053,4060,4056.5,4054.0,-0.22
2007-04-18,4053,4060,4056.5,4054.0,0.06
2007-04-19,4055,4064,4059.5,4054.0,0.06
2007-04-20,4056,4065,4060.5,4056.0,0.09
2007-04-21,4068,4075,4071.5,4056.0,0.11
2007-04-22,4068,4075,4071.5,4056.0,0.38
2007-04-23,4067,4075,4071.0,4058.0,0.33
2007-04-24,4067,4074,4070.5,4058.0,0.32
2007-04-25,4068,4076,4072.0,4061.0,0.23
2007-04-26,4068,4075,4071.5,4064.0,0.2
2007-04-27,4068,4075,4071.5,4064.0,0.18
2007-04-28,4069,4077,4073.0,4064.0,0.18
2007-04-29,4069,4077,4073.0,4064.0,0.22
2007-04-30,4069,4077,4073.0,4066.0,0.17
2007-05-01,4069,4079,4074.0,4066.0,0.71
2007-05-02,4069,4079,4074.0,4066.0,0.2
2007-05-03,4069,4079,4074.0,4066.0,0.2
2007-05-04,4069,4079,4074.0,4066.0,0.2
2007-05-05,4068,4075,4071.5,4066.0,0.2
2007-05-06,4068,4075,4071.5,4066.0,0.14
2007-05-07,4068,4075,4071.5,4066.0,0.14
2007-05-08,4068,4075,4071.5,4064.0,0.18
2007-05-09,4069,4076,4072.5,4064.0,0.18
2007-05-10,4069,4076,4072.5,4064.0,0.21
2007-05-11,4068,4075,4071.5,4064.0,0.21
2007-05-12,4076,4089,4082.5,4064.0,0.18
2007-05-13,4076,4089,4082.5,4064.0,0.46
2007-05-14,4076,4089,4082.5,4064.0,0.46
2007-05-15,4076,4089,4082.5,4064.0,0.46
2007-05-16,4076,4089,4082.5,4064.0,0.46
2007-05-17,4076,4087,4081.5,4064.0,0.46
2007-05-18,4070,4080,4075.0,4068.0,0.33
2007-05-19,4077,4087,4082.0,4068.0,0.17
2007-05-20,4077,4087,4082.0,4068.0,0.34
2007-05-21,4077,4087,4082.0,4068.0,0.34
2007-05-22,4076,4087,4081.5,4068.0,0.34
2007-05-23,4084,4093,4088.5,4071.0,0.26
2007-05-24,4084,4093,4088.5,4081.0,0.18
2007-05-25,4083,4091,4087.0,4081.0,0.18
2007-05-26,4084,4093,4088.5,4081.0,0.15
2007-05-27,4084,4093,4088.5,4081.0,0.18
2007-05-28,4084,4092,4088.0,4081.0,0.18
2007-05-29,4088,4097,4092.5,4078.0,0.25
2007-05-30,4089,4098,4093.5,4081.0,0.28
2007-05-31,4091,4099,4095.0,4081.0,0.31
2007-06-01,4097,4110,4103.5,4086.0,0.38
2007-06-02,4094,4105,4099.5,4086.0,0.43
2007-06-03,4097,4105,4101.0,4086.0,0.33
2007-06-04,4092,4101,4096.5,4086.0,0.37
2007-06-05,4089,4099,4094.0,4086.0,0.26
2007-06-06,4088,4096,4092.0,4081.0,0.32
2007-06-07,4085,4093,4089.0,4081.0,0.27
2007-06-08,4078,4089,4083.5,4076.0,0.32
2007-06-09,4073,4084,4078.5,4076.0,0.18
2007-06-10,4073,4084,4078.5,4076.0,0.06
2007-06-11,4073,4084,4078.5,4074.0,0.11
2007-06-12,4077,4088,4082.5,4074.0,0.11
2007-06-13,4082,4092,4087.0,4074.0,0.21
2007-06-14,4086,4095,4090.5,4081.0,0.15
2007-06-15,4091,4102,4096.5,4081.0,0.23
2007-06-16,4088,4098,4093.0,4081.0,0.38
2007-06-17,4088,4098,4093.0,4081.0,0.29
2007-06-18,4088,4098,4093.0,4081.0,0.29
2007-06-19,4091,4101,4096.0,4081.0,0.29
2007-06-20,4093,4103,4098.0,4086.0,0.24
2007-06-21,4093,4103,4098.0,4086.0,0.29
2007-06-22,4093,4103,4098.0,4086.0,0.29
2007-06-23,4093,4103,4098.0,4086.0,0.29
2007-06-24,4093,4103,4098.0,4086.0,0.29
2007-06-25,4093,4103,4098.0,4086.0,0.29
2007-06-26,4095,4104,4099.5,4086.0,0.29
2007-06-27,4095,4105,4100.0,4086.0,0.33
2007-06-28,4095,4105,4100.0,4086.0,0.34
2007-06-29,4095,4105,4100.0,4086.0,0.34
2007-06-30,4096,4107,4101.5,4086.0,0.34
2007-07-01,4096,4107,4101.5,4086.0,0.26
2007-07-02,4096,4107,4101.5,4086.0,0.38
2007-07-03,4095,4104,4099.5,4086.0,0.38
2007-07-04,4093,4102,4097.5,4086.0,0.33
2007-07-05,4093,4102,4097.5,4086.0,0.28
2007-07-06,4093,4102,4097.5,4086.0,0.28
2007-07-07,4088,4097,4092.5,4086.0,0.28
2007-07-08,4088,4097,4092.5,4086.0,0.16
2007-07-09,4088,4097,4092.5,4086.0,0.16
2007-07-10,4084,4096,4090.0,4081.0,0.28
2007-07-11,4084,4096,4090.0,4081.0,0.22
2007-07-12,4084,4095,4089.5,4081.0,0.22
2007-07-13,4085,4096,4090.5,4081.0,0.21
2007-07-14,4086,4097,4091.5,4081.0,0.23
2007-07-15,4086,4097,4091.5,4081.0,0.26
2007-07-16,4089,4099,4094.0,4081.0,0.26
2007-07-17,4092,4100,4096.0,4081.0,0.32
2007-07-18,4094,4102,4098.0,4081.0,0.37
2007-07-19,4090,4099,4094.5,4081.0,0.42
2007-07-20,4088,4097,4092.5,4081.0,0.33
2007-07-21,4089,4098,4093.5,4081.0,0.28
2007-07-22,4089,4098,4093.5,4081.0,0.31
2007-07-23,4090,4099,4094.5,4081.0,0.31
2007-07-24,4090,4100,4095.0,4081.0,0.33
2007-07-25,4090,4100,4095.0,4081.0,0.34
2007-07-26,4090,4101,4095.5,4081.0,0.34
2007-07-27,4090,4101,4095.5,4081.0,0.36
2007-07-28,4090,4098,4094.0,4081.0,0.36
2007-07-29,4090,4098,4094.0,4081.0,0.32
2007-07-30,4090,4098,4094.0,4081.0,0.32
2007-07-31,4092,4101,4096.5,4081.0,0.32
2007-08-01,4094,4101,4097.5,4081.0,0.18
2007-08-02,4093,4100,4096.5,4081.0,0.4
2007-08-03,4093,4100,4096.5,4081.0,0.38
2007-08-04,4093,4100,4096.5,4081.0,0.38
2007-08-05,4093,4100,4096.5,4081.0,0.38
2007-08-06,4092,4099,4095.5,4081.0,0.38
2007-08-07,4091,4099,4095.0,4081.0,0.36
2007-08-08,4091,4099,4095.0,4081.0,0.34
2007-08-09,4091,4099,4095.0,4081.0,0.34
2007-08-10,4091,4099,4095.0,4084.0,0.27
2007-08-11,4087,4095,4091.0,4084.0,0.27
2007-08-12,4087,4095,4091.0,4084.0,0.17
2007-08-13,4087,4095,4091.0,4084.0,0.17
2007-08-14,4087,4095,4091.0,4084.0,0.17
2007-08-15,4088,4096,4092.0,4084.0,0.17
2007-08-16,4089,4098,4093.5,4084.0,0.2
2007-08-17,4089,4098,4093.5,4084.0,0.23
2007-08-18,4089,4098,4093.5,4084.0,0.23
2007-08-19,4089,4098,4093.5,4084.0,0.23
2007-08-20,4089,4098,4093.5,4084.0,0.23
2007-08-21,4089,4098,4093.5,4084.0,0.23
2007-08-22,4089,4098,4093.5,4084.0,0.23
2007-08-23,4089,4098,4093.5,4084.0,0.23
2007-08-24,4089,4098,4093.5,4084.0,0.23
2007-08-25,4089,4098,4093.5,4084.0,0.23
2007-08-26,4089,4098,4093.5,4084.0,0.23
2007-08-27,4089,4098,4093.5,4084.0,0.23
2007-08-28,4087,4095,4091.0,4084.0,0.23
2007-08-29,4085,4093,4089.0,4084.0,0.17
2007-08-30,4084,4093,4088.5,4084.0,0.12
2007-08-31,4084,4093,4088.5,4084.0,0.11
2007-09-01,4088,4097,4092.5,4084.0,-0.05
2007-09-02,4088,4097,4092.5,4084.0,0.21
2007-09-03,4089,4097,4093.0,4084.0,0.21
2007-09-04,4088,4095,4091.5,4084.0,0.22
2007-09-05,4085,4094,4089.5,4084.0,0.18
2007-09-06,4085,4094,4089.5,4084.0,0.13
2007-09-07,4085,4095,4090.0,4084.0,0.13
2007-09-08,4081,4090,4085.5,4084.0,0.15
2007-09-09,4081,4090,4085.5,4084.0,0.04
2007-09-10,4081,4090,4085.5,4081.0,0.11
2007-09-11,4081,4090,4085.5,4081.0,0.11
2007-09-12,4082,4091,4086.5,4081.0,0.11
2007-09-13,4084,4092,4088.0,4081.0,0.13
2007-09-14,4084,4092,4088.0,4081.0,0.17
2007-09-15,4084,4092,4088.0,4081.0,0.17
2007-09-16,4084,4092,4088.0,4081.0,0.17
2007-09-17,4084,4092,4088.0,4081.0,0.17
2007-09-18,4084,4092,4088.0,4081.0,0.17
2007-09-19,4080,4090,4085.0,4081.0,0.17
2007-09-20,4080,4090,4085.0,4081.0,0.1
2007-09-21,4080,4090,4085.0,4081.0,0.1
2007-09-22,4080,4090,4085.0,4081.0,0.1
2007-09-23,4080,4090,4085.0,4081.0,0.1
2007-09-24,4080,4090,4085.0,4081.0,0.1
2007-09-25,4080,4090,4085.0,4081.0,0.1
2007-09-26,4080,4090,4085.0,4081.0,0.1
2007-09-27,4079,4087,4083.0,4081.5,0.09
2007-09-28,4079,4087,4083.0,4079.0,0.1
2007-09-29,4078,4086,4082.0,4079.0,0.1
2007-09-30,4078,4086,4082.0,4079.0,0.07
2007-10-01,4078,4086,4082.0,4079.0,-0.58
2007-10-02,4077,4085,4081.0,4079.0,0.07
2007-10-03,4077,4084,4080.5,4077.0,0.1
2007-10-04,4071,4079,4075.0,4073.0,0.18
2007-10-05,4071,4079,4075.0,4073.0,0.05
2007-10-06,4053,4064,4058.5,4073.0,0.05
2007-10-07,4053,4064,4058.5,4073.0,-0.36
2007-10-08,4052,4062,4057.0,4056.0,0.06
2007-10-09,4045,4059,4052.0,4051.0,0.15
2007-10-10,4057,4077,4067.0,4051.0,0.02
2007-10-11,4057,4077,4067.0,4051.0,0.39
2007-10-12,4057,4077,4067.0,4051.0,0.39
2007-10-13,4057,4077,4067.0,4051.0,0.39
2007-10-14,4057,4077,4067.0,4051.0,0.39
2007-10-15,4063,4079,4071.0,4051.0,0.39
2007-10-16,4065,4077,4071.0,4066.0,0.12
2007-10-17,4069,4078,4073.5,4066.0,0.12
2007-10-18,4069,4078,4073.5,4066.0,0.18
2007-10-19,4071,4079,4075.0,4070.0,0.09
2007-10-20,4072,4080,4076.0,4070.0,0.12
2007-10-21,4072,4080,4076.0,4070.0,0.15
2007-10-22,4072,4081,4076.5,4070.0,0.15
2007-10-23,4073,4082,4077.5,4074.0,0.06
2007-10-24,4073,4082,4077.5,4074.0,0.09
2007-10-25,4073,4082,4077.5,4074.0,0.09
2007-10-26,4073,4082,4077.5,4074.0,0.09
2007-10-27,4053,4061,4057.0,4074.0,0.09
2007-10-28,4053,4061,4057.0,4074.0,-0.42
2007-10-29,4053,4061,4057.0,4074.0,-0.42
2007-10-30,4052,4059,4055.5,4052.0,0.12
2007-11-01,4051,4057,4054.0,4049.0,-0.78
2007-11-02,4042,4050,4046.0,4044.0,0.25
2007-11-03,4037,4043,4040.0,4044.0,0.05
2007-11-04,4037,4043,4040.0,4044.0,-0.1
2007-11-05,4037,4043,4040.0,4036.0,0.1
2007-11-06,4037,4043,4040.0,4036.0,0.1
2007-11-07,4035,4041,4038.0,4036.0,0.1
2007-11-08,4032,4038,4035.0,4033.0,0.12
2007-11-09,4017,4025,4021.0,4033.0,0.05
2007-11-10,4017,4025,4021.0,4033.0,-0.3
2007-11-11,4017,4025,4021.0,4033.0,-0.3
2007-11-12,4015,4023,4019.0,4015.0,0.15
2007-11-13,4013,4021,4017.0,4015.0,0.1
2007-11-14,4013,4022,4017.5,4014.5,0.06
2007-11-15,4013,4021,4017.0,4014.0,0.09
2007-11-16,4013,4020,4016.5,4014.0,0.07
2007-11-17,4012,4018,4015.0,4014.0,0.06
2007-11-18,4012,4018,4015.0,4014.0,0.02
2007-11-19,4012,4018,4015.0,4011.0,0.1
2007-11-20,4012,4018,4015.0,4011.0,0.1
2007-11-21,4012,4018,4015.0,4011.0,0.1
2007-11-22,4012,4018,4015.0,4011.0,0.1
2007-11-23,4009,4015,4012.0,4011.0,0.1
2007-11-24,4009,4015,4012.0,4011.0,0.02
2007-11-25,4009,4015,4012.0,4011.0,0.02
2007-11-26,4009,4015,4012.0,4011.0,0.02
2007-11-27,4009,4015,4012.0,4006.0,0.15
2007-11-28,4010,4017,4013.5,4006.0,0.15
2007-11-29,4011,4019,4015.0,4006.0,0.19
2007-12-01,4010,4018,4014.0,4006.0,-0.05
2007-12-02,4010,4018,4014.0,4006.0,0.2
2007-12-03,4010,4018,4014.0,4011.0,0.07
2007-12-04,4010,4018,4014.0,4011.0,0.07
2007-12-05,4010,4018,4014.0,4011.0,0.07
2007-12-06,4010,4018,4014.0,4011.0,0.07
2007-12-07,4008,4016,4012.0,4009.0,0.12
2007-12-08,3999,4007,4003.0,4009.0,0.07
2007-12-09,3999,4007,4003.0,4009.0,-0.15
2007-12-10,3999,4007,4003.0,4009.0,-0.15
2007-12-11,3999,4007,4003.0,4000.0,0.08
2007-12-12,3999,4007,4003.0,4000.0,0.08
2007-12-13,3999,4006,4002.5,3998.0,0.13
2007-12-14,3997,4004,4000.5,3998.0,0.11
2007-12-15,3997,4003,4000.0,3998.0,0.06
2007-12-16,3997,4003,4000.0,3998.0,0.05
2007-12-17,3996,4002,3999.0,3998.0,0.05
2007-12-18,3996,4003,3999.5,3996.0,0.08
2007-12-19,3997,4004,4000.5,3996.0,0.09
2007-12-20,3997,4005,4001.0,3999.0,0.04
2007-12-21,3998,4005,4001.5,3999.0,0.05
2007-12-22,3998,4005,4001.5,3999.0,0.06
2007-12-23,3998,4005,4001.5,3999.0,0.06
2007-12-24,3998,4005,4001.5,3999.0,0.06
2007-12-25,3998,4005,4001.5,3999.0,0.06
2007-12-26,3998,4005,4001.5,3999.0,0.06
2007-12-27,4002,4010,4006.0,3999.0,0.06
2007-12-28,4003,4012,4007.5,4003.0,0.07
2007-12-29,4000,4008,4004.0,4003.0,0.11
2007-12-30,4000,4008,4004.0,4003.0,0.02
2007-12-31,4000,4008,4004.0,4003.0,0.02
2008-01-01,3999,4006,4002.5,4003.0,-0.05
2008-01-02,3997,4005,4001.0,3996.0,0.16
2008-01-03,3995,4003,3999.0,3996.0,0.13
2008-01-04,3993,4000,3996.5,3991.0,0.2
2008-01-05,3995,4003,3999.0,3991.0,0.14
2008-01-06,3995,4003,3999.0,3991.0,0.2
2008-01-07,3995,4003,3999.0,3991.0,0.2
2008-01-08,3995,4003,3999.0,3996.0,0.08
2008-01-09,3995,4003,3999.0,3996.0,0.08
2008-01-10,3995,4003,3999.0,3996.0,0.08
2008-01-11,3995,4003,3999.0,3996.0,0.08
2008-01-12,3995,4003,3999.0,3996.0,0.08
2008-01-13,3995,4003,3999.0,3996.0,0.08
2008-01-14,3995,4003,3999.0,3996.0,0.08
2008-01-15,3995,4003,3999.0,3996.0,0.08
2008-01-16,3993,4002,3997.5,3995.0,0.1
2008-01-17,3994,4002,3998.0,3995.0,0.06
2008-01-18,3994,4004,3999.0,3998.0,0.0
2008-01-19,3994,4002,3998.0,3998.0,0.03
2008-01-20,3994,4004,3999.0,3998.0,0.0
2008-01-21,3994,4004,3999.0,3998.0,0.03
2008-01-22,3996,4005,4000.5,3998.0,0.03
2008-01-23,3998,4005,4001.5,3998.0,0.06
2008-01-24,3996,4004,4000.0,3998.0,0.09
2008-01-25,3996,4003,3999.5,3998.0,0.05
2008-01-26,3996,4003,3999.5,3998.0,0.04
2008-01-27,3996,4003,3999.5,3998.0,0.04
2008-01-28,3996,4003,3999.5,3998.0,0.04
2008-01-29,3997,4005,4001.0,4000.0,-0.01
2008-01-30,3997,4005,4001.0,4000.0,0.03
2008-02-01,3998,4006,4002.0,4000.0,-0.06
2008-02-02,3998,4006,4002.0,4000.0,0.05
2008-02-03,3998,4006,4002.0,4000.0,0.05
2008-02-04,3998,4006,4002.0,4000.0,0.05
2008-02-05,3998,4006,4002.0,4000.0,0.05
2008-02-06,3997,4005,4001.0,4000.0,0.05
2008-02-07,3993,4001,3997.0,3994.0,0.18
2008-02-08,3983,3995,3989.0,3986.0,0.28
2008-02-09,3978,3990,3984.0,3986.0,0.08
2008-02-10,3978,3990,3984.0,3986.0,-0.05
2008-02-11,3982,3993,3987.5,3986.0,-0.05
2008-02-12,3986,3996,3991.0,3986.0,0.04
2008-02-13,3990,3997,3993.5,3990.0,0.03
2008-02-14,3992,4000,3996.0,3994.0,-0.01
2008-02-15,3994,4002,3998.0,3995.0,0.03
2008-02-16,3994,4002,3998.0,3995.0,0.08
2008-02-17,3994,4002,3998.0,3995.0,0.08
2008-02-18,3994,4002,3998.0,3995.0,0.08
2008-02-19,3994,4002,3998.0,3995.0,0.08
2008-02-20,3994,4002,3998.0,3995.0,0.08
2008-02-21,3994,4001,3997.5,3995.0,0.08
2008-02-22,3994,4001,3997.5,3995.0,0.06
2008-02-23,3994,4001,3997.5,3995.0,0.06
2008-02-24,3994,4001,3997.5,3995.0,0.06
2008-02-25,3994,4001,3997.5,3995.0,0.06
2008-02-26,3994,4001,3997.5,3995.0,0.06
2008-02-27,3994,4001,3997.5,3995.0,0.06
2008-02-28,3994,4001,3997.5,3995.0,0.06
2008-03-01,3994,4001,3997.5,3995.0,0.15
2008-03-02,3994,4001,3997.5,3995.0,0.06
2008-03-03,3994,4001,3997.5,3995.0,0.06
2008-03-04,3994,4001,3997.5,3995.0,0.06
2008-03-05,3994,4001,3997.5,3995.0,0.06
2008-03-06,3994,4001,3997.5,3995.0,0.06
2008-03-07,3994,4001,3997.5,3995.0,0.06
2008-03-08,3988,3998,3993.0,3995.0,0.06
2008-03-09,3988,3998,3993.0,3995.0,-0.05
2008-03-10,3988,3998,3993.0,3995.0,-0.05
2008-03-11,3988,3998,3993.0,3992.0,0.03
2008-03-12,3988,3998,3993.0,3992.0,0.03
2008-03-13,3988,3998,3993.0,3991.0,0.05
2008-03-14,3988,3998,3993.0,3993.0,0.0
2008-03-15,3988,3998,3993.0,3993.0,0.0
2008-03-16,3988,3998,3993.0,3993.0,0.0
2008-03-17,3988,3998,3993.0,3993.0,0.0
2008-03-18,3988,3998,3993.0,3993.0,0.0
2008-03-19,3988,3998,3993.0,3993.0,0.0
2008-03-20,3988,3998,3993.0,3993.0,0.0
2008-03-21,3988,3998,3993.0,3993.0,0.0
2008-03-22,3996,4002,3999.0,3993.0,0.0
2008-03-23,3996,4002,3999.0,3993.0,0.15
2008-03-24,3996,4002,3999.0,3993.0,0.15
2008-03-25,3997,4004,4000.5,3997.0,0.05
2008-03-26,3998,4006,4002.0,3997.0,0.09
2008-03-27,3998,4008,4003.0,3999.0,0.08
2008-03-28,3998,4008,4003.0,3999.0,0.1
2008-03-29,3997,4005,4001.0,3999.0,0.1
2008-03-30,3997,4005,4001.0,3999.0,0.05
2008-05-01,4007,4016,4011.5,4001.0,2.55
2008-05-02,4007,4016,4011.5,4001.0,0.26
2008-05-03,4007,4016,4011.5,4001.0,0.26
2008-05-04,4007,4016,4011.5,4001.0,0.26
2008-05-05,4005,4014,4009.5,4001.0,0.26
2008-05-06,4007,4016,4011.5,4001.0,0.21
2008-05-07,4011,4019,4015.0,4001.0,0.26
2008-05-08,4011,4019,4015.0,4001.0,0.35
2008-05-09,4009,4017,4013.0,4001.0,0.35
2008-05-10,4008,4015,4011.5,4001.0,0.3
2008-05-11,4008,4015,4011.5,4001.0,0.26
2008-05-12,4008,4015,4011.5,4004.0,0.19
2008-05-13,4009,4019,4014.0,4004.0,0.19
2008-05-14,4009,4019,4014.0,4004.0,0.25
2008-05-15,4009,4019,4014.0,4004.0,0.25
2008-05-16,4011,4020,4015.5,4004.0,0.25
2008-05-17,4018,4029,4023.5,4004.0,0.29
2008-05-18,4018,4029,4023.5,4004.0,0.49
2008-05-19,4018,4029,4023.5,4004.0,0.49
2008-05-20,4018,4029,4023.5,4006.0,0.44
2008-05-21,4021,4031,4026.0,4006.0,0.44
2008-05-22,4031,4031,4031.0,4006.0,0.5
2008-05-23,4052,4031,4041.5,4006.0,0.62
2008-05-24,4052,4031,4041.5,4006.0,0.89
2008-05-25,4052,4031,4041.5,4006.0,0.89
2008-05-26,4052,4069,4060.5,4011.0,0.76
2008-05-27,4058,4075,4066.5,4016.0,1.11
2008-05-28,4081,4095,4088.0,4026.0,1.01
2008-05-29,4072,4093,4082.5,4026.0,1.54
2008-05-30,4078,4098,4088.0,4026.0,1.4
2008-06-01,4097,4109,4103.0,4026.0,2.61
2008-06-02,4098,4112,4105.0,4046.0,1.41
2008-06-03,4099,4112,4105.5,4066.0,0.96
2008-06-04,4099,4114,4106.5,4066.0,0.97
2008-06-05,4118,4134,4126.0,4066.0,1.0
2008-06-06,4127,4141,4134.0,4066.0,1.48
2008-06-07,4108,4119,4113.5,4066.0,1.67
2008-06-08,4108,4119,4113.5,4066.0,1.17
2008-06-09,4108,4119,4113.5,4066.0,1.17
2008-06-10,4116,4127,4121.5,4066.0,1.17
2008-06-11,4114,4125,4119.5,4086.0,0.87
2008-06-12,4113,4124,4118.5,4086.0,0.82
2008-06-13,4113,4124,4118.5,4086.0,0.8
2008-06-14,4113,4125,4119.0,4086.0,0.8
2008-06-15,4113,4125,4119.0,4086.0,0.81
2008-06-16,4113,4125,4119.0,4086.0,0.81
2008-06-17,4111,4121,4116.0,4096.0,0.56
2008-06-18,4112,4121,4116.5,4096.0,0.49
2008-06-19,4113,4123,4118.0,4096.0,0.5
2008-06-20,4117,4130,4123.5,4096.0,0.54
2008-06-21,4118,4130,4124.0,4096.0,0.67
2008-06-22,4118,4130,4124.0,4096.0,0.68
2008-06-23,4118,4130,4124.0,4096.0,0.68
2008-06-24,4119,4131,4125.0,4096.0,0.68
2008-06-25,4122,4134,4128.0,4096.0,0.71
2008-06-26,4124,4136,4130.0,4096.0,0.78
2008-06-27,4123,4134,4128.5,4096.0,0.83
2008-06-28,4123,4136,4129.5,4096.0,0.79
2008-06-29,4123,4136,4129.5,4096.0,0.82
2008-07-01,4131,4151,4141.0,4106.0,0.39
2008-07-02,4136,4157,4146.5,4116.0,0.61
2008-07-03,4137,4157,4147.0,4116.0,0.74
2008-07-04,4137,4157,4147.0,4116.0,0.75
2008-07-05,4141,4158,4149.5,4116.0,0.75
2008-07-06,4141,4158,4149.5,4116.0,0.81
2008-07-07,4141,4158,4149.5,4116.0,0.81
2008-07-08,4139,4157,4148.0,4116.0,0.81
2008-07-09,4142,4160,4151.0,4126.0,0.53
2008-07-10,4149,4167,4158.0,4126.0,0.61
2008-07-11,4151,4169,4160.0,4136.0,0.53
2008-07-12,4145,4164,4154.5,4136.0,0.58
2008-07-13,4145,4164,4154.5,4136.0,0.45
2008-07-14,4146,4164,4155.0,4136.0,0.45
2008-07-15,4143,4160,4151.5,4136.0,0.46
2008-07-16,4144,4161,4152.5,4136.0,0.37
2008-07-17,4143,4159,4151.0,4136.0,0.4
2008-07-18,4138,4152,4145.0,4136.0,0.36
2008-07-19,4135,4147,4141.0,4136.0,0.22
2008-07-20,4135,4147,4141.0,4136.0,0.12
2008-07-21,4135,4147,4141.0,4136.0,0.12
2008-07-22,4135,4147,4141.0,4136.0,0.12
2008-07-23,4141,4156,4148.5,4136.0,0.12
2008-07-24,4141,4158,4149.5,4136.0,0.3
2008-07-25,4138,4154,4146.0,4136.0,0.33
2008-07-26,4129,4147,4138.0,4136.0,0.24
2008-07-27,4129,4147,4138.0,4136.0,0.05
2008-07-28,4127,4143,4135.0,4121.0,0.41
2008-07-29,4119,4133,4126.0,4121.0,0.34
2008-07-30,4116,4129,4122.5,4116.0,0.24
2008-08-01,4117,4130,4123.5,4111.0,0.47
2008-08-02,4133,4149,4141.0,4111.0,0.3
2008-08-03,4133,4149,4141.0,4111.0,0.73
2008-08-04,4131,4147,4139.0,4111.0,0.73
2008-08-05,4130,4145,4137.5,4111.0,0.68
2008-08-06,4128,4143,4135.5,4111.0,0.64
2008-08-07,4121,4136,4128.5,4111.0,0.6
2008-08-08,4117,4132,4124.5,4106.0,0.55
2008-08-09,4117,4131,4124.0,4106.0,0.45
2008-08-10,4117,4131,4124.0,4106.0,0.44
2008-08-11,4122,4136,4129.0,4106.0,0.44
2008-08-12,4128,4142,4135.0,4106.0,0.56
2008-08-13,4128,4142,4135.0,4106.0,0.71
2008-08-14,4122,4135,4128.5,4106.0,0.71
2008-08-15,4118,4130,4124.0,4106.0,0.55
2008-08-16,4124,4136,4130.0,4106.0,0.44
2008-08-17,4124,4136,4130.0,4106.0,0.58
2008-08-18,4124,4136,4130.0,4106.0,0.58
2008-08-19,4124,4135,4129.5,4106.0,0.58
2008-08-20,4118,4130,4124.0,4106.0,0.57
2008-08-21,4116,4129,4122.5,4106.0,0.44
2008-08-22,4121,4131,4126.0,4106.0,0.4
2008-08-23,4122,4135,4128.5,4106.0,0.49
2008-08-24,4122,4135,4128.5,4106.0,0.55
2008-08-25,4126,4139,4132.5,4106.0,0.55
2008-08-26,4129,4143,4136.0,4106.0,0.65
2008-08-27,4130,4144,4137.0,4111.0,0.61
2008-08-28,4127,4139,4133.0,4111.0,0.63
2008-08-29,4125,4136,4130.5,4111.0,0.54
2008-08-30,4125,4136,4130.5,4111.0,0.47
2008-09-01,4129,4139,4134.0,4111.0,0.34
2008-09-02,4126,4137,4131.5,4116.0,0.44
2008-09-03,4123,4134,4128.5,4116.0,0.38
2008-09-04,4125,4137,4131.0,4116.0,0.3
2008-09-05,4128,4140,4134.0,4116.0,0.36
2008-09-06,4126,4137,4131.5,4116.0,0.44
2008-09-07,4126,4137,4131.5,4116.0,0.38
2008-09-08,4128,4139,4133.5,4116.0,0.38
2008-09-09,4132,4143,4137.5,4116.0,0.43
2008-09-10,4133,4145,4139.0,4120.0,0.42
2008-09-11,4131,4141,4136.0,4120.0,0.46
2008-09-12,4129,4138,4133.5,4120.0,0.39
2008-09-13,4128,4138,4133.0,4120.0,0.33
2008-09-14,4128,4138,4133.0,4120.0,0.32
2008-09-15,4126,4136,4131.0,4120.0,0.32
2008-09-16,4123,4133,4128.0,4120.0,0.27
2008-09-17,4126,4135,4130.5,4120.0,0.19
2008-09-18,4128,4137,4132.5,4120.0,0.25
2008-09-19,4127,4136,4131.5,4120.0,0.3
2008-09-20,4126,4135,4130.5,4120.0,0.28
2008-09-21,4126,4135,4130.5,4120.0,0.25
2008-09-22,4126,4135,4130.5,4120.0,0.25
2008-09-23,4124,4132,4128.0,4120.0,0.25
2008-09-24,4124,4130,4127.0,4120.0,0.19
2008-09-25,4121,4130,4125.5,4120.0,0.17
2008-09-26,4113,4124,4118.5,4116.0,0.23
2008-09-27,4105,4120,4112.5,4116.0,0.06
2008-09-28,4105,4120,4112.5,4116.0,-0.09
2008-09-29,4105,4120,4112.5,4116.0,-0.09
2008-09-30,4123,4140,4131.5,4116.0,-0.09
2008-10-01,4123,4140,4131.5,4116.0,0.22
2008-10-02,4123,4140,4131.5,4116.0,0.38
2008-10-03,4124,4140,4132.0,4116.0,0.38
2008-10-04,4142,4156,4149.0,4116.0,0.39
2008-10-05,4142,4156,4149.0,4116.0,0.8
2008-10-06,4142,4156,4149.0,4116.0,0.8
2008-10-07,4142,4160,4151.0,4121.0,0.68
2008-10-08,4141,4157,4149.0,4121.0,0.73
2008-10-09,4135,4147,4141.0,4121.0,0.68
2008-10-10,4138,4149,4143.5,4121.0,0.49
2008-10-11,4136,4147,4141.5,4121.0,0.55
2008-10-12,4136,4147,4141.5,4121.0,0.5
2008-10-13,4135,4146,4140.5,4121.0,0.5
2008-10-14,4131,4140,4135.5,4121.0,0.47
2008-10-15,4123,4135,4129.0,4121.0,0.35
2008-10-16,4130,4147,4138.5,4121.0,0.19
2008-10-17,4121,4138,4129.5,4121.0,0.42
2008-10-18,4117,4129,4123.0,4121.0,0.21
2008-10-19,4117,4129,4123.0,4121.0,0.05
2008-10-20,4117,4129,4123.0,4121.0,0.05
2008-10-21,4124,4136,4130.0,4116.0,0.17
2008-10-22,4128,4139,4133.5,4116.0,0.34
2008-10-23,4128,4139,4133.5,4116.0,0.43
2008-10-24,4128,4139,4133.5,4116.0,0.43
2008-10-25,4128,4139,4133.5,4116.0,0.43
2008-10-26,4120,4131,4125.5,4116.0,0.43
2008-10-27,4117,4128,4122.5,4114.0,0.28
2008-10-28,4118,4129,4123.5,4114.0,0.21
2008-10-29,4120,4132,4126.0,4114.0,0.23
2008-10-30,4122,4130,4126.0,4114.0,0.29
2008-10-31,4119,4131,4125.0,4114.0,0.29
2008-11-01,4119,4131,4125.0,4114.0,-0.97
2008-11-02,4119,4131,4125.0,4114.0,0.27
2008-11-03,4118,4130,4124.0,4114.0,0.27
2008-11-04,4117,4127,4122.0,4114.0,0.24
2008-11-05,4110,4120,4115.0,4111.0,0.27
2008-11-06,4104,4115,4109.5,4107.0,0.19
2008-11-07,4098,4114,4106.0,4106.0,0.09
2008-11-08,4080,4105,4092.5,4106.0,0.0
2008-11-09,4080,4105,4092.5,4106.0,-0.33
2008-11-10,4080,4105,4092.5,4106.0,-0.33
2008-11-11,4080,4105,4092.5,4106.0,-0.33
2008-11-12,4080,4105,4092.5,4106.0,-0.33
2008-11-13,4088,4105,4096.5,4106.0,-0.33
2008-11-14,4088,4105,4096.5,4094.0,0.06
2008-11-15,4091,4103,4097.0,4094.0,0.06
2008-11-16,4091,4103,4097.0,4094.0,0.07
2008-11-17,4091,4103,4097.0,4094.0,0.07
2008-11-18,4091,4103,4097.0,4094.0,0.07
2008-11-19,4089,4101,4095.0,4092.0,0.12
2008-11-20,4087,4099,4093.0,4089.0,0.15
2008-11-21,4087,4099,4093.0,4089.0,0.1
2008-11-22,4082,4094,4088.0,4089.0,0.1
2008-11-23,4082,4094,4088.0,4089.0,-0.02
2008-11-24,4082,4094,4088.0,4084.0,0.1
2008-11-25,4078,4088,4083.0,4081.0,0.17
2008-11-26,4074,4083,4078.5,4076.0,0.17
2008-11-27,4074,4083,4078.5,4076.0,0.06
2008-11-28,4069,4079,4074.0,4070.0,0.21
2008-11-29,4069,4079,4074.0,4070.0,0.1
2008-11-30,4069,4079,4074.0,4070.0,0.1
2008-12-01,4071,4080,4075.5,4070.0,1.24
2008-12-02,4071,4080,4075.5,4070.0,0.14
2008-12-03,4069,4078,4073.5,4070.0,0.14
2008-12-04,4065,4075,4070.0,4066.0,0.18
2008-12-05,4064,4074,4069.0,4066.0,0.1
2008-12-06,4051,4061,4056.0,4066.0,0.07
2008-12-07,4051,4061,4056.0,4066.0,-0.25
2008-12-08,4050,4061,4055.5,4052.0,0.1
2008-12-09,4049,4057,4053.0,4052.0,0.09
2008-12-10,4042,4051,4046.5,4052.0,0.02
2008-12-11,4042,4051,4046.5,4042.0,0.11
2008-12-12,4042,4051,4046.5,4042.0,0.11
2008-12-13,4042,4051,4046.5,4042.0,0.11
2008-12-14,4039,4048,4043.5,4042.0,0.11
2008-12-15,4039,4047,4043.0,4039.0,0.11
2008-12-16,4038,4047,4042.5,4039.0,0.1
2008-12-17,4040,4051,4045.5,4039.0,0.09
2008-12-18,4046,4061,4053.5,4049.0,-0.09
2008-12-19,4053,4073,4063.0,4046.0,0.19
2008-12-20,4059,4072,4065.5,4046.0,0.42
2008-12-21,4059,4072,4065.5,4046.0,0.48
2008-12-22,4063,4076,4069.5,4046.0,0.48
2008-12-23,4073,4087,4080.0,4051.0,0.46
2008-12-24,4082,4098,4090.0,4056.0,0.59
2008-12-25,4085,4100,4092.5,4066.0,0.59
2008-12-26,4086,4105,4095.5,4066.0,0.65
2008-12-27,4089,4103,4096.0,4066.0,0.73
2008-12-28,4089,4103,4096.0,4066.0,0.74
2008-12-29,4089,4103,4096.0,4081.0,0.37
2008-12-30,4093,4108,4100.5,4081.0,0.37
2008-12-31,4108,4133,4120.5,4081.0,0.48
2009-01-01,4107,4134,4120.5,4081.0,1.25
2009-01-02,4107,4133,4120.0,4081.0,0.97
2009-01-03,4110,4128,4119.0,4081.0,0.96
2009-01-04,4110,4128,4119.0,4081.0,0.93
2009-01-05,4110,4128,4119.0,4091.0,0.68
2009-01-06,4110,4128,4119.0,4091.0,0.68
2009-01-07,4110,4128,4119.0,4091.0,0.68
2009-01-08,4113,4129,4121.0,4091.0,0.68
2009-01-09,4117,4131,4124.0,4091.0,0.73
2009-01-10,4117,4131,4124.0,4091.0,0.81
2009-01-11,4117,4131,4124.0,4091.0,0.81
2009-01-12,4114,4127,4120.5,4101.0,0.56
2009-01-13,4113,4124,4118.5,4101.0,0.48
2009-01-14,4112,4121,4116.5,4101.0,0.43
2009-01-15,4111,4120,4115.5,4101.0,0.38
2009-01-16,4111,4120,4115.5,4101.0,0.35
2009-01-17,4111,4120,4115.5,4101.0,0.35
2009-01-18,4113,4124,4118.5,4101.0,0.35
2009-01-19,4113,4126,4119.5,4114.0,0.11
2009-01-20,4116,4130,4123.0,4114.0,0.13
2009-01-21,4124,4139,4131.5,4116.0,0.17
2009-01-22,4131,4146,4138.5,4116.0,0.38
2009-01-23,4133,4148,4140.5,4116.0,0.55
2009-01-24,4121,4134,4127.5,4116.0,0.6
2009-01-25,4121,4134,4127.5,4116.0,0.28
2009-01-26,4121,4134,4127.5,4116.0,0.28
2009-01-27,4121,4134,4127.5,4116.0,0.28
2009-01-28,4121,4134,4127.5,4116.0,0.28
2009-01-29,4121,4134,4127.5,4116.0,0.28
2009-01-30,4121,4134,4127.5,4116.0,0.28
2009-01-31,4125,4139,4132.0,4116.0,0.28
2009-02-01,4125,4139,4132.0,4116.0,0.35
2009-02-02,4128,4141,4134.5,4126.0,0.15
2009-02-03,4132,4146,4139.0,4126.0,0.21
2009-02-04,4131,4145,4138.0,4131.0,0.19
2009-02-05,4130,4144,4137.0,4131.0,0.17
2009-02-06,4126,4140,4133.0,4131.0,0.15
2009-02-07,4126,4140,4133.0,4131.0,0.05
2009-02-08,4126,4140,4133.0,4131.0,0.05
2009-02-09,4121,4132,4126.5,4131.0,0.05
2009-02-10,4121,4132,4126.5,4121.0,0.13
2009-02-11,4121,4132,4126.5,4121.0,0.13
2009-02-12,4116,4127,4121.5,4116.0,0.26
2009-02-13,4113,4125,4119.0,4116.0,0.13
2009-02-14,4116,4129,4122.5,4116.0,0.07
2009-02-15,4116,4129,4122.5,4116.0,0.16
2009-02-16,4116,4129,4122.5,4116.0,0.16
2009-02-17,4119,4129,4124.0,4120.0,0.06
2009-02-18,4120,4130,4125.0,4120.0,0.1
2009-02-19,4125,4136,4130.5,4116.0,0.22
2009-02-20,4123,4134,4128.5,4121.0,0.23
2009-02-21,4122,4133,4127.5,4121.0,0.18
2009-02-22,4122,4133,4127.5,4121.0,0.16
2009-02-23,4125,4136,4130.5,4121.0,0.16
2009-02-24,4129,4140,4134.5,4121.0,0.23
2009-02-25,4126,4137,4131.5,4121.0,0.33
2009-02-26,4125,4136,4130.5,4126.0,0.13
2009-02-27,4125,4136,4130.5,4126.0,0.11
2009-02-28,4125,4136,4130.5,4126.0,0.11
2009-03-01,4125,4136,4130.5,4126.0,-0.67
2009-03-02,4125,4136,4130.5,4126.0,0.11
2009-03-03,4126,4137,4131.5,4126.0,0.11
2009-03-04,4126,4137,4131.5,4126.0,0.13
2009-03-05,4126,4137,4131.5,4126.0,0.13
2009-03-06,4123,4136,4129.5,4126.0,0.13
2009-03-07,4118,4128,4123.0,4126.0,0.08
2009-03-08,4118,4128,4123.0,4126.0,-0.07
2009-03-09,4118,4128,4123.0,4126.0,-0.07
2009-03-10,4118,4128,4123.0,4118.0,0.12
2009-03-11,4116,4126,4121.0,4118.0,0.12
2009-03-12,4112,4123,4117.5,4114.0,0.17
2009-03-13,4112,4123,4117.5,4114.0,0.09
2009-03-14,4112,4123,4117.5,4114.0,0.09
2009-03-15,4112,4123,4117.5,4114.0,0.09
2009-03-16,4110,4119,4114.5,4114.0,0.09
2009-03-17,4109,4118,4113.5,4109.0,0.13
2009-03-18,4109,4118,4113.5,4109.0,0.11
2009-03-19,4109,4118,4113.5,4109.0,0.11
2009-03-20,4104,4114,4109.0,4106.0,0.18
2009-03-21,4102,4112,4107.0,4106.0,0.07
2009-03-22,4102,4112,4107.0,4106.0,0.02
2009-03-23,4102,4112,4107.0,4106.0,0.02
2009-03-24,4102,4112,4107.0,4106.0,0.02
2009-03-25,4101,4110,4105.5,4101.0,0.15
2009-03-26,4094,4104,4099.0,4098.0,0.18
2009-03-27,4093,4103,4098.0,4093.0,0.15
2009-03-28,4093,4104,4098.5,4093.0,0.12
2009-03-29,4093,4104,4098.5,4093.0,0.13
2009-03-30,4093,4104,4098.5,4093.0,0.13
2009-03-31,4093,4104,4098.5,4093.0,0.13
2009-04-01,4093,4104,4098.5,4093.0,1.1
2009-04-02,4091,4102,4096.5,4093.0,0.13
2009-04-03,4091,4102,4096.5,4093.0,0.09
2009-04-04,4088,4097,4092.5,4093.0,0.09
2009-04-05,4088,4097,4092.5,4093.0,-0.01
2009-04-06,4088,4097,4092.5,4088.0,0.11
2009-04-07,4089,4099,4094.0,4088.0,0.11
2009-04-08,4093,4104,4098.5,4096.0,-0.05
2009-04-09,4096,4108,4102.0,4096.0,0.06
2009-04-10,4098,4110,4104.0,4104.0,-0.05
2009-04-11,4093,4103,4098.0,4104.0,0.0
2009-04-12,4093,4103,4098.0,4104.0,-0.15
2009-04-13,4095,4110,4102.5,4096.0,0.05
2009-04-14,4088,4108,4098.0,4096.0,0.16
2009-04-15,4088,4108,4098.0,4096.0,0.05
2009-04-16,4088,4108,4098.0,4096.0,0.05
2009-04-17,4088,4108,4098.0,4096.0,0.05
2009-04-18,4095,4110,4102.5,4096.0,0.05
2009-04-19,4095,4120,4107.5,4096.0,0.16
2009-04-20,4108,4122,4115.0,4106.0,0.04
2009-04-21,4113,4128,4120.5,4106.0,0.22
2009-04-22,4121,4136,4128.5,4111.0,0.23
2009-04-23,4123,4135,4129.0,4116.0,0.3
2009-04-24,4122,4133,4127.5,4116.0,0.32
2009-04-25,4128,4143,4135.5,4116.0,0.28
2009-04-26,4128,4143,4135.5,4116.0,0.47
2009-04-27,4128,4143,4135.5,4116.0,0.47
2009-04-28,4130,4143,4136.5,4116.0,0.47
2009-04-29,4134,4147,4140.5,4116.0,0.5
2009-04-30,4131,4145,4138.0,4121.0,0.47
2009-05-01,4133,4147,4140.0,4121.0,0.67
2009-05-02,4133,4147,4140.0,4121.0,0.46
2009-05-03,4133,4147,4140.0,4121.0,0.46
2009-05-04,4133,4147,4140.0,4121.0,0.46
2009-05-05,4135,4149,4142.0,4121.0,0.46
2009-05-06,4138,4152,4145.0,4126.0,0.39
2009-05-07,4138,4152,4145.0,4126.0,0.46
2009-05-08,4136,4150,4143.0,4126.0,0.46
2009-05-09,4136,4150,4143.0,4126.0,0.41
2009-05-10,4136,4150,4143.0,4126.0,0.41
2009-05-11,4136,4150,4143.0,4126.0,0.41
2009-05-12,4132,4146,4139.0,4126.0,0.41
2009-05-13,4132,4146,4139.0,4126.0,0.32
2009-05-14,4132,4146,4139.0,4126.0,0.32
2009-05-15,4132,4146,4139.0,4126.0,0.32
2009-05-16,4132,4146,4139.0,4126.0,0.32
2009-05-17,4132,4146,4139.0,4126.0,0.32
2009-05-18,4133,4147,4140.0,4126.0,0.32
2009-05-19,4137,4151,4144.0,4131.0,0.22
2009-05-20,4137,4150,4143.5,4141.0,0.07
2009-05-21,4135,4149,4142.0,4141.0,0.06
2009-05-22,4135,4149,4142.0,4141.0,0.02
2009-05-23,4135,4149,4142.0,4141.0,0.02
2009-05-24,4135,4149,4142.0,4141.0,0.02
2009-05-25,4137,4150,4143.5,4136.0,0.15
2009-05-26,4142,4153,4147.5,4136.0,0.18
2009-05-27,4143,4154,4148.5,4141.0,0.16
2009-05-28,4143,4154,4148.5,4141.0,0.18
2009-05-29,4143,4154,4148.5,4141.0,0.18
2009-05-30,4143,4154,4148.5,4141.0,0.18
2009-05-31,4143,4154,4148.5,4141.0,0.18
2009-06-01,4143,4154,4148.5,4141.0,1.17
2009-06-02,4145,4157,4151.0,4141.0,0.18
2009-06-03,4147,4159,4153.0,4146.0,0.12
2009-06-04,4147,4159,4153.0,4146.0,0.17
2009-06-05,4147,4159,4153.0,4146.0,0.17
2009-06-06,4147,4159,4153.0,4146.0,0.17
2009-06-07,4147,4159,4153.0,4146.0,0.17
2009-06-08,4147,4159,4153.0,4146.0,0.17
2009-06-09,4147,4159,4153.0,4146.0,0.17
2009-06-10,4147,4159,4153.0,4146.0,0.17
2009-06-11,4147,4159,4153.0,4146.0,0.17
2009-06-12,4147,4159,4153.0,4149.0,0.1
2009-06-13,4147,4159,4153.0,4149.0,0.1
2009-06-14,4147,4159,4153.0,4149.0,0.1
2009-06-15,4147,4159,4153.0,4149.0,0.1
2009-06-16,4150,4161,4155.5,4149.0,0.1
2009-06-17,4153,4163,4158.0,4149.0,0.16
2009-06-18,4153,4163,4158.0,4149.0,0.22
2009-06-19,4153,4163,4158.0,4149.0,0.22
2009-06-20,4163,4178,4170.5,4149.0,0.22
2009-06-21,4163,4178,4170.5,4149.0,0.52
2009-06-22,4166,4183,4174.5,4154.0,0.4
2009-06-23,4168,4183,4175.5,4154.0,0.49
2009-06-24,4174,4188,4181.0,4154.0,0.52
2009-06-25,4180,4192,4186.0,4159.0,0.53
2009-06-26,4181,4195,4188.0,4159.0,0.65
2009-06-27,4181,4195,4188.0,4159.0,0.7
2009-06-28,4181,4195,4188.0,4159.0,0.7
2009-06-29,4182,4197,4189.5,4159.0,0.7
2009-06-30,4182,4197,4189.5,4164.0,0.61
2009-07-01,4182,4197,4189.5,4164.0,2.15
2009-07-02,4182,4197,4189.5,4164.0,0.61
2009-07-03,4186,4199,4192.5,4164.0,0.61
2009-07-04,4191,4203,4197.0,4164.0,0.68
2009-07-05,4191,4203,4197.0,4164.0,0.79
2009-07-06,4191,4203,4197.0,4164.0,0.79
2009-07-07,4189,4200,4194.5,4174.0,0.55
2009-07-08,4190,4200,4195.0,4174.0,0.49
2009-07-09,4192,4203,4197.5,4189.0,0.14
2009-07-10,4192,4203,4197.5,4189.0,0.2
2009-07-11,4192,4203,4197.5,4189.0,0.2
2009-07-12,4192,4203,4197.5,4189.0,0.2
2009-07-13,4193,4204,4198.5,4189.0,0.2
2009-07-14,4197,4209,4203.0,4189.0,0.23
2009-07-15,4200,4212,4206.0,4189.0,0.33
2009-07-16,4196,4209,4202.5,4189.0,0.41
2009-07-17,4197,4210,4203.5,4196.0,0.15
2009-07-18,4207,4217,4212.0,4196.0,0.18
2009-07-19,4207,4217,4212.0,4196.0,0.38
2009-07-20,4208,4219,4213.5,4196.0,0.38
2009-07-21,4219,4232,4225.5,4196.0,0.42
2009-07-22,4225,4238,4231.5,4196.0,0.7
2009-07-23,4227,4240,4233.5,4191.0,0.97
2009-07-24,4231,4246,4238.5,4191.0,1.01
2009-07-25,4233,4247,4240.0,4191.0,1.13
2009-07-26,4233,4247,4240.0,4191.0,1.17
2009-07-27,4233,4247,4240.0,4191.0,1.17
2009-07-28,4236,4249,4242.5,4191.0,1.17
2009-07-29,4238,4251,4244.5,4191.0,1.23
2009-07-30,4238,4251,4244.5,4191.0,1.28
2009-07-31,4244,4263,4253.5,4191.0,1.28
2009-08-01,4250,4274,4262.0,4191.0,-0.24
2009-08-02,4248,4269,4258.5,4191.0,1.69
2009-08-03,4249,4271,4260.0,4191.0,1.61
2009-08-04,4240,4261,4250.5,4191.0,1.65
2009-08-05,4237,4257,4247.0,4191.0,1.42
2009-08-06,4237,4256,4246.5,4191.0,1.34
2009-08-07,4217,4233,4225.0,4191.0,1.32
2009-08-08,4164,4181,4172.5,4191.0,0.81
2009-08-09,4164,4181,4172.5,4191.0,-0.44
2009-08-10,4151,4168,4159.5,4151.0,0.52
2009-08-11,4126,4145,4135.5,4116.0,1.06
2009-08-12,4140,4167,4153.5,4116.0,0.47
2009-08-13,4152,4167,4181.0,4136.0,0.42
2009-08-14,4148,4177,4181.0,4136.0,1.09
2009-08-15,4152,4178,4181.0,4136.0,1.09
2009-08-16,4152,4178,4181.0,4136.0,1.09
2009-08-17,4148,4177,4181.0,4136.0,1.09
2009-08-18,4156,4179,4181.0,4136.0,1.09
2009-08-19,4155,4178,4181.0,4136.0,1.09
2009-08-20,4154,4175,4181.0,4136.0,1.09
2009-08-21,4160,4175,4181.0,4136.0,1.09
2009-08-22,4171,4184,4181.0,4136.0,1.09
2009-08-23,4171,4184,4181.0,4136.0,1.09
2009-08-24,4175,4186,4181.0,4136.0,1.09
2009-08-25,4175,4185,4181.0,4146.0,0.84
2009-08-26,4175,4185,4181.0,4146.0,0.84
2009-08-27,4175,4185,4181.0,4146.0,0.84
2009-08-28,4175,4185,4181.0,4146.0,0.84
2009-08-29,4176,4187,4181.0,4146.0,0.84
2009-08-30,4176,4187,4181.0,4146.0,0.84
2009-08-31,4175,4186,4181.0,4146.0,0.84
2009-09-01,4176,4186,4181.0,4146.0,0.84
2009-09-02,4177,4187,4181.0,4146.0,0.84
2009-09-03,4173,4184,4181.0,4146.0,0.84
2009-09-04,4169,4179,4181.0,4146.0,0.84
2009-09-05,4165,4176,4181.0,4146.0,0.84
2009-09-06,4174,4183,4181.0,4146.0,0.84
2009-09-07,4174,4183,4181.0,4156.0,0.6
2009-09-08,4174,4183,4181.0,4166.0,0.36
2009-09-09,4174,4183,4181.0,4166.0,0.36
2009-09-10,4175,4184,4181.0,4166.0,0.36
2009-09-11,4174,4183,4181.0,4166.0,0.36
2009-09-12,4169,4179,4181.0,4166.0,0.36
2009-09-13,4169,4179,4181.0,4166.0,0.36
2009-09-14,4169,4179,4181.0,4166.0,0.36
2009-09-15,4170,4181,4181.0,4156.0,0.6
2009-09-16,4180,4192,4181.0,4156.0,0.6
2009-09-17,4175,4187,4181.0,4156.0,0.6
2009-09-18,4169,4179,4181.0,4156.0,0.6
2009-09-19,4169,4179,4181.0,4156.0,0.6
2009-09-20,4180,4192,4181.0,4156.0,0.6
2009-09-21,4180,4192,4181.0,4156.0,0.6
2009-09-22,4182,4195,4181.0,4156.0,0.6
2009-09-23,4188,4199,4181.0,4166.0,0.36
2009-09-24,4193,4203,4181.0,4166.0,0.36
2009-09-25,4193,4203,4181.0,4166.0,0.36
2009-09-26,4206,4213,4181.0,4166.0,0.36
2009-09-27,4206,4213,4181.0,4166.0,0.36
2009-09-28,4206,4213,4181.0,4176.0,0.12
2009-09-29,4216,4226,4181.0,4176.0,0.12
2009-09-30,4216,4226,4181.0,4176.0,0.12
2009-10-01,4213,4223,4218.0,4176.0,0.53
2009-10-02,4212,4222,4217.0,4176.0,1.01
2009-10-03,4193,4207,4200.0,4176.0,0.98
2009-10-04,4193,4207,4200.0,4176.0,0.57
2009-10-05,4195,4208,4201.5,4174.0,0.62
2009-10-06,4195,4206,4200.5,4174.0,0.66
2009-10-07,4190,4200,4195.0,4174.0,0.63
2009-10-08,4181,4190,4185.5,4174.0,0.5
2009-10-09,4180,4190,4185.0,4164.0,0.52
2009-10-10,4179,4189,4184.0,4164.0,0.5
2009-10-11,4179,4189,4184.0,4164.0,0.48
2009-10-12,4181,4190,4185.5,4164.0,0.48
2009-10-13,4180,4190,4185.0,4164.0,0.52
2009-10-14,4184,4193,4188.5,4164.0,0.5
2009-10-15,4188,4197,4192.5,4169.0,0.47
2009-10-16,4187,4196,4191.5,4169.0,0.56
2009-10-17,4189,4196,4192.5,4169.0,0.54
2009-10-18,4189,4196,4192.5,4169.0,0.56
2009-10-19,4189,4196,4192.5,4169.0,0.56
2009-10-20,4191,4200,4195.5,4169.0,0.56
2009-10-21,4196,4206,4201.0,4174.0,0.52
2009-10-22,4195,4205,4200.0,4174.0,0.65
2009-10-23,4193,4203,4198.0,4174.0,0.62
2009-10-24,4193,4203,4198.0,4174.0,0.57
2009-10-25,4193,4203,4198.0,4174.0,0.57
2009-10-26,4193,4203,4198.0,4174.0,0.57
2009-10-27,4193,4203,4198.0,4174.0,0.57
2009-10-28,4193,4203,4198.0,4174.0,0.57
2009-10-29,4193,4203,4198.0,4174.0,0.57
2009-10-30,4193,4203,4198.0,4174.0,0.57
2009-10-31,4193,4203,4198.0,4174.0,0.57
2009-11-01,4193,4203,4198.0,4174.0,-0.16
2009-11-02,4193,4203,4198.0,4174.0,0.57
2009-11-03,4193,4203,4198.0,4174.0,0.57
2009-11-04,4193,4203,4198.0,4174.0,0.57
2009-11-05,4193,4203,4198.0,4174.0,0.57
2009-11-06,4193,4203,4198.0,4174.0,0.57
2009-11-07,4193,4203,4198.0,4174.0,0.57
2009-11-08,4193,4203,4198.0,4174.0,0.57
2009-11-09,4193,4202,4197.5,4174.0,0.57
2009-11-10,4193,4201,4197.0,4174.0,0.56
2009-11-11,4184,4192,4188.0,4174.0,0.55
2009-11-12,4181,4189,4185.0,4169.0,0.46
2009-11-13,4177,4186,4181.5,4169.0,0.38
2009-11-14,4170,4178,4174.0,4169.0,0.3
2009-11-15,4170,4178,4174.0,4169.0,0.12
2009-11-16,4165,4173,4169.0,4169.0,0.12
2009-11-17,4165,4173,4169.0,4169.0,0.0
2009-11-18,4165,4173,4169.0,4169.0,0.0
2009-11-19,4166,4177,4171.5,4163.0,0.14
2009-11-20,4166,4177,4171.5,4169.0,0.06
2009-11-21,4166,4177,4171.5,4169.0,0.06
2009-11-22,4166,4177,4171.5,4169.0,0.06
2009-11-23,4169,4178,4173.5,4169.0,0.06
2009-11-24,4171,4179,4175.0,4169.0,0.11
2009-11-25,4171,4177,4174.0,4169.0,0.14
2009-11-26,4165,4174,4169.5,4166.0,0.19
2009-11-27,4162,4170,4166.0,4163.0,0.16
2009-11-28,4164,4171,4167.5,4163.0,0.07
2009-11-29,4164,4171,4167.5,4163.0,0.11
2009-11-30,4164,4171,4167.5,4163.0,0.11
2009-12-01,4164,4171,4167.5,4163.0,0.43
2009-12-02,4165,4173,4169.0,4163.0,0.11
2009-12-03,4164,4171,4167.5,4163.0,0.14
2009-12-04,4162,4170,4166.0,4163.0,0.11
2009-12-05,4164,4171,4167.5,4163.0,0.07
2009-12-06,4161,4168,4164.5,4163.0,0.11
2009-12-07,4160,4166,4163.0,4158.0,0.16
2009-12-08,4160,4166,4163.0,4158.0,0.12
2009-12-09,4160,4165,4162.5,4158.0,0.12
2009-12-10,4158,4163,4160.5,4158.0,0.11
2009-12-11,4158,4163,4160.5,4158.0,0.06
2009-12-12,4158,4163,4160.5,4158.0,0.06
2009-12-13,4158,4163,4160.5,4158.0,0.06
2009-12-14,4158,4163,4160.5,4158.0,0.06
2009-12-15,4158,4163,4160.5,4158.0,0.06
2009-12-16,4158,4164,4161.0,4158.0,0.06
2009-12-17,4166,4175,4170.5,4163.0,-0.05
2009-12-18,4169,4178,4173.5,4166.0,0.11
2009-12-19,4164,4173,4168.5,4166.0,0.18
2009-12-20,4164,4173,4168.5,4166.0,0.06
2009-12-21,4164,4173,4168.5,4166.0,0.06
2009-12-22,4165,4173,4169.0,4166.0,0.06
2009-12-23,4174,4180,4177.0,4169.0,0.0
2009-12-24,4175,4180,4177.5,4169.0,0.19
2009-12-25,4173,4178,4175.5,4169.0,0.2
2009-12-26,4175,4182,4178.5,4169.0,0.16
2009-12-27,4175,4182,4178.5,4169.0,0.23
2009-12-28,4175,4182,4178.5,4169.0,0.23
2009-12-29,4176,4183,4179.5,4169.0,0.23
2009-12-30,4178,4184,4181.0,4169.0,0.25
2010-01-01,4184,4193,4188.5,4169.0,0.59
2010-01-02,4184,4193,4188.5,4169.0,0.47
2010-01-03,4184,4193,4188.5,4169.0,0.47
2010-01-04,4184,4193,4188.5,4169.0,0.47
2010-01-05,4183,4191,4187.0,4169.0,0.47
2010-01-06,4184,4190,4187.0,4169.0,0.43
2010-01-07,4184,4191,4187.5,4169.0,0.43
2010-01-08,4181,4189,4185.0,4169.0,0.44
2010-01-09,4181,4189,4185.0,4169.0,0.38
2010-01-10,4181,4189,4185.0,4169.0,0.38
2010-01-11,4181,4189,4185.0,4169.0,0.38
2010-01-12,4184,4191,4187.5,4169.0,0.38
2010-01-13,4187,4194,4190.5,4169.0,0.44
2010-01-14,4183,4189,4186.0,4169.0,0.52
2010-01-15,4183,4189,4186.0,4169.0,0.41
2010-01-16,4182,4189,4185.5,4169.0,0.41
2010-01-17,4182,4189,4185.5,4169.0,0.4
2010-01-18,4182,4189,4185.5,4169.0,0.4
2010-01-19,4182,4189,4185.5,4169.0,0.4
2010-01-20,4182,4189,4185.5,4169.0,0.4
2010-01-21,4183,4190,4186.5,4169.0,0.4
2010-01-22,4186,4193,4189.5,4169.0,0.42
2010-01-23,4185,4191,4188.0,4169.0,0.49
2010-01-24,4185,4191,4188.0,4169.0,0.46
2010-01-25,4185,4191,4188.0,4169.0,0.46
2010-01-26,4185,4191,4188.0,4169.0,0.46
2010-01-27,4183,4190,4186.5,4169.0,0.46
2010-01-28,4184,4191,4187.5,4169.0,0.42
2010-01-29,4185,4193,4189.0,4171.0,0.4
2010-01-30,4190,4197,4193.5,4171.0,0.43
2010-01-31,4190,4197,4193.5,4171.0,0.54
2010-02-01,4190,4197,4193.5,4171.0,0.64
2010-02-02,4190,4197,4193.5,4181.0,0.3
2010-02-03,4186,4193,4189.5,4181.0,0.3
2010-02-04,4186,4193,4189.5,4181.0,0.2
2010-02-05,4185,4193,4189.0,4184.0,0.13
2010-02-06,4185,4193,4189.0,4184.0,0.12
2010-02-07,4185,4193,4189.0,4184.0,0.12
2010-02-08,4185,4192,4188.5,4184.0,0.12
2010-02-09,4184,4191,4187.5,4184.0,0.11
2010-02-10,4184,4191,4187.5,4181.0,0.16
2010-02-11,4185,4192,4188.5,4184.0,0.08
2010-02-12,4185,4192,4188.5,4187.0,0.04
2010-02-13,4185,4192,4188.5,4187.0,0.04
2010-02-14,4185,4192,4188.5,4187.0,0.04
2010-02-15,4185,4192,4188.5,4187.0,0.04
2010-02-16,4182,4192,4187.0,4187.0,0.04
2010-02-17,4184,4192,4188.0,4187.0,0.0
2010-02-18,4189,4196,4192.5,4187.0,0.02
2010-02-19,4192,4201,4196.5,4192.0,0.01
2010-02-20,4196,4203,4199.5,4192.0,0.11
2010-02-21,4196,4203,4199.5,4192.0,0.18
2010-02-22,4196,4203,4199.5,4192.0,0.18
2010-02-23,4196,4203,4199.5,4192.0,0.18
2010-02-24,4190,4198,4194.0,4187.0,0.3
2010-02-25,4192,4200,4196.0,4187.0,0.17
2010-02-26,4194,4201,4197.5,4187.0,0.21
2010-02-27,4194,4201,4197.5,4187.0,0.25
2010-02-28,4194,4201,4197.5,4187.0,0.25
2010-03-01,4194,4201,4197.5,4187.0,0.12
2010-03-02,4194,4201,4197.5,4187.0,0.25
2010-03-03,4194,4201,4197.5,4187.0,0.25
2010-03-04,4194,4201,4197.5,4187.0,0.25
2010-03-05,4193,4200,4196.5,4187.0,0.25
2010-03-06,4190,4197,4193.5,4187.0,0.23
2010-03-07,4190,4197,4193.5,4187.0,0.16
2010-03-08,4190,4197,4193.5,4187.0,0.16
2010-03-09,4189,4196,4192.5,4187.0,0.16
2010-03-10,4185,4192,4188.5,4183.0,0.23
2010-03-11,4184,4191,4187.5,4183.0,0.13
2010-03-12,4185,4192,4188.5,4183.0,0.11
2010-03-13,4185,4193,4189.0,4183.0,0.13
2010-03-14,4185,4193,4189.0,4183.0,0.14
2010-03-15,4185,4193,4189.0,4183.0,0.14
2010-03-16,4186,4193,4189.5,4183.0,0.14
2010-03-17,4187,4194,4190.5,4183.0,0.16
2010-03-18,4188,4195,4191.5,4186.0,0.11
2010-03-19,4188,4195,4191.5,4186.0,0.13
2010-03-20,4189,4195,4192.0,4186.0,0.13
2010-03-21,4189,4195,4192.0,4186.0,0.14
2010-03-22,4189,4195,4192.0,4186.0,0.14
2010-03-23,4189,4195,4192.0,4186.0,0.14
2010-03-24,4189,4195,4192.0,4186.0,0.14
2010-03-25,4189,4195,4192.0,4186.0,0.14
2010-03-26,4189,4195,4192.0,4186.0,0.14
2010-03-27,4189,4195,4192.0,4186.0,0.14
2010-03-28,4189,4195,4192.0,4186.0,0.14
2010-03-29,4189,4195,4192.0,4186.0,0.14
2010-03-30,4189,4195,4192.0,4186.0,0.14
2010-03-31,4189,4195,4192.0,4186.0,0.14
2010-04-01,4189,4195,4192.0,4186.0,0.87
2010-04-02,4189,4194,4191.5,4186.0,0.14
2010-04-03,4188,4193,4190.5,4186.0,0.13
2010-04-04,4188,4193,4190.5,4186.0,0.11
2010-04-05,4188,4193,4190.5,4186.0,0.11
2010-04-06,4188,4193,4190.5,4186.0,0.11
2010-04-07,4185,4191,4188.0,4186.0,0.11
2010-04-08,4185,4191,4188.0,4184.0,0.1
2010-04-09,4187,4194,4190.5,4184.0,0.1
2010-04-10,4188,4195,4191.5,4184.0,0.16
2010-04-11,4188,4195,4191.5,4184.0,0.18
2010-04-12,4190,4197,4193.5,4187.0,0.11
2010-04-13,4191,4200,4195.5,4187.0,0.16
2010-04-14,4191,4200,4195.5,4187.0,0.2
2010-04-15,4191,4200,4195.5,4187.0,0.2
2010-04-16,4191,4200,4195.5,4187.0,0.2
2010-04-17,4191,4200,4195.5,4187.0,0.2
2010-04-18,4191,4200,4195.5,4187.0,0.2
2010-04-19,4193,4201,4197.0,4187.0,0.2
2010-04-20,4194,4204,4199.0,4192.0,0.12
2010-04-21,4197,4204,4200.5,4192.0,0.17
2010-04-22,4198,4206,4202.0,4192.0,0.2
2010-04-23,4198,4207,4202.5,4192.0,0.24
2010-04-24,4203,4210,4206.5,4192.0,0.25
2010-04-25,4203,4210,4206.5,4192.0,0.35
2010-04-26,4204,4211,4207.5,4197.0,0.23
2010-04-27,4205,4212,4208.5,4199.0,0.2
2010-04-28,4208,4216,4212.0,4199.0,0.23
2010-04-29,4213,4222,4217.5,4204.0,0.19
2010-04-30,4217,4228,4222.5,4204.0,0.32
2010-05-01,4222,4229,4225.5,4204.0,1.18
2010-05-02,4222,4229,4225.5,4204.0,0.51
2010-05-03,4222,4229,4225.5,4204.0,0.51
2010-05-04,4222,4229,4225.5,4204.0,0.51
2010-05-05,4222,4229,4225.5,4204.0,0.51
2010-05-06,4222,4229,4225.5,4204.0,0.51
2010-05-07,4222,4229,4225.5,4204.0,0.51
2010-05-08,4222,4229,4225.5,4204.0,0.51
2010-05-09,4222,4229,4225.5,4204.0,0.51
2010-05-10,4222,4229,4225.5,4204.0,0.51
2010-05-11,4222,4229,4225.5,4204.0,0.51
2010-05-12,4225,4229,4227.0,4204.0,0.51
2010-05-13,4234,4229,4231.5,4204.0,0.55
2010-05-14,4234,4229,4231.5,4204.0,0.65
2010-05-15,4234,4229,4231.5,4204.0,0.65
2010-05-16,4234,4229,4231.5,4204.0,0.65
2010-05-17,4234,4229,4231.5,4204.0,0.65
2010-05-18,4235,4245,4240.0,4204.0,0.65
2010-05-19,4240,4252,4246.0,4204.0,0.86
2010-05-20,4241,4251,4246.0,4214.0,0.76
2010-05-21,4239,4246,4242.5,4214.0,0.76
2010-05-22,4237,4244,4240.5,4214.0,0.68
2010-05-23,4237,4244,4240.5,4214.0,0.63
2010-05-24,4237,4244,4240.5,4214.0,0.63
2010-05-25,4240,4247,4243.5,4214.0,0.63
2010-05-26,4241,4251,4246.0,4214.0,0.7
2010-05-27,4245,4256,4250.5,4214.0,0.76
2010-05-28,4248,4260,4254.0,4219.0,0.75
2010-05-29,4248,4258,4253.0,4219.0,0.83
2010-05-30,4248,4258,4253.0,4219.0,0.81
2010-05-31,4248,4259,4253.5,4219.0,0.81
2010-06-01,4249,4260,4254.5,4219.0,1.23
2010-06-02,4251,4262,4256.5,4219.0,0.84
2010-06-03,4252,4263,4257.5,4224.0,0.77
2010-06-04,4252,4262,4257.0,4224.0,0.79
2010-06-05,4250,4260,4255.0,4224.0,0.78
2010-06-06,4250,4260,4255.0,4224.0,0.73
2010-06-07,4249,4260,4254.5,4224.0,0.73
2010-06-08,4249,4260,4254.5,4224.0,0.72
2010-06-09,4248,4258,4253.0,4224.0,0.72
2010-06-10,4249,4260,4254.5,4224.0,0.69
2010-06-11,4247,4257,4252.0,4224.0,0.72
2010-06-12,4244,4252,4248.0,4224.0,0.66
2010-06-13,4244,4252,4248.0,4224.0,0.57
2010-06-14,4244,4252,4248.0,4224.0,0.57
2010-06-15,4244,4253,4248.5,4224.0,0.57
2010-06-16,4245,4254,4249.5,4224.0,0.58
2010-06-17,4246,4256,4251.0,4226.0,0.56
2010-06-18,4252,4262,4257.0,4226.0,0.59
2010-06-19,4252,4262,4257.0,4226.0,0.73
2010-06-20,4252,4262,4257.0,4226.0,0.73
2010-06-21,4252,4262,4257.0,4226.0,0.73
2010-06-22,4254,4265,4259.5,4226.0,0.73
2010-06-23,4255,4265,4260.0,4226.0,0.79
2010-06-24,4255,4265,4260.0,4226.0,0.8
2010-06-25,4253,4264,4258.5,4226.0,0.8
2010-06-26,4254,4266,4260.0,4226.0,0.77
2010-06-27,4254,4266,4260.0,4226.0,0.8
2010-06-28,4255,4267,4261.0,4226.0,0.8
2010-06-29,4256,4269,4262.5,4226.0,0.83
2010-06-30,4266,4276,4271.0,4226.0,0.86
2010-07-01,4267,4277,4272.0,4231.0,0.84
2010-07-02,4260,4269,4264.5,4231.0,0.97
2010-07-03,4259,4269,4264.0,4231.0,0.79
2010-07-04,4259,4269,4264.0,4231.0,0.78
2010-07-05,4259,4270,4264.0,4231.0,0.78
2010-07-06,4261,4272,4266.5,4231.0,0.78
2010-07-07,4260,4270,4265.0,4236.0,0.72
2010-07-08,4259,4270,4264.5,4236.0,0.68
2010-07-09,4257,4267,4262.0,4236.0,0.67
2010-07-10,4257,4267,4262.0,4236.0,0.61
2010-07-11,4257,4267,4262.0,4236.0,0.61
2010-07-12,4257,4267,4262.0,4236.0,0.61
2010-07-13,4256,4265,4260.5,4236.0,0.61
2010-07-14,4249,4259,4254.0,4236.0,0.58
2010-07-15,4248,4258,4253.0,4236.0,0.42
2010-07-16,4249,4264,4256.5,4236.0,0.4
2010-07-17,4249,4264,4256.5,4236.0,0.48
2010-07-18,4249,4264,4256.5,4236.0,0.48
2010-07-19,4249,4265,4257.0,4236.0,0.48
2010-07-20,4249,4262,4255.5,4236.0,0.5
2010-07-21,4251,4263,4257.0,4236.0,0.46
2010-07-22,4255,4268,4261.5,4241.0,0.38
2010-07-23,4256,4269,4262.5,4241.0,0.48
2010-07-24,4256,4269,4262.5,4241.0,0.51
2010-07-25,4256,4269,4262.5,4241.0,0.51
2010-07-26,4255,4268,4261.5,4241.0,0.51
2010-07-27,4254,4267,4260.5,4241.0,0.48
2010-07-28,4256,4269,4262.5,4241.0,0.46
2010-07-29,4258,4271,4264.5,4241.0,0.51
2010-07-30,4260,4273,4266.5,4241.0,0.55
2010-07-31,4260,4273,4266.5,4241.0,0.6
2010-08-01,4260,4273,4266.5,4241.0,0.5
2010-08-02,4259,4269,4264.0,4241.0,0.6
2010-08-03,4259,4270,4264.5,4241.0,0.54
2010-08-04,4259,4268,4263.5,4241.0,0.55
2010-08-05,4259,4270,4264.5,4241.0,0.53
2010-08-06,4257,4267,4262.0,4239.0,0.6
2010-08-07,4256,4266,4261.0,4239.0,0.54
2010-08-08,4256,4266,4261.0,4239.0,0.52
2010-08-09,4250,4260,4255.0,4239.0,0.52
2010-08-10,4247,4258,4252.5,4239.0,0.38
2010-08-11,4247,4258,4252.5,4239.0,0.32
2010-08-12,4247,4259,4253.0,4239.0,0.32
2010-08-13,4247,4259,4253.0,4239.0,0.33
2010-08-14,4250,4261,4255.5,4239.0,0.33
2010-08-15,4250,4261,4255.5,4239.0,0.39
2010-08-16,4250,4261,4255.5,4239.0,0.39
2010-08-17,4252,4262,4257.0,4239.0,0.39
2010-08-18,4251,4261,4256.0,4239.0,0.42
2010-08-19,4250,4261,4255.5,4239.0,0.4
2010-08-20,4250,4261,4255.5,4239.0,0.39
2010-08-21,4252,4263,4257.5,4239.0,0.39
2010-08-22,4252,4263,4257.5,4239.0,0.44
2010-08-23,4252,4263,4257.5,4239.0,0.44
2010-08-24,4252,4263,4257.5,4239.0,0.44
2010-08-25,4252,4263,4257.5,4239.0,0.44
2010-08-26,4253,4263,4258.0,4239.0,0.44
2010-08-27,4255,4266,4260.5,4239.0,0.45
2010-08-28,4258,4269,4263.5,4239.0,0.51
2010-08-29,4258,4269,4263.5,4239.0,0.58
2010-08-30,4258,4269,4263.5,4239.0,0.58
2010-08-31,4257,4267,4262.0,4239.0,0.58
2010-09-01,4256,4266,4261.0,4239.0,0.24
2010-09-02,4258,4268,4263.0,4239.0,0.52
2010-09-03,4249,4260,4254.5,4239.0,0.57
2010-09-04,4248,4260,4254.0,4239.0,0.37
2010-09-05,4248,4260,4254.0,4239.0,0.35
2010-09-06,4247,4258,4252.5,4239.0,0.35
2010-09-07,4246,4257,4251.5,4239.0,0.32
2010-09-08,4240,4250,4245.0,4239.0,0.29
2010-09-09,4238,4249,4243.5,4231.0,0.33
2010-09-10,4240,4251,4245.5,4231.0,0.3
2010-09-11,4241,4251,4246.0,4231.0,0.34
2010-09-12,4241,4251,4246.0,4231.0,0.35
2010-09-13,4241,4251,4246.0,4231.0,0.35
2010-09-14,4241,4251,4246.0,4231.0,0.35
2010-09-15,4241,4251,4246.0,4231.0,0.35
2010-09-16,4244,4253,4248.5,4231.0,0.35
2010-09-17,4249,4258,4253.5,4231.0,0.41
2010-09-18,4249,4260,4254.5,4231.0,0.53
2010-09-19,4249,4260,4254.5,4231.0,0.56
2010-09-20,4249,4257,4253.0,4231.0,0.56
2010-09-21,4249,4256,4252.5,4231.0,0.52
2010-09-22,4249,4258,4253.5,4231.0,0.51
2010-09-23,4249,4258,4253.5,4231.0,0.53
2010-09-24,4249,4258,4253.5,4231.0,0.53
2010-09-25,4249,4258,4253.5,4231.0,0.53
2010-09-26,4249,4258,4253.5,4231.0,0.53
2010-09-27,4249,4256,4252.5,4231.0,0.53
2010-09-28,4246,4254,4250.0,4231.0,0.51
2010-09-29,4245,4253,4249.0,4231.0,0.45
2010-09-30,4245,4253,4249.0,4231.0,0.43
2010-10-01,4245,4253,4249.0,4231.0,-0.26
2010-10-02,4236,4243,4239.5,4231.0,0.43
2010-10-03,4236,4243,4239.5,4231.0,0.2
2010-10-04,4236,4243,4239.5,4231.0,0.2
2010-10-05,4236,4243,4239.5,4231.0,0.2
2010-10-06,4229,4238,4233.5,4231.0,0.2
2010-10-07,4229,4238,4233.5,4231.0,0.06
2010-10-08,4229,4238,4233.5,4231.0,0.06
2010-10-09,4234,4245,4239.5,4231.0,0.06
2010-10-10,4234,4245,4239.5,4231.0,0.2
2010-10-11,4234,4245,4239.5,4231.0,0.2
2010-10-12,4238,4248,4243.0,4226.0,0.32
2010-10-13,4235,4244,4239.5,4226.0,0.4
2010-10-14,4235,4244,4239.5,4226.0,0.32
2010-10-15,4236,4244,4240.0,4226.0,0.32
2010-10-16,4242,4250,4246.0,4226.0,0.33
2010-10-17,4242,4250,4246.0,4226.0,0.47
2010-10-18,4242,4251,4246.5,4226.0,0.47
2010-10-19,4242,4252,4247.0,4226.0,0.49
2010-10-20,4242,4252,4247.0,4226.0,0.5
2010-10-21,4243,4253,4248.0,4226.0,0.5
2010-10-22,4242,4251,4246.5,4226.0,0.52
2010-10-23,4244,4254,4249.0,4226.0,0.49
2010-10-24,4244,4254,4249.0,4226.0,0.54
2010-10-25,4239,4246,4242.5,4226.0,0.54
2010-10-26,4239,4246,4242.5,4226.0,0.39
2010-10-27,4238,4244,4241.0,4226.0,0.39
2010-10-28,4239,4245,4242.0,4226.0,0.35
2010-10-29,4216,4224,4220.0,4226.0,0.38
2010-10-30,4216,4224,4220.0,4226.0,-0.14
2010-10-31,4216,4224,4220.0,4226.0,-0.14
2010-11-01,4216,4224,4220.0,4226.0,-3.51
2010-11-02,4207,4217,4212.0,4219.0,0.02
2010-11-03,4189,4199,4194.0,4204.0,0.19
2010-11-04,4156,4172,4164.0,4174.0,0.48
2010-11-05,4089,4111,4100.0,4134.0,0.73
2010-11-06,4083,4100,4091.5,4134.0,-0.82
2010-11-07,4083,4100,4091.5,4134.0,-1.03
2010-11-08,4073,4090,4081.5,4074.0,0.43
2010-11-09,4074,4089,4081.5,4074.0,0.18
2010-11-10,4071,4087,4079.0,4074.0,0.18
2010-11-11,4071,4084,4077.5,4079.0,0.0
2010-11-12,4068,4079,4073.5,4079.0,-0.04
2010-11-13,4055,4067,4061.0,4079.0,-0.13
2010-11-14,4057,4070,4063.5,4079.0,-0.44
2010-11-15,4058,4070,4064.0,4074.0,-0.26
2010-11-16,4057,4068,4062.5,4074.0,-0.25
2010-11-17,4064,4079,4071.5,4069.0,-0.16
2010-11-18,4073,4083,4078.0,4074.0,-0.06
2010-11-19,4073,4083,4078.0,4079.0,-0.02
2010-11-20,4073,4083,4078.0,4079.0,-0.02
2010-11-21,4073,4083,4078.0,4079.0,-0.02
2010-11-22,4084,4097,4090.5,4079.0,-0.02
2010-11-23,4084,4097,4090.5,4079.0,0.28
2010-11-24,4072,4082,4077.0,4079.0,0.28
2010-11-25,4072,4082,4077.0,4079.0,-0.05
2010-11-26,4073,4083,4078.0,4079.0,-0.05
2010-11-27,4076,4086,4081.0,4079.0,-0.02
2010-11-28,4076,4086,4081.0,4079.0,0.05
2010-11-29,4074,4081,4077.5,4079.0,0.05
2010-11-30,4074,4081,4077.5,4079.0,-0.04
2010-12-01,4072,4079,4075.5,4079.0,-0.7
2010-12-02,4068,4075,4071.5,4079.0,-0.09
2010-12-03,4066,4073,4069.5,4077.0,-0.13
2010-12-04,4061,4069,4065.0,4077.0,-0.18
2010-12-05,4061,4069,4065.0,4077.0,-0.29
2010-12-06,4061,4069,4065.0,4070.0,-0.12
2010-12-07,4061,4069,4065.0,4070.0,-0.12
2010-12-08,4059,4067,4063.0,4070.0,-0.12
2010-12-09,4058,4066,4062.0,4068.0,-0.12
2010-12-10,4051,4059,4055.0,4070.0,-0.2
2010-12-11,4051,4059,4055.0,4070.0,-0.37
2010-12-12,4051,4059,4055.0,4068.0,-0.32
2010-12-13,4054,4060,4057.0,4059.0,-0.1
2010-12-14,4057,4064,4060.5,4062.0,-0.12
2010-12-15,4056,4061,4058.5,4060.0,0.01
2010-12-16,4057,4063,4060.0,4062.0,-0.09
2010-12-17,4057,4062,4059.5,4062.0,-0.05
2010-12-18,4058,4068,4063.0,4062.0,-0.06
2010-12-19,4058,4068,4063.0,4062.0,0.02
2010-12-20,4058,4065,4061.5,4062.0,0.02
2010-12-21,4057,4063,4060.0,4062.0,-0.01
2010-12-22,4055,4061,4058.0,4060.0,0.0
2010-12-23,4054,4059,4056.5,4058.0,0.0
2010-12-24,4051,4056,4053.5,4056.0,0.01
2010-12-25,4051,4056,4053.5,4056.0,-0.06
2010-12-26,4051,4056,4053.5,4056.0,-0.06
2010-12-27,4051,4056,4053.5,4056.0,-0.06
2010-12-28,4051,4055,4053.0,4056.0,-0.06
2010-12-29,4051,4055,4053.0,4056.0,-0.07
2010-12-30,4048,4053,4050.5,4056.0,-0.07
2010-12-31,4048,4053,4050.5,4053.0,-0.06
2011-01-01,4048,4053,4050.5,4053.0,0.06
2011-01-02,4048,4053,4050.5,4053.0,-0.06
2011-01-03,4048,4053,4050.5,4053.0,-0.06
2011-01-04,4048,4053,4050.5,4053.0,-0.06
2011-01-05,4048,4053,4050.5,4053.0,-0.06
2011-01-06,4048,4053,4050.5,4053.0,-0.06
2011-01-07,4048,4053,4050.5,4053.0,-0.06
2011-01-08,4048,4053,4050.5,4053.0,-0.06
2011-01-09,4048,4053,4050.5,4053.0,-0.06
2011-01-10,4048,4053,4050.5,4053.0,-0.06
2011-01-11,4048,4053,4050.5,4053.0,-0.06
2011-01-12,4048,4053,4050.5,4053.0,-0.06
2011-01-13,4050,4056,4053.0,4053.0,-0.06
2011-01-14,4046,4052,4049.0,4053.0,0.0
2011-01-15,4046,4052,4049.0,4053.0,-0.1
2011-01-16,4050,4055,4052.5,4053.0,-0.1
2011-01-17,4048,4052,4050.0,4053.0,-0.01
2011-01-18,4048,4052,4050.0,4051.0,-0.02
2011-01-19,4048,4052,4050.0,4051.0,-0.02
2011-01-20,4048,4052,4050.0,4051.0,-0.02
2011-01-21,4048,4052,4050.0,4051.0,-0.02
2011-01-22,4050,4054,4052.0,4051.0,-0.02
2011-01-23,4050,4054,4052.0,4051.0,0.02
2011-01-24,4050,4056,4053.0,4051.0,0.02
2011-01-25,4052,4057,4054.5,4053.0,0.0
2011-01-26,4051,4056,4053.5,4053.0,0.04
2011-01-27,4049,4054,4051.5,4053.0,0.01
2011-01-28,4049,4054,4051.5,4053.0,-0.04
2011-01-29,4051,4057,4054.0,4053.0,-0.04
2011-01-30,4051,4057,4054.0,4053.0,0.02
2011-01-31,4052,4059,4055.5,4052.0,0.05
2011-02-01,4050,4056,4053.0,4052.0,-0.39
2011-02-02,4045,4056,4050.5,4052.0,0.02
2011-02-03,4045,4057,4051.0,4052.0,-0.04
2011-02-04,4045,4054,4049.5,4052.0,-0.02
2011-02-05,4041,4053,4047.0,4052.0,-0.06
2011-02-06,4041,4053,4047.0,4052.0,-0.12
2011-02-07,4045,4053,4049.0,4048.0,-0.02
2011-02-08,4043,4051,4047.0,4048.0,0.02
2011-02-09,4043,4049,4046.0,4048.0,-0.02
2011-02-10,4043,4049,4046.0,4047.0,-0.02
2011-02-11,4039,4045,4042.0,4047.0,-0.02
2011-02-12,4031,4041,4036.0,4047.0,-0.12
2011-02-13,4031,4041,4036.0,4047.0,-0.27
2011-02-14,4029,4038,4033.5,4037.0,-0.02
2011-02-15,4029,4036,4032.5,4034.0,-0.01
2011-02-16,4029,4036,4032.5,4034.0,-0.04
2011-02-17,4032,4042,4037.0,4036.0,-0.09
2011-02-18,4036,4044,4040.0,4036.0,0.02
2011-02-19,4036,4044,4040.0,4036.0,0.1
2011-02-20,4036,4044,4040.0,4036.0,0.1
2011-02-21,4036,4044,4040.0,4039.0,0.02
2011-02-22,4034,4042,4038.0,4039.0,0.02
2011-02-23,4036,4044,4040.0,4039.0,-0.02
2011-02-24,4034,4042,4038.0,4039.0,0.02
2011-02-25,4034,4042,4038.0,4039.0,-0.02
2011-02-26,4034,4038,4036.0,4039.0,-0.02
2011-02-27,4034,4038,4036.0,4039.0,-0.07
2011-02-28,4034,4038,4036.0,4039.0,-0.07
2011-03-01,4035,4040,4037.5,4039.0,-0.79
2011-03-02,4034,4039,4036.5,4039.0,-0.04
2011-03-03,4034,4039,4036.5,4039.0,-0.06
2011-03-04,4032,4037,4034.5,4039.0,-0.06
2011-03-05,4033,4039,4036.0,4039.0,-0.11
2011-03-06,4033,4039,4036.0,4039.0,-0.07
2011-03-07,4033,4038,4035.5,4037.0,-0.02
2011-03-08,4033,4038,4035.5,4037.0,-0.04
2011-03-09,4033,4038,4035.5,4037.0,-0.04
2011-03-10,4033,4037,4035.0,4037.0,-0.04
2011-03-11,4033,4037,4035.0,4037.0,-0.05
2011-03-12,4033,4038,4035.5,4037.0,-0.05
2011-03-13,4033,4038,4035.5,4037.0,-0.04
2011-03-14,4033,4038,4035.5,4037.0,-0.04
2011-03-15,4033,4038,4035.5,4037.0,-0.04
2011-03-16,4034,4039,4036.5,4037.0,-0.04
2011-03-17,4035,4041,4038.0,4037.0,-0.01
2011-03-18,4033,4038,4035.5,4037.0,0.02
2011-03-19,4033,4038,4035.5,4037.0,-0.04
2011-03-20,4033,4038,4035.5,4037.0,-0.04
2011-03-21,4028,4034,4031.0,4037.0,-0.04
2011-03-22,4028,4034,4031.0,4033.0,-0.05
2011-03-23,4028,4034,4031.0,4033.0,-0.05
2011-03-24,4028,4034,4031.0,4033.0,-0.05
2011-03-25,4028,4032,4030.0,4033.0,-0.05
2011-03-26,4019,4025,4022.0,4033.0,-0.07
2011-03-27,4019,4025,4022.0,4033.0,-0.27
2011-03-28,4019,4025,4022.0,4033.0,-0.27
2011-03-29,4015,4021,4018.0,4016.0,0.15
2011-03-30,4015,4021,4018.0,4016.0,0.05
2011-03-31,4004,4010,4007.0,4010.0,0.2
2011-04-01,3997,4007,4002.0,4007.0,1.62
2011-04-02,3987,3998,3992.5,4007.0,-0.12
2011-04-03,3987,3998,3992.5,4007.0,-0.36
2011-04-04,3987,3995,3991.0,3992.0,0.01
2011-04-05,3983,3989,3986.0,3986.0,0.13
2011-04-06,3983,3989,3986.0,3986.0,0.0
2011-04-07,3986,3993,3989.5,3986.0,0.0
2011-04-08,3989,3998,3993.5,3989.0,0.01
2011-04-09,3987,3993,3990.0,3989.0,0.11
2011-04-10,3987,3993,3990.0,3989.0,0.03
2011-04-11,3984,3990,3987.0,3989.0,0.03
2011-04-12,3982,3990,3986.0,3985.0,0.05
2011-04-13,3989,3998,3993.5,3985.0,0.03
2011-04-14,3983,3992,3987.5,3985.0,0.21
2011-04-15,3983,3992,3987.5,3985.0,0.06
2011-04-16,3983,3992,3987.5,3985.0,0.06
2011-04-17,3983,3992,3987.5,3985.0,0.06
2011-04-18,3991,3999,3995.0,3985.0,0.06
2011-04-19,3991,3999,3995.0,3995.0,0.0
2011-04-20,3995,4002,3998.5,3995.0,0.0
2011-04-21,4015,4025,4020.0,4004.0,-0.14
2011-04-22,4047,4047,4047.0,4004.0,0.4
2011-04-23,4123,4135,4129.0,4004.0,1.07
2011-04-24,4056,4078,4067.0,4004.0,3.12
2011-04-25,4049,4067,4058.0,4004.0,1.57
2011-04-26,4062,4073,4067.5,4024.0,0.84
2011-04-27,4064,4080,4072.0,4024.0,1.08
2011-04-28,4061,4071,4066.0,4024.0,1.19
2011-04-29,4060,4069,4064.5,4024.0,1.04
2011-04-30,4064,4080,4072.0,4024.0,1.01
2011-05-01,4064,4072,4068.0,4024.0,1.85
2011-05-02,4064,4072,4068.0,4024.0,1.09
2011-05-03,4062,4068,4065.0,4024.0,1.09
2011-05-04,4062,4071,4066.5,4024.0,1.02
2011-05-05,4062,4071,4066.5,4024.0,1.06
2011-05-06,4062,4071,4066.5,4024.0,1.06
2011-05-07,4062,4071,4066.5,4024.0,1.06
2011-05-08,4062,4071,4066.5,4024.0,1.06
2011-05-09,4062,4071,4066.5,4024.0,1.06
2011-05-10,4060,4069,4064.5,4024.0,1.06
2011-05-11,4060,4069,4064.5,4024.0,1.01
2011-05-12,4060,4069,4064.5,4024.0,1.01
2011-05-13,4070,4078,4074.0,4024.0,1.01
2011-05-14,4070,4078,4074.0,4024.0,1.24
2011-05-15,4070,4078,4074.0,4024.0,1.24
2011-05-16,4070,4078,4074.0,4024.0,1.24
2011-05-17,4070,4078,4074.0,4024.0,1.24
2011-05-18,4070,4078,4074.0,4024.0,1.24
2011-05-19,4084,4098,4091.0,4034.0,0.99
2011-05-20,4084,4098,4091.0,4049.0,1.04
2011-05-21,4097,4106,4101.5,4049.0,1.04
2011-05-22,4097,4106,4101.5,4049.0,1.3
2011-05-23,4097,4106,4101.5,4049.0,1.3
2011-05-24,4097,4106,4101.5,4049.0,1.3
2011-05-25,4094,4103,4098.5,4079.0,0.55
2011-05-26,4094,4103,4098.5,4084.0,0.36
2011-05-27,4094,4103,4098.5,4084.0,0.36
2011-05-28,4094,4103,4098.5,4084.0,0.36
2011-05-29,4094,4103,4098.5,4084.0,0.36
2011-05-30,4094,4103,4098.5,4084.0,0.36
2011-05-31,4094,4103,4098.5,4084.0,0.36
2011-06-01,4099,4109,4104.0,4084.0,0.99
2011-06-02,4099,4109,4104.0,4087.0,0.42
2011-06-03,4097,4104,4100.5,4089.0,0.37
2011-06-04,4097,4104,4100.5,4089.0,0.28
2011-06-05,4097,4104,4100.5,4089.0,0.28
2011-06-06,4097,4104,4100.5,4089.0,0.28
2011-06-07,4097,4104,4100.5,4089.0,0.28
2011-06-08,4097,4104,4100.5,4089.0,0.28
2011-06-09,4097,4104,4100.5,4089.0,0.28
2011-06-10,4099,4107,4103.0,4089.0,0.28
2011-06-11,4097,4104,4100.5,4089.0,0.34
2011-06-12,4097,4104,4100.5,4089.0,0.28
2011-06-13,4097,4104,4100.5,4089.0,0.28
2011-06-14,4094,4101,4097.5,4089.0,0.28
2011-06-15,4094,4100,4097.0,4086.0,0.28
2011-06-16,4095,4104,4099.5,4086.0,0.27
2011-06-17,4095,4112,4103.5,4091.0,0.21
2011-06-18,4109,4117,4113.0,4091.0,0.31
2011-06-19,4109,4117,4113.0,4091.0,0.54
2011-06-20,4109,4117,4113.0,4091.0,0.54
2011-06-21,4109,4117,4113.0,4101.0,0.29
2011-06-22,4109,4117,4113.0,4104.0,0.22
2011-06-23,4109,4117,4113.0,4104.0,0.22
2011-06-24,4120,4127,4123.5,4104.0,0.34
2011-06-26,4120,4127,4123.5,4104.0,0.48
2011-06-27,4124,4134,4129.0,4114.0,0.23
2011-06-28,4124,4133,4128.5,4119.0,0.24
2011-06-29,4122,4129,4125.5,4119.0,0.23
2011-06-30,4122,4127,4124.5,4119.0,0.16
2011-07-01,4122,4127,4124.5,4119.0,-0.41
2011-07-02,4122,4127,4124.5,4119.0,0.13
2011-07-03,4122,4127,4124.5,4119.0,0.13
2011-07-04,4119,4126,4122.5,4119.0,0.13
2011-07-05,4118,4125,4121.5,4119.0,0.08
2011-07-06,4118,4125,4121.5,4119.0,0.06
2011-07-07,4113,4118,4115.5,4116.0,0.13
2011-07-08,4108,4114,4111.0,4114.0,0.04
2011-07-09,4096,4105,4100.5,4114.0,-0.07
2011-07-10,4096,4105,4100.5,4114.0,-0.33
2011-07-11,4096,4105,4100.5,4104.0,-0.09
2011-07-12,4100,4106,4103.0,4104.0,-0.09
2011-07-13,4101,4109,4105.0,4107.0,-0.1
2011-07-14,4105,4111,4108.0,4107.0,-0.05
2011-07-15,4101,4107,4104.0,4103.5,0.11
2011-07-16,4101,4107,4104.0,4103.5,0.01
2011-07-17,4101,4107,4104.0,4103.5,0.01
2011-07-18,4101,4107,4104.0,4104.0,0.0
2011-07-19,4101,4110,4105.5,4104.0,0.0
2011-07-20,4101,4110,4105.5,4104.0,0.04
2011-07-21,4104,4110,4107.0,4106.0,-0.01
2011-07-22,4104,4110,4107.0,4106.0,0.02
2011-07-23,4104,4110,4107.0,4106.0,0.02
2011-07-24,4104,4110,4107.0,4106.0,0.02
2011-07-25,4104,4110,4107.0,4106.0,0.02
2011-07-26,4104,4110,4107.0,4106.0,0.02
2011-07-27,4104,4109,4106.5,4106.0,0.02
2011-07-28,4101,4107,4104.0,4106.0,0.01
2011-07-29,4099,4107,4103.0,4104.0,0.0
2011-07-30,4098,4106,4102.0,4104.0,-0.02
2011-07-31,4098,4106,4102.0,4104.0,-0.05
2011-08-01,4100,4107,4103.5,4104.0,-0.11
2011-08-02,4101,4107,4104.0,4104.0,-0.01
2011-08-03,4100,4106,4103.0,4104.0,0.0
2011-08-04,4100,4106,4103.0,4104.0,-0.02
2011-08-05,4100,4106,4103.0,4104.0,-0.02
2011-08-06,4097,4101,4099.0,4104.0,-0.02
2011-08-07,4097,4101,4099.0,4104.0,-0.12
2011-08-08,4094,4100,4097.0,4101.0,-0.05
2011-08-09,4094,4100,4097.0,4098.0,-0.02
2011-08-10,4093,4099,4096.0,4098.0,-0.02
2011-08-11,4092,4098,4095.0,4098.0,-0.05
2011-08-12,4082,4089,4085.5,4093.0,0.05
2011-08-13,4075,4088,4081.5,4098.0,-0.31
2011-08-14,4075,4088,4081.5,4093.0,-0.28
2011-08-15,4075,4088,4081.5,4093.0,-0.28
2011-08-16,4079,4090,4084.5,4080.0,0.04
2011-08-17,4088,4097,4092.5,4082.0,0.06
2011-08-18,4093,4102,4097.5,4087.0,0.13
2011-08-19,4090,4099,4094.5,4087.0,0.26
2011-08-20,4090,4099,4094.5,4087.0,0.18
2011-08-21,4090,4099,4094.5,4087.0,0.18
2011-08-22,4093,4102,4097.5,4087.0,0.18
2011-08-23,4093,4102,4097.5,4092.0,0.13
2011-08-24,4096,4104,4100.0,4092.0,0.13
2011-08-25,4096,4104,4100.0,4097.0,0.07
2011-08-26,4096,4101,4098.5,4097.0,0.07
2011-08-27,4096,4104,4100.0,4097.0,0.04
2011-08-28,4096,4104,4100.0,4097.0,0.07
2011-08-29,4096,4103,4099.5,4097.0,0.07
2011-08-30,4096,4103,4099.5,4097.0,0.06
2011-08-31,4096,4103,4099.5,4097.0,0.06
2011-09-01,4100,4106,4103.0,4097.0,-0.15
2011-09-02,4095,4099,4097.0,4099.0,0.1
2011-09-03,4095,4104,4099.5,4099.0,-0.05
2011-09-04,4095,4104,4099.5,4099.0,0.01
2011-09-05,4095,4103,4099.0,4099.0,0.01
2011-09-06,4091,4098,4094.5,4099.0,0.0
2011-09-07,4091,4098,4094.5,4097.0,-0.06
2011-09-08,4090,4098,4094.0,4097.0,-0.06
2011-09-09,4088,4095,4091.5,4092.0,0.05
2011-09-10,4079,4087,4083.0,4092.0,-0.01
2011-09-11,4079,4087,4083.0,4092.0,-0.22
2011-09-12,4079,4086,4082.5,4085.0,-0.05
2011-09-13,4073,4083,4078.0,4085.0,-0.06
2011-09-14,4073,4083,4078.0,4078.0,0.0
2011-09-15,4066,4080,4073.0,4071.0,0.17
2011-09-16,4069,4080,4074.5,4071.0,0.05
2011-09-17,4072,4083,4077.5,4071.0,0.09
2011-09-18,4072,4083,4077.5,4071.0,0.16
2011-09-19,4075,4085,4080.0,4071.0,0.16
2011-09-20,4080,4089,4084.5,4071.0,0.22
2011-09-21,4080,4089,4084.5,4074.0,0.26
2011-09-22,4080,4089,4084.5,4074.0,0.26
2011-09-23,4080,4089,4084.5,4074.0,0.26
2011-09-24,4080,4089,4084.5,4074.0,0.26
2011-09-25,4080,4089,4084.5,4074.0,0.26
2011-09-26,4080,4089,4084.5,4074.0,0.26
2011-09-27,4080,4089,4084.5,4074.0,0.26
2011-09-28,4084,4104,4094.0,4074.0,0.26
2011-09-29,4084,4104,4094.0,4074.0,0.49
2011-09-30,4084,4098,4091.0,4084.0,0.24
2011-10-01,4106,4114,4110.0,4084.0,0.27
2011-10-02,4106,4114,4110.0,4084.0,0.64
2011-10-03,4110,4119,4114.5,4094.0,0.39
2011-10-04,4110,4119,4114.5,4104.0,0.26
2011-10-05,4110,4119,4114.5,4104.0,0.26
2011-10-06,4110,4117,4113.5,4104.0,0.26
2011-10-07,4099,4108,4103.5,4104.0,0.23
2011-10-08,4097,4107,4102.0,4104.0,-0.01
2011-10-09,4097,4107,4102.0,4104.0,-0.05
2011-10-10,4097,4107,4102.0,4104.0,-0.05
2011-10-11,4095,4103,4099.0,4104.0,-0.05
2011-10-12,4095,4103,4099.0,4099.0,0.0
2011-10-13,4095,4103,4099.0,4099.0,0.0
2011-10-14,4095,4103,4099.0,4099.0,0.0
2011-10-15,4100,4106,4103.0,4099.0,0.0
2011-10-16,4100,4106,4103.0,4099.0,0.1
2011-10-17,4099,4106,4102.5,4104.0,-0.02
2011-10-18,4099,4106,4102.5,4104.0,-0.04
2011-10-19,4099,4106,4102.5,4104.0,-0.04
2011-10-20,4099,4106,4102.5,4104.0,-0.04
2011-10-21,4100,4107,4103.5,4104.0,-0.04
2011-10-22,4100,4107,4103.5,4104.0,-0.01
2011-10-23,4100,4107,4103.5,4104.0,-0.01
2011-10-24,4099,4106,4102.5,4104.0,-0.01
2011-10-25,4099,4106,4102.5,4104.0,-0.04
2011-10-26,4099,4106,4102.5,4104.0,-0.04
2011-10-27,4099,4106,4102.5,4104.0,-0.04
2011-10-28,4097,4102,4099.5,4104.0,-0.04
2011-10-29,4092,4098,4095.0,4104.0,-0.11
2011-10-30,4092,4098,4095.0,4104.0,-0.22
2011-10-31,4092,4098,4095.0,4104.0,-0.22
2011-11-01,4092,4098,4095.0,4104.0,-1.71
2011-11-02,4092,4097,4094.5,4099.0,-0.1
2011-11-03,4082,4092,4087.0,4096.0,-0.04
2011-11-04,4078,4087,4082.5,4084.0,0.07
2011-11-05,4063,4072,4067.5,4084.0,-0.04
2011-11-06,4063,4072,4067.5,4084.0,-0.4
2011-11-07,4061,4069,4065.0,4067.0,0.01
2011-11-08,4059,4062,4060.5,4065.0,0.0
2011-11-09,4059,4067,4063.0,4065.0,-0.11
2011-11-10,4059,4067,4063.0,4065.0,-0.05
2011-11-11,4059,4067,4063.0,4065.0,-0.05
2011-11-12,4059,4067,4063.0,4065.0,-0.05
2011-11-13,4059,4067,4063.0,4065.0,-0.05
2011-11-14,4052,4061,4056.5,4065.0,-0.05
2011-11-15,4051,4058,4054.5,4055.0,0.04
2011-11-16,4048,4056,4052.0,4055.0,-0.01
2011-11-17,4041,4051,4046.0,4053.0,-0.02
2011-11-18,4039,4048,4043.5,4045.0,0.02
2011-11-19,4029,4038,4033.5,4045.0,-0.04
2011-11-20,4029,4038,4033.5,4045.0,-0.28
2011-11-21,4029,4038,4033.5,4035.0,-0.04
2011-11-22,4029,4038,4033.5,4035.0,-0.04
2011-11-23,4029,4039,4034.0,4035.0,-0.04
2011-11-24,4032,4043,4037.5,4035.0,-0.02
2011-11-25,4030,4039,4034.5,4035.0,0.06
2011-11-26,4030,4037,4033.5,4035.0,-0.01
2011-11-27,4030,4037,4033.5,4035.0,-0.04
2011-11-28,4030,4037,4033.5,4035.0,-0.04
2011-11-29,4030,4037,4033.5,4035.0,-0.04
2011-11-30,4030,4038,4034.0,4035.0,-0.04
2011-12-01,4033,4039,4036.0,4035.0,0.66
2011-12-02,4030,4038,4034.0,4035.0,0.02
2011-12-03,4030,4038,4034.0,4035.0,-0.02
2011-12-04,4030,4038,4034.0,4035.0,-0.02
2011-12-05,4032,4037,4034.5,4035.0,-0.02
2011-12-06,4030,4035,4032.5,4035.0,-0.01
2011-12-07,4030,4035,4032.5,4033.0,-0.01
2011-12-08,4030,4035,4032.5,4033.0,-0.01
2011-12-09,4030,4035,4032.5,4033.0,-0.01
2011-12-10,4026,4033,4029.5,4033.0,-0.01
2011-12-11,4026,4033,4029.5,4033.0,-0.09
2011-12-12,4026,4033,4029.5,4033.0,-0.09
2011-12-13,4026,4033,4029.5,4029.0,0.01
2011-12-14,4029,4035,4032.0,4029.0,0.01
2011-12-15,4031,4035,4033.0,4029.0,0.07
2011-12-16,4031,4035,4033.0,4029.0,0.1
2011-12-17,4033,4042,4037.5,4029.0,0.1
2011-12-18,4033,4042,4037.5,4029.0,0.21
2011-12-19,4033,4041,4037.0,4034.0,0.09
2011-12-20,4033,4039,4036.0,4034.0,0.07
2011-12-21,4038,4044,4041.0,4034.0,0.05
2011-12-22,4042,4048,4045.0,4039.0,0.05
2011-12-23,4042,4049,4045.5,4039.0,0.15
2011-12-24,4048,4054,4051.0,4039.0,0.16
2011-12-25,4048,4054,4051.0,4039.0,0.3
2011-12-26,4048,4054,4051.0,4039.0,0.3
2011-12-27,4043,4049,4046.0,4039.0,0.3
2011-12-28,4045,4052,4048.5,4039.0,0.17
2011-12-29,4046,4054,4050.0,4039.0,0.24
2011-12-30,4046,4054,4050.0,4039.0,0.27
2011-12-31,4057,4066,4061.5,4039.0,0.27
2012-01-01,4057,4066,4061.5,4039.0,0.56
2012-01-02,4057,4066,4061.5,4039.0,0.56
2012-01-03,4050,4058,4054.0,4039.0,0.56
2012-01-04,4050,4058,4054.0,4039.0,0.37
2012-01-05,4060,4069,4064.5,4039.0,0.37
2012-01-06,4060,4069,4064.5,4039.0,0.63
2012-01-07,4060,4069,4064.5,4039.0,0.63
2012-01-08,4060,4069,4064.5,4039.0,0.63
2012-01-09,4060,4069,4064.5,4039.0,0.63
2012-01-10,4060,4067,4063.5,4059.0,0.14
2012-01-11,4060,4068,4064.0,4061.0,0.06
2012-01-12,4060,4067,4063.5,4061.0,0.07
2012-01-13,4056,4066,4061.0,4058.0,0.14
2012-01-14,4062,4072,4067.0,4058.0,0.07
2012-01-15,4062,4072,4067.0,4058.0,0.22
2012-01-16,4064,4074,4069.0,4059.0,0.2
2012-01-17,4066,4076,4071.0,4064.0,0.12
2012-01-18,4073,4083,4078.0,4064.0,0.17
2012-01-19,4088,4087,4087.5,4064.0,0.34
2012-01-20,4088,4087,4087.5,4064.0,0.58
2012-01-21,4069,4079,4074.0,4064.0,0.58
2012-01-22,4069,4079,4074.0,4064.0,0.25
2012-01-23,4058,4079,4068.5,4064.0,0.25
2012-01-24,4058,4079,4068.5,4064.0,0.11
2012-01-25,4058,4079,4068.5,4064.0,0.11
2012-01-26,4064,4076,4070.0,4064.0,0.11
2012-01-27,4065,4076,4070.5,4064.0,0.15
2012-01-28,4064,4078,4071.0,4064.0,0.16
2012-01-29,4064,4078,4071.0,4064.0,0.17
2012-01-30,4070,4078,4074.0,4064.0,0.17
2012-02-01,4070,4080,4075.0,4064.0,0.33
2012-02-02,4060,4070,4065.0,4064.0,0.27
2012-02-03,4055,4065,4060.0,4064.0,0.02
2012-02-04,4039,4049,4044.0,4064.0,-0.1
2012-02-05,4039,4049,4044.0,4064.0,-0.49
2012-02-06,4039,4049,4044.0,4044.0,0.0
2012-02-07,4039,4049,4044.0,4044.0,0.0
2012-02-08,4039,4049,4044.0,4044.0,0.0
2012-02-09,4039,4048,4043.5,4044.0,0.0
2012-02-10,4037,4045,4041.0,4044.0,-0.01
2012-02-11,4029,4038,4033.5,4044.0,-0.07
2012-02-12,4029,4038,4033.5,4044.0,-0.26
2012-02-13,4029,4038,4033.5,4034.0,-0.01
2012-02-14,4021,4032,4026.5,4026.0,0.19
2012-02-15,4025,4035,4030.0,4021.0,0.14
2012-02-16,4029,4037,4033.0,4021.0,0.22
2012-02-17,4029,4037,4033.0,4021.0,0.3
2012-02-18,4023,4033,4028.0,4021.0,0.3
2012-02-19,4023,4033,4028.0,4021.0,0.17
2012-02-20,4023,4033,4028.0,4021.0,0.17
2012-02-21,4023,4030,4026.5,4021.0,0.17
2012-02-22,4025,4033,4029.0,4021.0,0.14
2012-02-23,4025,4033,4029.0,4021.0,0.2
2012-02-24,4025,4033,4029.0,4021.0,0.2
2012-02-25,4016,4024,4020.0,4021.0,0.2
2012-02-26,4016,4024,4020.0,4021.0,-0.02
2012-02-27,4014,4021,4017.5,4018.0,0.05
2012-02-28,4013,4018,4015.5,4015.0,0.06
2012-03-01,4013,4018,4015.5,4015.0,0.01
2012-03-02,4013,4018,4015.5,4015.0,0.01
2012-03-03,4009,4015,4012.0,4015.0,0.01
2012-03-04,4009,4015,4012.0,4015.0,-0.07
2012-03-05,4008,4012,4010.0,4013.0,-0.02
2012-03-06,4008,4012,4010.0,4013.0,-0.07
2012-03-07,4008,4012,4010.0,4013.0,-0.07
2012-03-08,4008,4012,4010.0,4013.0,-0.07
2012-03-09,4008,4012,4010.0,4013.0,-0.07
2012-03-10,3999,4006,4002.5,4013.0,-0.07
2012-03-11,3999,4006,4002.5,4013.0,-0.26
2012-03-12,3999,4006,4002.5,4013.0,-0.26
2012-03-13,3992,4003,3997.5,4013.0,-0.26
2012-03-14,3997,4005,4001.0,4001.0,-0.09
2012-03-15,3997,4005,4001.0,4001.0,0.0
2012-03-16,3997,4005,4001.0,4001.0,0.0
2012-03-17,4000,4008,4004.0,4001.0,0.0
2012-03-18,4000,4008,4004.0,4001.0,0.07
2012-03-19,4000,4008,4004.0,4001.0,0.07
2012-03-20,4004,4010,4007.0,4001.0,0.07
2012-03-21,4007,4012,4009.5,4001.0,0.15
2012-03-22,4010,4015,4012.5,4001.0,0.21
2012-03-23,4010,4015,4012.5,4001.0,0.29
2012-03-24,4010,4015,4012.5,4001.0,0.29
2012-03-25,4010,4015,4012.5,4001.0,0.29
2012-03-26,4003,4008,4005.5,4006.0,0.16
2012-03-27,4001,4006,4003.5,4003.0,0.06
2012-03-28,3998,4005,4001.5,4000.0,0.09
2012-03-29,3993,3998,3995.5,3995.0,0.16
2012-03-30,3995,4001,3998.0,3995.0,0.01
2012-03-31,3995,4005,4000.0,3995.0,0.08
2012-04-01,3995,4005,4000.0,3995.0,0.13
2012-04-02,3995,4005,4000.0,3995.0,0.13
2012-04-03,3995,4005,4000.0,3995.0,0.13
2012-04-04,3995,4005,4000.0,3995.0,0.13
2012-04-05,3995,4005,4000.0,3995.0,0.13
2012-04-06,3995,4005,4000.0,3995.0,0.13
2012-04-07,3996,4005,4000.5,3995.0,0.13
2012-04-08,3996,4005,4000.5,3995.0,0.14
2012-04-09,3998,4005,4001.5,3995.0,0.14
2012-04-10,3998,4005,4001.5,3995.0,0.16
2012-04-11,3998,4005,4001.5,3995.0,0.16
2012-04-12,3998,4005,4001.5,3995.0,0.16
2012-04-13,3996,4005,4000.5,3995.0,0.16
2012-04-14,3998,4005,4001.5,3995.0,0.14
2012-04-15,3998,4005,4001.5,3995.0,0.16
2012-04-16,4000,4014,4007.0,3995.0,0.16
2012-04-17,4000,4017,4008.5,3995.0,0.3
2012-04-18,4003,4015,4009.0,4000.0,0.21
2012-04-19,4010,4022,4016.0,4000.0,0.23
2012-04-20,4015,4025,4020.0,4005.0,0.27
2012-04-21,4034,4044,4039.0,4005.0,0.37
2012-04-22,4034,4044,4039.0,4005.0,0.85
2012-04-23,4039,4054,4046.5,4015.0,0.6
2012-04-24,4042,4056,4049.0,4025.0,0.53
2012-04-25,4042,4056,4049.0,4025.0,0.6
2012-04-26,4042,4056,4049.0,4025.0,0.6
2012-04-27,4042,4056,4049.0,4025.0,0.6
2012-04-28,4042,4056,4049.0,4025.0,0.6
2012-04-29,4042,4056,4049.0,4025.0,0.6
2012-05-01,4045,4057,4051.0,4025.0,0.6
2012-05-02,4045,4057,4051.0,4025.0,0.65
2012-05-03,4045,4057,4051.0,4025.0,0.65
2012-05-04,4045,4057,4051.0,4025.0,0.65
2012-05-05,4038,4048,4043.0,4025.0,0.65
2012-05-06,4038,4048,4043.0,4025.0,0.45
2012-05-07,4038,4048,4043.0,4025.0,0.45
2012-05-08,4038,4048,4043.0,4025.0,0.45
2012-05-09,4038,4048,4043.0,4025.0,0.45
2012-05-10,4038,4048,4043.0,4025.0,0.45
2012-05-11,4038,4048,4043.0,4025.0,0.45
2012-05-12,4048,4058,4053.0,4025.0,0.45
2012-05-13,4048,4058,4053.0,4025.0,0.7
2012-05-14,4048,4058,4053.0,4025.0,0.7
2012-05-15,4048,4058,4053.0,4025.0,0.7
2012-05-16,4048,4058,4053.0,4025.0,0.7
2012-05-17,4048,4058,4053.0,4025.0,0.7
2012-05-18,4048,4058,4053.0,4025.0,0.7
2012-05-19,4060,4070,4065.0,4025.0,0.7
2012-05-20,4060,4070,4065.0,4025.0,0.99
2012-05-21,4060,4070,4065.0,4035.0,0.74
2012-05-22,4074,4089,4081.5,4045.0,0.49
2012-05-23,4074,4089,4081.5,4045.0,0.9
2012-05-24,4084,4095,4089.5,4045.0,0.9
2012-05-25,4090,4098,4094.0,4045.0,1.1
2012-05-26,4090,4098,4094.0,4045.0,1.21
2012-05-27,4090,4098,4094.0,4045.0,1.21
2012-05-28,4090,4098,4094.0,4045.0,1.21
2012-05-29,4090,4098,4094.0,4045.0,1.21
2012-05-30,4095,4105,4100.0,4045.0,1.21
2012-06-01,4090,4098,4094.0,4065.0,0.86
2012-06-02,4090,4098,4094.0,4065.0,0.71
2012-06-03,4090,4098,4094.0,4065.0,0.71
2012-06-04,4090,4098,4094.0,4065.0,0.71
2012-06-05,4090,4098,4094.0,4065.0,0.71
2012-06-06,4095,4103,4099.0,4065.0,0.71
2012-06-07,4095,4103,4099.0,4065.0,0.84
2012-06-08,4095,4103,4099.0,4065.0,0.84
2012-06-09,4095,4103,4099.0,4065.0,0.84
2012-06-10,4095,4103,4099.0,4065.0,0.84
2012-06-11,4095,4103,4099.0,4065.0,0.84
2012-06-12,4098,4106,4102.0,4065.0,0.84
2012-06-13,4098,4105,4101.5,4065.0,0.91
2012-06-14,4098,4105,4101.5,4065.0,0.9
2012-06-15,4095,4103,4099.0,4065.0,0.9
2012-06-16,4098,4106,4102.0,4065.0,0.84
2012-06-17,4098,4105,4101.5,4065.0,0.91
2012-06-18,4098,4105,4101.5,4065.0,0.9
2012-06-19,4098,4105,4101.5,4065.0,0.9
2012-06-20,4098,4105,4101.5,4065.0,0.9
2012-06-21,4098,4105,4101.5,4065.0,0.9
2012-06-22,4098,4105,4101.5,4065.0,0.9
2012-06-23,4100,4109,4104.5,4065.0,0.9
2012-06-24,4100,4109,4104.5,4065.0,0.97
2012-06-25,4100,4109,4104.5,4065.0,0.97
2012-06-26,4105,4110,4107.5,4065.0,0.97
2012-06-27,4105,4110,4107.5,4065.0,1.05
2012-06-28,4105,4112,4108.5,4065.0,1.05
2012-06-29,4105,4112,4108.5,4065.0,1.07
2012-07-01,4100,4109,4104.5,4065.0,0.97
2012-07-02,4100,4109,4104.5,4065.0,0.97
2012-07-03,4100,4109,4104.5,4065.0,0.97
2012-07-04,4090,4096,4093.0,4075.0,0.72
2012-07-05,4090,4096,4093.0,4075.0,0.44
2012-07-06,4090,4096,4093.0,4075.0,0.44
2012-07-07,4090,4096,4093.0,4075.0,0.44
2012-07-08,4090,4096,4093.0,4075.0,0.44
2012-07-09,4090,4096,4093.0,4075.0,0.44
2012-07-10,4087,4095,4091.0,4075.0,0.44
2012-07-11,4087,4095,4091.0,4075.0,0.39
2012-07-12,4080,4087,4084.0,4073.0,0.44
2012-07-13,4078,4085,4082.0,4073.0,0.26
2012-07-14,4078,4085,4082.0,4073.0,0.21
2012-07-15,4078,4085,4082.0,4073.0,0.21
2012-07-16,4078,4085,4082.0,4073.0,0.21
2012-07-17,4080,4087,4084.0,4073.0,0.21
2012-07-18,4083,4090,4087.0,4073.0,0.26
2012-07-19,4088,4095,4092.0,4073.0,0.33
2012-07-20,4088,4095,4092.0,4073.0,0.45
2012-07-21,4090,4097,4094.0,4073.0,0.45
2012-07-22,4090,4097,4094.0,4073.0,0.5
2012-07-23,4090,4097,4094.0,4073.0,0.5
2012-07-24,4093,4100,4097.0,4073.0,0.5
2012-07-25,4093,4100,4097.0,4073.0,0.58
2012-07-26,4090,4098,4094.0,4073.0,0.58
2012-07-27,4080,4088,4084.0,4070.0,0.59
2012-07-28,4080,4086,4083.0,4070.0,0.34
2012-07-29,4080,4086,4083.0,4070.0,0.32
2012-07-30,4077,4084,4081.0,4070.0,0.32
2012-08-01,4075,4082,4079.0,4067.0,0.33
2012-08-02,4075,4082,4079.0,4067.0,0.28
2012-08-03,4073,4080,4077.0,4067.0,0.28
2012-08-04,4073,4080,4077.0,4067.0,0.23
2012-08-05,4073,4080,4077.0,4067.0,0.23
2012-08-06,4069,4078,4074.0,4067.0,0.23
2012-08-07,4069,4078,4074.0,4065.0,0.21
2012-08-08,4065,4078,4072.0,4065.0,0.21
2012-08-09,4061,4067,4064.0,4062.0,0.23
2012-08-10,4058,4065,4062.0,4060.0,0.1
2012-08-11,4045,4053,4049.0,4060.0,0.04
2012-08-12,4045,4053,4049.0,4062.0,-0.32
2012-08-13,4045,4053,4049.0,4050.0,-0.02
2012-08-14,4042,4052,4047.0,4045.0,0.1
2012-08-15,4042,4054,4048.0,4045.0,0.05
2012-08-16,4045,4055,4050.0,4045.0,0.07
2012-08-17,4047,4059,4053.0,4045.0,0.12
2012-08-18,4055,4064,4060.0,4045.0,0.2
2012-08-19,4055,4064,4060.0,4045.0,0.36
2012-08-20,4058,4066,4062.0,4045.0,0.36
2012-08-21,4060,4070,4065.0,4045.0,0.42
2012-08-22,4060,4070,4065.0,4045.0,0.49
2012-08-23,4065,4073,4069.0,4045.0,0.49
2012-08-24,4065,4073,4069.0,4045.0,0.59
2012-08-25,4065,4075,4070.0,4045.0,0.59
2012-08-26,4065,4075,4070.0,4045.0,0.62
2012-08-27,4065,4075,4070.0,4045.0,0.62
2012-08-28,4065,4075,4070.0,4045.0,0.62
2012-08-29,4065,4075,4070.0,4045.0,0.62
2012-08-30,4058,4065,4062.0,4045.0,0.62
2012-09-01,4055,4065,4060.0,4045.0,0.32
2012-09-02,4055,4065,4060.0,4045.0,0.37
2012-09-03,4055,4065,4060.0,4045.0,0.37
2012-09-04,4058,4065,4062.0,4045.0,0.37
2012-09-05,4058,4065,4062.0,4045.0,0.41
2012-09-06,4058,4065,4062.0,4045.0,0.41
2012-09-07,4058,4065,4062.0,4045.0,0.41
2012-09-08,4050,4058,4054.0,4045.0,0.41
2012-09-09,4050,4058,4054.0,4045.0,0.22
2012-09-10,4050,4058,4054.0,4043.0,0.27
2012-09-11,4050,4058,4054.0,4043.0,0.27
2012-09-12,4050,4058,4054.0,4043.0,0.27
2012-09-13,4050,4058,4054.0,4043.0,0.27
2012-09-14,4050,4058,4054.0,4043.0,0.27
2012-09-15,4055,4065,4060.0,4043.0,0.27
2012-09-16,4055,4065,4060.0,4043.0,0.42
2012-09-17,4055,4065,4060.0,4043.0,0.42
2012-09-18,4060,4069,4065.0,4043.0,0.42
2012-09-19,4060,4069,4065.0,4043.0,0.53
2012-09-20,4060,4069,4065.0,4043.0,0.53
2012-09-21,4060,4069,4065.0,4043.0,0.53
2012-09-22,4055,4062,4059.0,4043.0,0.53
2012-09-23,4055,4062,4059.0,4043.0,0.38
2012-09-24,4055,4062,4059.0,4043.0,0.38
2012-09-25,4055,4062,4059.0,4043.0,0.38
2012-09-26,4055,4062,4059.0,4043.0,0.38
2012-09-27,4055,4062,4059.0,4043.0,0.38
2012-09-28,4055,4062,4059.0,4043.0,0.38
2012-09-29,4055,4062,4059.0,4043.0,0.38
2012-10-01,4048,4055,4052.0,4043.0,0.38
2012-10-02,4027,4034,4031.0,4043.0,0.21
2012-10-03,4027,4034,4031.0,4030.0,0.01
2012-10-04,4027,4034,4031.0,4027.0,0.09
2012-10-05,4027,4034,4031.0,4027.0,0.09
2012-10-06,4027,4034,4031.0,4027.0,0.09
2012-10-07,4027,4034,4031.0,4027.0,0.09
2012-10-08,4025,4032,4029.0,4027.0,0.09
2012-10-09,4025,4032,4029.0,4025.0,0.09
2012-10-10,4025,4033,4029.0,4025.0,0.09
2012-10-11,4022,4031,4027.0,4025.0,0.1
2012-10-12,4025,4035,4030.0,4025.0,0.04
2012-10-13,4032,4040,4036.0,4025.0,0.12
2012-10-14,4032,4040,4036.0,4025.0,0.27
2012-10-15,4032,4040,4036.0,4025.0,0.27
2012-10-16,4032,4040,4036.0,4025.0,0.27
2012-10-17,4032,4040,4036.0,4025.0,0.27
2012-10-18,4032,4040,4036.0,4025.0,0.27
2012-10-19,4032,4040,4036.0,4025.0,0.27
2012-10-20,4038,4048,4043.0,4025.0,0.27
2012-10-21,4038,4048,4043.0,4025.0,0.45
2012-10-22,4038,4048,4043.0,4030.0,0.32
2012-10-23,4036,4044,4040.0,4030.0,0.32
2012-10-24,4036,4044,4040.0,4030.0,0.25
2012-10-25,4033,4040,4037.0,4030.0,0.25
2012-10-26,4033,4040,4037.0,4030.0,0.16
2012-10-27,4027,4035,4031.0,4030.0,0.16
2012-10-28,4027,4035,4031.0,4030.0,0.02
2012-10-29,4027,4035,4031.0,4030.0,0.02
2012-10-30,4027,4035,4031.0,4030.0,0.02
2012-10-31,4025,4033,4029.0,4030.0,0.02
2012-11-01,4024,4031,4028.0,4028.0,0.02
2012-11-02,4020,4028,4024.0,4026.0,0.04
2012-11-03,4012,4022,4017.0,4026.0,-0.05
2012-11-04,4002,4012,4007.0,4026.0,-0.22
2012-11-05,4002,4010,4006.0,4010.0,-0.07
2012-11-06,4000,4007,4004.0,4007.0,-0.02
2012-11-07,3995,4002,3999.0,4002.0,0.04
2012-11-08,3995,4002,3999.0,4000.0,-0.04
2012-11-09,3989,4000,3995.0,4000.0,-0.04
2012-11-10,3989,4000,3995.0,4000.0,-0.14
2012-11-11,3989,4000,3995.0,4000.0,-0.14
2012-11-12,3988,3995,3992.0,3992.0,0.06
2012-11-13,3988,3995,3992.0,3992.0,-0.01
2012-11-14,3988,3995,3992.0,3992.0,-0.01
2012-11-15,3988,3995,3992.0,3992.0,-0.01
2012-11-16,3990,3999,3995.0,3992.0,-0.01
2012-11-17,3997,4005,4001.0,3992.0,0.06
2012-11-18,3997,4005,4001.0,3992.0,0.23
2012-11-19,3997,4005,4001.0,3992.0,0.23
2012-11-20,3997,4005,4001.0,3992.0,0.23
2012-11-21,3997,4005,4001.0,3992.0,0.23
2012-11-22,3997,4005,4001.0,3992.0,0.23
2012-11-23,3997,4005,4001.0,3992.0,0.23
2012-11-24,3993,4000,3997.0,3992.0,0.23
2012-11-25,3993,4000,3997.0,3992.0,0.11
2012-11-26,3993,4000,3997.0,3992.0,0.11
2012-11-27,3995,4005,4000.0,3992.0,0.11
2012-11-28,3995,4005,4000.0,3992.0,0.2
2012-11-29,3995,4005,4000.0,3992.0,0.2
2012-11-30,3995,4003,3999.0,3992.0,0.2
2012-12-01,3995,4003,3999.0,3992.0,0.18
2012-12-02,3995,4003,3999.0,3992.0,0.18
2012-12-03,3998,4005,4002.0,3992.0,0.18
2012-12-04,3997,4003,4000.0,3995.0,0.16
2012-12-05,3997,4003,4000.0,3995.0,0.13
2012-12-06,3995,4001,3998.0,3995.0,0.13
2012-12-07,3995,4001,3998.0,3995.0,0.08
2012-12-08,3988,3997,3993.0,3995.0,0.08
2012-12-09,3988,3997,3993.0,3995.0,-0.06
2012-12-10,3988,3997,3993.0,3995.0,-0.06
2012-12-11,3990,3995,3993.0,3995.0,-0.06
2012-12-12,3990,3995,3993.0,3995.0,-0.06
2012-12-13,3990,3995,3993.0,3995.0,-0.06
2012-12-14,3990,3995,3993.0,3995.0,-0.06
2012-12-15,3990,3995,3993.0,3995.0,-0.06
2012-12-16,3990,3995,3993.0,3995.0,-0.06
2012-12-17,3990,3995,3993.0,3995.0,-0.06
2012-12-18,3990,3995,3993.0,3995.0,-0.06
2012-12-19,3990,3995,3993.0,3995.0,-0.06
2012-12-20,3994,4000,3997.0,3995.0,-0.06
2012-12-21,3994,4000,3997.0,3995.0,0.05
2012-12-22,3992,3996,3994.0,3995.0,0.05
2012-12-23,3992,3996,3994.0,3995.0,-0.03
2012-12-24,3992,3996,3994.0,3995.0,-0.03
2012-12-25,3990,3995,3993.0,3995.0,-0.03
2012-12-26,3990,3995,3993.0,3995.0,-0.06
2012-12-27,3989,3995,3992.0,3995.0,-0.06
2012-12-28,3989,3995,3992.0,3995.0,-0.08
2012-12-29,3987,3995,3991.0,3995.0,-0.08
2012-12-30,3987,3995,3991.0,3995.0,-0.1
2012-12-31,3990,3995,3993.0,3995.0,-0.1
2013-01-01,3990,3995,3993.0,3995.0,-0.06
2013-01-02,3990,3995,3993.0,3995.0,-0.06
2013-01-03,3987,3994,3991.0,3995.0,-0.06
2013-01-04,3987,3994,3991.0,3995.0,-0.11
2013-01-05,3987,3994,3991.0,3995.0,-0.11
2013-01-06,3987,3994,3991.0,3995.0,-0.11
2013-01-07,3987,3994,3991.0,3995.0,-0.11
2013-01-08,3986,3993,3990.0,3995.0,-0.11
2013-01-09,3986,3993,3990.0,3995.0,-0.14
2013-01-10,3981,3988,3985.0,3995.0,-0.14
2013-01-11,3980,3988,3984.0,3995.0,-0.26
2013-01-12,3977,3985,3981.0,3995.0,-0.28
2013-01-13,3977,3985,3981.0,3995.0,-0.35
2013-01-14,3977,3987,3982.0,3995.0,-0.35
2013-01-15,3977,3987,3982.0,3995.0,-0.33
2013-01-16,3981,3987,3984.0,3995.0,-0.33
2013-01-17,3981,3987,3984.0,3995.0,-0.28
2013-01-18,3983,3989,3986.0,3995.0,-0.28
2013-01-19,3983,3989,3986.0,3995.0,-0.23
2013-01-20,3983,3989,3986.0,3995.0,-0.23
2013-01-21,3981,3988,3985.0,3995.0,-0.23
2013-01-22,3981,3988,3985.0,3995.0,-0.26
2013-01-23,3981,3988,3985.0,3995.0,-0.26
2013-01-24,3981,3988,3985.0,3995.0,-0.26
2013-01-25,3981,3988,3985.0,3995.0,-0.26
2013-01-26,3980,3987,3984.0,3995.0,-0.26
2013-01-27,3980,3987,3984.0,3995.0,-0.29
2013-01-28,3980,3987,3984.0,3995.0,-0.29
2013-01-29,3980,3987,3984.0,3995.0,-0.29
2013-01-30,3980,3987,3984.0,3995.0,-0.29
2013-01-31,3980,3987,3984.0,3995.0,-0.29
2013-02-01,3980,3987,3984.0,3995.0,-0.29
2013-02-02,3980,3987,3984.0,3995.0,-0.29
2013-02-03,3980,3987,3984.0,3995.0,-0.29
2013-02-04,3980,3987,3984.0,3995.0,-0.29
2013-02-05,3981,3987,3984.0,3995.0,-0.29
2013-02-06,3981,3987,3984.0,3995.0,-0.28
2013-02-07,3981,3987,3984.0,3995.0,-0.28
2013-02-08,3981,3987,3984.0,3995.0,-0.28
2013-02-09,3980,3989,3985.0,3995.0,-0.28
2013-02-10,3980,3989,3985.0,3995.0,-0.26
2013-02-11,3980,3989,3985.0,3995.0,-0.26
2013-02-12,3980,3989,3985.0,3995.0,-0.26
2013-02-13,3980,3989,3985.0,3995.0,-0.26
2013-02-14,3980,3989,3985.0,3995.0,-0.26
2013-02-15,3980,3989,3985.0,3995.0,-0.26
2013-02-16,3990,3998,3994.0,3995.0,-0.26
2013-02-17,3990,3998,3994.0,3995.0,-0.03
2013-02-18,3985,3996,3991.0,3995.0,-0.03
2013-02-19,3988,3997,3993.0,3995.0,-0.11
2013-02-20,3988,3996,3992.0,3995.0,-0.06
2013-02-21,3988,3996,3992.0,3995.0,-0.08
2013-02-22,3988,3996,3992.0,3995.0,-0.08
2013-02-23,3980,3990,3985.0,3995.0,-0.08
2013-02-24,3980,3990,3985.0,3995.0,-0.25
2013-02-25,3980,3990,3985.0,3995.0,-0.25
2013-02-26,3980,3988,3984.0,3995.0,-0.25
2013-02-27,3980,3988,3984.0,3995.0,-0.28
2013-02-28,3980,3988,3984.0,3995.0,-0.28
2013-03-01,3980,3988,3984.0,3995.0,-0.28
2013-03-02,3982,3991,3987.0,3995.0,-0.28
2013-03-03,3982,3991,3987.0,3995.0,-0.21
2013-03-04,3982,3991,3987.0,3995.0,-0.21
2013-03-05,3982,3991,3987.0,3995.0,-0.21
2013-03-06,3982,3991,3987.0,3995.0,-0.21
2013-03-07,3982,3991,3987.0,3995.0,-0.21
2013-03-08,3980,3988,3984.0,3995.0,-0.21
2013-03-09,3980,3988,3984.0,3995.0,-0.28
2013-03-10,3980,3988,3984.0,3995.0,-0.28
2013-03-11,3978,3987,3983.0,3995.0,-0.28
2013-03-12,3980,3987,3984.0,3995.0,-0.31
2013-03-13,3980,3987,3984.0,3995.0,-0.29
2013-03-14,3981,3989,3985.0,3995.0,-0.29
2013-03-15,3980,3988,3984.0,3995.0,-0.25
2013-03-16,3980,3988,3984.0,3995.0,-0.28
2013-03-17,3980,3988,3984.0,3995.0,-0.28
2013-03-18,3980,3988,3984.0,3995.0,-0.28
2013-03-19,3980,3988,3984.0,3995.0,-0.28
2013-03-20,3980,3988,3984.0,3995.0,-0.28
2013-03-21,3980,3988,3984.0,3995.0,-0.28
2013-03-22,3980,3988,3984.0,3995.0,-0.28
2013-03-23,3980,3988,3984.0,3995.0,-0.28
2013-03-24,3980,3988,3984.0,3995.0,-0.28
2013-03-25,3982,3988,3985.0,3995.0,-0.28
2013-03-26,3982,3988,3985.0,3995.0,-0.25
2013-03-27,3982,3988,3985.0,3995.0,-0.25
2013-03-28,3983,3989,3986.0,3995.0,-0.25
2013-03-29,3983,3989,3986.0,3995.0,-0.23
2013-03-30,3982,3989,3986.0,3995.0,-0.23
2013-03-31,3983,3989,3986.0,3995.0,-0.24
2013-04-01,3985,3993,3989.0,3995.0,-0.23
2013-04-02,3985,3993,3989.0,3995.0,-0.15
2013-04-03,3985,3993,3989.0,3995.0,-0.15
2013-04-04,3985,3993,3989.0,3995.0,-0.15
2013-04-05,3983,3990,3987.0,3995.0,-0.15
2013-04-06,3983,3993,3988.0,3995.0,-0.21
2013-04-07,3983,3993,3988.0,3995.0,-0.18
2013-04-08,3983,3993,3988.0,3995.0,-0.18
2013-04-09,3983,3990,3987.0,3995.0,-0.18
2013-04-10,3983,3990,3987.0,3995.0,-0.21
2013-04-11,3983,3990,3987.0,3995.0,-0.21
2013-04-12,3983,3990,3987.0,3995.0,-0.21
2013-04-13,3983,3990,3987.0,3995.0,-0.21
2013-04-14,3983,3990,3987.0,3995.0,-0.21
2013-04-15,3983,3990,3987.0,3995.0,-0.21
2013-04-16,3983,3990,3987.0,3995.0,-0.21
2013-04-17,3983,3990,3987.0,3995.0,-0.21
2013-04-18,3985,3995,3990.0,3995.0,-0.21
2013-04-19,3985,3995,3990.0,3995.0,-0.13
2013-04-20,4013,4035,4024.0,3995.0,-0.13
2013-04-21,4013,4035,4024.0,3995.0,0.73
2013-04-22,4013,4030,4022.0,3995.0,0.73
2013-04-23,4044,4063,4054.0,3995.0,0.66
2013-04-24,4063,4090,4077.0,4000.0,1.34
2013-04-25,4076,4105,4091.0,4020.0,1.41
2013-04-26,4076,4105,4091.0,4020.0,1.75
2013-04-27,4063,4076,4070.0,4020.0,1.75
2013-04-28,4063,4076,4070.0,4020.0,1.23
2013-04-29,4057,4070,4064.0,4020.0,1.23
2013-04-30,4055,4067,4061.0,4020.0,1.08
2013-05-01,4064,4075,4070.0,4020.0,1.02
2013-05-02,4072,4082,4077.0,4020.0,1.23
2013-05-03,4074,4082,4078.0,4020.0,1.42
2013-05-04,4063,4073,4068.0,4020.0,1.44
2013-05-05,4063,4073,4068.0,4020.0,1.19
2013-05-06,4063,4074,4069.0,4020.0,1.19
2013-05-07,4063,4074,4069.0,4020.0,1.21
2013-05-08,4063,4074,4069.0,4020.0,1.21
2013-05-09,4068,4077,4073.0,4020.0,1.21
2013-05-10,4068,4077,4073.0,4020.0,1.31
2013-05-11,4077,4087,4082.0,4020.0,1.31
2013-05-12,4077,4087,4082.0,4020.0,1.54
2013-05-13,4077,4087,4082.0,4020.0,1.54
2013-05-14,4077,4087,4082.0,4020.0,1.54
2013-05-15,4077,4087,4082.0,4020.0,1.54
2013-05-16,4075,4085,4080.0,4020.0,1.54
2013-05-17,4075,4085,4080.0,4020.0,1.49
2013-05-18,4080,4088,4084.0,4020.0,1.49
2013-05-19,4080,4088,4084.0,4020.0,1.59
2013-05-20,4080,4087,4084.0,4020.0,1.59
2013-05-21,4081,4089,4085.0,4025.0,1.45
2013-05-22,4081,4089,4085.0,4045.0,0.99
2013-05-23,4085,4095,4090.0,4065.0,0.49
2013-05-24,4087,4096,4092.0,4065.0,0.62
2013-05-25,4087,4096,4092.0,4065.0,0.65
2013-05-26,4087,4096,4092.0,4065.0,0.65
2013-05-27,4087,4096,4092.0,4065.0,0.65
2013-05-28,4090,4097,4094.0,4065.0,0.65
2013-05-29,4090,4097,4094.0,4065.0,0.7
2013-05-30,4092,4099,4096.0,4065.0,0.7
2013-05-31,4092,4100,4096.0,4065.0,0.75
2013-06-01,4096,4103,4100.0,4065.0,0.76
2013-06-02,4096,4103,4100.0,4065.0,0.85
2013-06-03,4096,4103,4100.0,4065.0,0.85
2013-06-04,4095,4099,4097.0,4065.0,0.85
2013-06-05,4094,4098,4096.0,4065.0,0.79
2013-06-06,4092,4096,4094.0,4065.0,0.76
2013-06-07,4090,4095,4093.0,4065.0,0.71
2013-06-08,4077,4084,4081.0,4065.0,0.68
2013-06-09,4077,4084,4081.0,4065.0,0.38
2013-06-10,4077,4084,4081.0,4062.0,0.46
2013-06-11,4077,4083,4080.0,4062.0,0.46
2013-06-12,4077,4083,4080.0,4062.0,0.44
2013-06-13,4077,4083,4080.0,4062.0,0.44
2013-06-14,4077,4083,4080.0,4062.0,0.44
2013-06-15,4077,4083,4080.0,4062.0,0.44
2013-06-16,4077,4083,4080.0,4062.0,0.44
2013-06-17,4077,4084,4081.0,4062.0,0.44
2013-06-18,4077,4088,4083.0,4062.0,0.46
2013-06-19,4081,4089,4085.0,4062.0,0.5
2013-06-20,4081,4089,4085.0,4062.0,0.57
2013-06-21,4088,4098,4093.0,4062.0,0.57
2013-06-22,4087,4097,4092.0,4062.0,0.76
2013-06-23,4087,4097,4092.0,4062.0,0.74
2013-06-24,4087,4097,4092.0,4062.0,0.74
2013-06-25,4084,4090,4087.0,4062.0,0.74
2013-06-26,4084,4091,4088.0,4062.0,0.62
2013-06-27,4084,4091,4088.0,4062.0,0.63
2013-06-28,4084,4091,4088.0,4062.0,0.63
2013-06-29,4085,4093,4089.0,4062.0,0.63
2013-06-30,4085,4093,4089.0,4062.0,0.66
2013-07-01,4087,4093,4090.0,4062.0,0.66
2013-07-02,4087,4093,4090.0,4062.0,0.69
2013-07-03,4087,4093,4090.0,4062.0,0.69
2013-07-04,4087,4093,4090.0,4062.0,0.69
2013-07-05,4083,4088,4086.0,4062.0,0.69
2013-07-06,4083,4088,4086.0,4062.0,0.58
2013-07-07,4083,4088,4086.0,4062.0,0.58
2013-07-08,4083,4088,4086.0,4062.0,0.58
2013-07-09,4083,4088,4086.0,4062.0,0.58
2013-07-10,4083,4088,4086.0,4062.0,0.58
2013-07-11,4081,4087,4084.0,4062.0,0.58
2013-07-12,4081,4088,4085.0,4062.0,0.54
2013-07-13,4081,4088,4085.0,4062.0,0.55
2013-07-14,4081,4088,4085.0,4062.0,0.55
2013-07-15,4081,4088,4085.0,4062.0,0.55
2013-07-16,4084,4094,4089.0,4062.0,0.55
2013-07-17,4084,4094,4089.0,4062.0,0.66
2013-07-18,4089,4100,4095.0,4062.0,0.66
2013-07-19,4089,4097,4093.0,4062.0,0.8
2013-07-20,4089,4098,4094.0,4062.0,0.76
2013-07-21,4089,4098,4094.0,4062.0,0.78
2013-07-22,4089,4098,4094.0,4062.0,0.78
2013-07-23,4089,4098,4094.0,4062.0,0.78
2013-07-24,4089,4098,4094.0,4062.0,0.78
2013-07-25,4089,4098,4094.0,4062.0,0.78
2013-07-26,4089,4098,4094.0,4062.0,0.78
2013-07-27,4089,4098,4094.0,4062.0,0.78
2013-07-28,4089,4098,4094.0,4062.0,0.78
2013-07-29,4089,4098,4094.0,4062.0,0.78
2013-07-30,4089,4098,4094.0,4062.0,0.78
2013-07-31,4094,4101,4098.0,4062.0,0.78
2013-08-01,4091,4100,4096.0,4062.0,0.87
2013-08-02,4091,4100,4096.0,4062.0,0.82
2013-08-03,4091,4100,4096.0,4062.0,0.82
2013-08-04,4091,4100,4096.0,4062.0,0.82
2013-08-05,4094,4103,4099.0,4062.0,0.82
2013-08-06,4096,4105,4101.0,4062.0,0.9
2013-08-07,4096,4105,4101.0,4062.0,0.95
2013-08-08,4096,4105,4101.0,4062.0,0.95
2013-08-09,4096,4105,4101.0,4062.0,0.95
2013-08-10,4094,4103,4099.0,4062.0,0.95
2013-08-11,4094,4103,4099.0,4062.0,0.9
2013-08-12,4094,4103,4099.0,4062.0,0.9
2013-08-13,4094,4103,4099.0,4062.0,0.9
2013-08-14,4094,4103,4099.0,4062.0,0.9
2013-08-15,4094,4103,4099.0,4062.0,0.9
2013-08-16,4094,4103,4099.0,4062.0,0.9
2013-08-17,4093,4102,4098.0,4062.0,0.9
2013-08-18,4093,4102,4098.0,4062.0,0.87
2013-08-19,4093,4098,4096.0,4062.0,0.87
2013-08-20,4090,4097,4094.0,4062.0,0.82
2013-08-21,4090,4097,4094.0,4062.0,0.78
2013-08-22,4090,4097,4094.0,4062.0,0.78
2013-08-23,4090,4097,4094.0,4062.0,0.78
2013-08-24,4090,4097,4094.0,4062.0,0.78
2013-08-25,4090,4097,4094.0,4062.0,0.78
2013-08-26,4092,4100,4096.0,4062.0,0.78
2013-08-27,4092,4100,4096.0,4062.0,0.84
2013-08-28,4092,4100,4096.0,4062.0,0.84
2013-08-29,4092,4101,4097.0,4062.0,0.84
2013-08-30,4092,4101,4097.0,4062.0,0.85
2013-08-31,4092,4101,4097.0,4062.0,0.85
2013-09-01,4092,4101,4097.0,4062.0,0.85
2013-09-02,4092,4101,4097.0,4062.0,0.85
2013-09-03,4092,4101,4097.0,4062.0,0.85
2013-09-04,4092,4101,4097.0,4062.0,0.85
2013-09-05,4092,4101,4097.0,4062.0,0.85
2013-09-06,4090,4097,4094.0,4062.0,0.85
2013-09-07,4092,4097,4095.0,4062.0,0.78
2013-09-08,4081,4087,4084.0,4062.0,0.8
2013-09-09,4080,4085,4083.0,4062.0,0.54
2013-09-10,4080,4085,4083.0,4062.0,0.5
2013-09-11,4080,4085,4083.0,4062.0,0.5
2013-09-12,4081,4090,4086.0,4062.0,0.5
2013-09-13,4081,4090,4086.0,4062.0,0.58
2013-09-14,4081,4087,4084.0,4062.0,0.58
2013-09-15,4081,4087,4084.0,4062.0,0.54
2013-09-16,4081,4087,4084.0,4062.0,0.54
2013-09-17,4081,4087,4084.0,4062.0,0.54
2013-09-18,4081,4087,4084.0,4062.0,0.54
2013-09-19,4081,4087,4084.0,4062.0,0.54
2013-09-20,4079,4085,4082.0,4062.0,0.54
2013-09-21,4079,4085,4082.0,4062.0,0.49
2013-09-22,4079,4085,4082.0,4062.0,0.49
2013-09-23,4079,4085,4082.0,4062.0,0.49
2013-09-24,4081,4089,4085.0,4062.0,0.49
2013-09-25,4081,4089,4085.0,4062.0,0.57
2013-09-26,4081,4089,4085.0,4062.0,0.57
2013-09-27,4081,4089,4085.0,4062.0,0.57
2013-09-28,4071,4079,4075.0,4062.0,0.57
2013-09-29,4071,4079,4075.0,4062.0,0.32
2013-09-30,4067,4075,4071.0,4062.0,0.32
2013-10-01,4062,4073,4068.0,4060.0,0.27
2013-10-02,4062,4072,4067.0,4060.0,0.18
2013-10-03,4072,4083,4078.0,4062.0,0.12
2013-10-04,4072,4083,4078.0,4062.0,0.38
2013-10-05,4072,4083,4078.0,4062.0,0.38
2013-10-06,4072,4083,4078.0,4060.0,0.43
2013-10-07,4072,4083,4078.0,4060.0,0.43
2013-10-08,4072,4083,4078.0,4060.0,0.43
2013-10-09,4072,4079,4076.0,4060.0,0.43
2013-10-10,4072,4079,4076.0,4060.0,0.38
2013-10-11,4072,4079,4076.0,4060.0,0.38
2013-10-12,4073,4079,4076.0,4060.0,0.38
2013-10-13,4073,4079,4076.0,4060.0,0.39
2013-10-14,4073,4079,4076.0,4060.0,0.39
2013-10-15,4073,4079,4076.0,4060.0,0.39
2013-10-16,4073,4079,4076.0,4060.0,0.39
2013-10-17,4075,4082,4079.0,4060.0,0.39
2013-10-18,4075,4082,4079.0,4060.0,0.46
2013-10-19,4073,4081,4077.0,4060.0,0.46
2013-10-20,4073,4081,4077.0,4060.0,0.42
2013-10-21,4073,4081,4077.0,4060.0,0.42
2013-10-22,4073,4081,4077.0,4060.0,0.42
2013-10-23,4067,4077,4072.0,4060.0,0.42
2013-10-24,4062,4070,4066.0,4060.0,0.3
2013-10-25,4062,4070,4066.0,4060.0,0.15
2013-10-26,4046,4054,4050.0,4060.0,0.15
2013-10-27,4046,4054,4050.0,4060.0,-0.25
2013-10-28,4041,4050,4046.0,4050.0,0.0
2013-10-29,4039,4049,4044.0,4050.0,-0.11
2013-10-30,4038,4045,4042.0,4045.0,-0.02
2013-10-31,4031,4038,4035.0,4040.0,0.04
2013-11-01,4028,4035,4032.0,4035.0,-0.01
2013-11-02,4011,4020,4016.0,4035.0,-0.09
2013-11-03,4011,4020,4016.0,4035.0,-0.48
2013-11-04,4005,4015,4010.0,4030.0,-0.36
2013-11-05,3997,4003,4000.0,4015.0,-0.12
2013-11-06,3991,4002,3997.0,4005.0,-0.12
2013-11-07,3992,4005,3999.0,4005.0,-0.21
2013-11-08,3998,4015,4007.0,4010.0,-0.29
2013-11-09,4005,4015,4010.0,4010.0,-0.09
2013-11-10,4005,4015,4010.0,4010.0,0.0
2013-11-11,3994,4011,4003.0,4010.0,0.0
2013-11-12,3994,4005,4000.0,4010.0,-0.19
2013-11-13,3991,4002,3997.0,4005.0,-0.14
2013-11-14,3991,4002,3997.0,4000.0,-0.09
2013-11-15,3991,4002,3997.0,4000.0,-0.09
2013-11-16,3998,4010,4004.0,4000.0,-0.09
2013-11-17,3998,4010,4004.0,4000.0,0.1
2013-11-18,3998,4010,4004.0,4000.0,0.1
2013-11-19,3998,4010,4004.0,4000.0,0.1
2013-11-20,3998,4010,4004.0,4000.0,0.1
2013-11-21,4000,4012,4006.0,4000.0,0.1
2013-11-22,3998,4007,4003.0,3995.0,0.28
2013-11-23,3998,4007,4003.0,3995.0,0.19
2013-11-24,3998,4007,4003.0,3995.0,0.19
2013-11-25,3998,4010,4004.0,3995.0,0.19
2013-11-26,4000,4012,4006.0,3995.0,0.23
2013-11-27,4000,4012,4006.0,3995.0,0.28
2013-11-28,4000,4012,4006.0,3995.0,0.28
2013-11-29,3994,4005,4000.0,3995.0,0.28
2013-11-30,3994,4005,4000.0,3995.0,0.11
2013-12-01,3996,4010,4003.0,3995.0,0.11
2013-12-02,3996,4006,4001.0,3995.0,0.2
2013-12-03,3994,4004,3999.0,3995.0,0.15
2013-12-04,3994,4003,3999.0,3995.0,0.1
2013-12-05,3994,4003,3999.0,3995.0,0.09
2013-12-06,3993,4001,3997.0,3995.0,0.09
2013-12-07,3993,4001,3997.0,3995.0,0.05
2013-12-08,3993,4001,3997.0,3995.0,0.05
2013-12-09,3991,4001,3996.0,3995.0,0.05
2013-12-10,3991,4001,3996.0,3995.0,0.03
2013-12-11,3989,3998,3994.0,3995.0,0.03
2013-12-12,3989,3998,3994.0,3995.0,-0.04
2013-12-13,3989,3998,3994.0,3995.0,-0.04
2013-12-14,3989,3997,3993.0,3995.0,-0.04
2013-12-15,3989,3997,3993.0,3995.0,-0.05
2013-12-16,3989,3997,3993.0,3995.0,-0.05
2013-12-17,3989,3997,3993.0,3995.0,-0.05
2013-12-18,3989,3997,3993.0,3995.0,-0.05
2013-12-19,3992,4000,3996.0,3995.0,-0.05
2013-12-20,3992,4000,3996.0,3995.0,0.03
2013-12-21,3998,4008,4003.0,3995.0,0.03
2013-12-22,3998,4008,4003.0,3995.0,0.2
2013-12-23,4000,4011,4006.0,3995.0,0.2
2013-12-24,4002,4013,4008.0,3995.0,0.26
2013-12-25,4003,4014,4009.0,3995.0,0.31
2013-12-26,4003,4013,4008.0,3995.0,0.34
2013-12-27,4003,4013,4008.0,3995.0,0.33
2013-12-28,4003,4013,4008.0,3995.0,0.33
2013-12-29,4003,4013,4008.0,3995.0,0.33
2013-12-30,4003,4013,4008.0,3995.0,0.33
2013-12-31,4003,4013,4008.0,3995.0,0.33
2014-01-01,4006,4015,4011.0,3995.0,0.33
2014-01-02,4006,4017,4012.0,3995.0,0.39
2014-01-03,4006,4017,4012.0,3995.0,0.41
2014-01-04,4006,4017,4012.0,3995.0,0.41
2014-01-05,4006,4017,4012.0,3995.0,0.41
2014-01-06,4004,4015,4010.0,3995.0,0.41
2014-01-07,4004,4015,4010.0,3995.0,0.36
2014-01-08,4002,4011,4007.0,3995.0,0.36
2014-01-09,3998,4008,4003.0,3995.0,0.29
2014-01-10,3993,4004,3999.0,3995.0,0.2
2014-01-11,3993,4004,3999.0,3995.0,0.09
2014-01-12,3993,4004,3999.0,3995.0,0.09
2014-01-13,3991,4003,3997.0,3995.0,0.09
2014-01-14,3991,4000,3996.0,3995.0,0.05
2014-01-15,3991,4000,3996.0,3995.0,0.01
2014-01-16,3995,4005,4000.0,3995.0,0.01
2014-01-17,3995,4005,4000.0,3995.0,0.13
2014-01-18,3995,4005,4000.0,3995.0,0.13
2014-01-19,3995,4005,4000.0,3995.0,0.13
2014-01-20,3995,4005,4000.0,3995.0,0.13
2014-01-21,3995,4005,4000.0,3995.0,0.13
2014-01-22,3995,4005,4000.0,3995.0,0.13
2014-01-23,3995,4005,4000.0,3995.0,0.13
2014-01-24,3995,4005,4000.0,3995.0,0.13
2014-01-25,3995,4005,4000.0,3995.0,0.13
2014-01-26,3995,4005,4000.0,3995.0,0.13
2014-01-27,3995,4003,3999.0,3995.0,0.13
2014-01-28,3995,4003,3999.0,3995.0,0.1
2014-01-29,3995,4003,3999.0,3995.0,0.1
2014-01-30,3995,4003,3999.0,3995.0,0.1
2014-01-31,3995,4003,3999.0,3995.0,0.1
2014-02-01,3995,4004,4000.0,3995.0,0.1
2014-02-02,3995,4004,4000.0,3995.0,0.11
2014-02-03,3992,4002,3997.0,3995.0,0.11
2014-02-04,3990,4000,3995.0,3995.0,0.05
2014-02-05,3987,3995,3991.0,3992.0,0.08
2014-02-06,3987,3995,3991.0,3990.0,0.03
2014-02-07,3984,3993,3989.0,3990.0,0.03
2014-02-08,3984,3993,3989.0,3990.0,-0.04
2014-02-09,3979,3989,3984.0,3990.0,-0.04
2014-02-10,3978,3986,3982.0,3985.0,-0.03
2014-02-11,3977,3984,3981.0,3980.0,0.05
2014-02-12,3977,3984,3981.0,3980.0,0.01
2014-02-13,3977,3984,3981.0,3980.0,0.01
2014-02-14,3976,3985,3981.0,3980.0,0.01
2014-02-15,3976,3985,3981.0,3980.0,0.01
2014-02-16,3976,3985,3981.0,3980.0,0.01
2014-02-17,3976,3985,3981.0,3980.0,0.01
2014-02-18,3979,3985,3982.0,3980.0,0.01
2014-02-19,3979,3990,3985.0,3980.0,0.05
2014-02-20,3981,3991,3986.0,3980.0,0.11
2014-02-21,3981,3989,3985.0,3980.0,0.15
2014-02-22,3981,3989,3985.0,3980.0,0.13
2014-02-23,3981,3989,3985.0,3980.0,0.13
2014-02-24,3981,3989,3985.0,3980.0,0.13
2014-02-25,3981,3989,3985.0,3980.0,0.13
2014-02-26,3981,3989,3985.0,3980.0,0.13
2014-02-27,3981,3989,3985.0,3980.0,0.13
2014-02-28,3981,3989,3985.0,3980.0,0.13
2014-03-01,3981,3989,3985.0,3980.0,0.13
2014-03-02,3981,3989,3985.0,3980.0,0.13
2014-03-03,3981,3989,3985.0,3980.0,0.13
2014-03-04,3981,3989,3985.0,3980.0,0.13
2014-03-05,3985,3993,3989.0,3982.0,0.08
2014-03-06,3985,3993,3989.0,3987.0,0.05
2014-03-07,3986,3996,3991.0,3990.0,-0.03
2014-03-08,3986,3996,3991.0,3990.0,0.03
2014-03-09,3986,3996,3991.0,3990.0,0.03
2014-03-10,3986,3996,3991.0,3990.0,0.03
2014-03-11,3986,3996,3991.0,3995.0,-0.1
2014-03-12,3986,3997,3992.0,4000.0,-0.22
2014-03-13,3989,3997,3993.0,4000.0,-0.21
2014-03-14,3989,3998,3994.0,4005.0,-0.3
2014-03-15,3992,3998,3995.0,4005.0,-0.29
2014-03-16,3992,3998,3995.0,4005.0,-0.25
2014-03-17,3992,3998,3995.0,4007.0,-0.3
2014-03-18,3992,3998,3995.0,4010.0,-0.37
2014-03-19,3992,3998,3995.0,4010.0,-0.37
2014-03-20,3992,4000,3996.0,4010.0,-0.37
2014-03-21,3995,4002,3999.0,4012.0,-0.4
2014-03-22,3995,4002,3999.0,4012.0,-0.34
2014-03-23,3995,4002,3999.0,4012.0,-0.34
2014-03-24,3995,4002,3999.0,4015.0,-0.41
2014-03-25,3995,4002,3999.0,4015.0,-0.41
2014-03-26,3995,4002,3999.0,4015.0,-0.41
2014-03-27,3995,4002,3999.0,4015.0,-0.41
2014-03-28,3995,4002,3999.0,4015.0,-0.41
2014-03-29,3995,4002,3999.0,4015.0,-0.41
2014-03-30,3995,4002,3999.0,4015.0,-0.41
2014-03-31,3995,4002,3999.0,4015.0,-0.41
2014-04-01,3995,4002,3999.0,4015.0,-0.41
2014-04-02,3995,4002,3999.0,4015.0,-0.41
2014-04-03,3996,4004,4000.0,4015.0,-0.41
2014-04-04,3996,4004,4000.0,4015.0,-0.37
2014-04-05,3996,4004,4000.0,4015.0,-0.37
2014-04-06,3996,4004,4000.0,4015.0,-0.37
2014-04-07,3996,4004,4000.0,4015.0,-0.37
2014-04-08,3996,4004,4000.0,4015.0,-0.37
2014-04-09,3996,4004,4000.0,4015.0,-0.37
2014-04-10,4000,4005,4003.0,4015.0,-0.37
2014-04-11,4000,4005,4003.0,4015.0,-0.31
2014-04-12,3994,4012,4003.0,4015.0,-0.31
2014-04-13,3994,4012,4003.0,4015.0,-0.3
2014-04-14,3994,4012,4003.0,4015.0,-0.3
2014-04-15,3994,4012,4003.0,4015.0,-0.3
2014-04-16,3994,4012,4003.0,4015.0,-0.3
2014-04-17,3994,4009,4002.0,4015.0,-0.3
2014-04-18,3994,4009,4002.0,4015.0,-0.34
2014-04-19,4000,4010,4005.0,4015.0,-0.34
2014-04-20,4000,4010,4005.0,4015.0,-0.25
2014-04-21,4000,4010,4005.0,4015.0,-0.25
2014-04-22,4000,4010,4005.0,4015.0,-0.25
2014-04-23,4009,4020,4015.0,4015.0,-0.25
2014-04-24,4009,4020,4015.0,4015.0,-0.01
2014-04-25,4009,4020,4015.0,4015.0,-0.01
2014-04-26,4012,4022,4017.0,4015.0,-0.01
2014-04-27,4012,4022,4017.0,4015.0,0.05
2014-04-28,4012,4022,4017.0,4015.0,0.05
2014-04-29,4012,4022,4017.0,4015.0,0.05
2014-04-30,4012,4022,4017.0,4015.0,0.05
2014-05-01,4012,4022,4017.0,4015.0,0.05
2014-05-02,4016,4025,4021.0,4015.0,0.05
2014-05-03,4018,4026,4022.0,4015.0,0.14
2014-05-04,4018,4026,4022.0,4015.0,0.17
2014-05-05,4018,4026,4022.0,4018.0,0.1
2014-05-06,4018,4026,4022.0,4018.0,0.1
2014-05-07,4021,4029,4025.0,4018.0,0.1
2014-05-08,4021,4029,4025.0,4018.0,0.17
2014-05-09,4021,4029,4025.0,4020.0,0.12
2014-05-10,4024,4031,4028.0,4020.0,0.12
2014-05-11,4024,4031,4028.0,4020.0,0.19
2014-05-12,4024,4031,4028.0,4023.0,0.11
2014-05-13,4026,4032,4029.0,4023.0,0.11
2014-05-14,4026,4032,4029.0,4023.0,0.15
2014-05-15,4026,4032,4029.0,4023.0,0.15
2014-05-16,4026,4032,4029.0,4026.0,0.07
2014-05-17,4026,4033,4030.0,4026.0,0.07
2014-05-18,4026,4033,4030.0,4026.0,0.09
2014-05-19,4030,4038,4034.0,4026.0,0.09
2014-05-20,4031,4039,4035.0,4030.0,0.1
2014-05-21,4032,4042,4037.0,4032.0,0.07
2014-05-22,4034,4045,4040.0,4032.0,0.12
2014-05-23,4034,4045,4040.0,4032.0,0.19
2014-05-24,4034,4045,4040.0,4032.0,0.19
2014-05-25,4034,4045,4040.0,4032.0,0.19
2014-05-26,4034,4045,4040.0,4032.0,0.19
2014-05-27,4037,4045,4041.0,4032.0,0.19
2014-05-28,4039,4047,4043.0,4032.0,0.22
2014-05-29,4043,4051,4047.0,4032.0,0.27
2014-05-30,4043,4053,4048.0,4032.0,0.37
2014-05-31,4043,4053,4048.0,4032.0,0.4
2014-06-01,4050,4060,4055.0,4032.0,0.4
2014-06-02,4050,4060,4055.0,4032.0,0.57
2014-06-03,4050,4060,4055.0,4040.0,0.37
2014-06-04,4050,4060,4055.0,4040.0,0.37
2014-06-05,4054,4063,4059.0,4040.0,0.37
2014-06-06,4054,4063,4059.0,4040.0,0.46
2014-06-07,4051,4059,4055.0,4040.0,0.46
2014-06-08,4051,4059,4055.0,4040.0,0.37
2014-06-09,4051,4059,4055.0,4040.0,0.37
2014-06-10,4048,4056,4052.0,4040.0,0.37
2014-06-11,4048,4056,4052.0,4040.0,0.3
2014-06-12,4045,4052,4049.0,4040.0,0.3
2014-06-13,4042,4050,4046.0,4040.0,0.21
2014-06-14,4038,4045,4042.0,4040.0,0.15
2014-06-15,4038,4045,4042.0,4040.0,0.04
2014-06-16,4038,4045,4042.0,4040.0,0.04
2014-06-17,4039,4047,4043.0,4040.0,0.04
2014-06-18,4042,4053,4048.0,4040.0,0.07
2014-06-19,4044,4053,4049.0,4040.0,0.19
2014-06-20,4044,4053,4049.0,4040.0,0.21
2014-06-21,4044,4053,4049.0,4040.0,0.21
2014-06-22,4044,4053,4049.0,4040.0,0.21
2014-06-23,4044,4053,4049.0,4040.0,0.21
2014-06-24,4044,4053,4049.0,4040.0,0.21
2014-06-25,4047,4053,4050.0,4040.0,0.21
2014-06-26,4047,4053,4050.0,4040.0,0.25
2014-06-27,4047,4053,4050.0,4040.0,0.25
2014-06-28,4047,4053,4050.0,4040.0,0.25
2014-06-29,4047,4053,4050.0,4040.0,0.25
2014-06-30,4047,4053,4050.0,4040.0,0.25
2014-07-01,4047,4053,4050.0,4040.0,0.25
2014-07-02,4049,4055,4052.0,4040.0,0.25
2014-07-03,4049,4055,4052.0,4040.0,0.3
2014-07-04,4049,4055,4052.0,4040.0,0.3
2014-07-05,4049,4055,4052.0,4040.0,0.3
2014-07-06,4049,4055,4052.0,4040.0,0.3
2014-07-07,4048,4055,4052.0,4040.0,0.3
2014-07-08,4049,4055,4052.0,4040.0,0.28
2014-07-09,4049,4055,4052.0,4040.0,0.3
2014-07-10,4046,4053,4050.0,4040.0,0.3
2014-07-11,4054,4052,4053.0,4040.0,0.24
2014-07-12,4054,4052,4053.0,4040.0,0.32
2014-07-13,4054,4052,4053.0,4040.0,0.32
2014-07-14,4044,4052,4048.0,4040.0,0.32
2014-07-15,4046,4054,4050.0,4040.0,0.2
2014-07-16,4046,4054,4050.0,4045.0,0.12
2014-07-17,4052,4060,4056.0,4045.0,0.12
2014-07-18,4054,4063,4059.0,4050.0,0.15
2014-07-19,4054,4063,4059.0,4050.0,0.21
2014-07-20,4054,4063,4059.0,4050.0,0.21
2014-07-21,4054,4063,4059.0,4050.0,0.21
2014-07-22,4054,4063,4059.0,4050.0,0.21
2014-07-23,4054,4063,4059.0,4050.0,0.21
2014-07-24,4054,4063,4059.0,4050.0,0.21
2014-07-25,4054,4063,4059.0,4050.0,0.21
2014-07-26,4054,4063,4059.0,4050.0,0.21
2014-07-27,4054,4063,4059.0,4050.0,0.21
2014-07-28,4054,4063,4059.0,4050.0,0.21
2014-07-29,4054,4063,4059.0,4050.0,0.21
2014-07-30,4054,4063,4059.0,4050.0,0.21
2014-07-31,4054,4063,4059.0,4050.0,0.21
2014-08-01,4054,4063,4059.0,4050.0,0.21
2014-08-02,4054,4063,4059.0,4050.0,0.21
2014-08-03,4054,4063,4059.0,4050.0,0.21
2014-08-04,4056,4065,4061.0,4050.0,0.21
2014-08-05,4056,4065,4061.0,4052.0,0.21
2014-08-06,4059,4068,4064.0,4052.0,0.21
2014-08-07,4058,4066,4062.0,4052.0,0.28
2014-08-08,4058,4066,4062.0,4055.0,0.17
2014-08-09,4058,4066,4062.0,4055.0,0.17
2014-08-10,4051,4058,4055.0,4055.0,0.17
2014-08-11,4051,4058,4055.0,4055.0,-0.01
2014-08-12,4051,4058,4055.0,4055.0,-0.01
2014-08-13,4054,4063,4059.0,4055.0,-0.01
2014-08-14,4054,4063,4059.0,4058.0,0.01
2014-08-15,4054,4063,4059.0,4058.0,0.01
2014-08-16,4054,4063,4059.0,4058.0,0.01
2014-08-17,4054,4063,4059.0,4058.0,0.01
2014-08-18,4057,4065,4061.0,4060.0,-0.04
2014-08-19,4057,4065,4061.0,4060.0,0.02
2014-08-20,4059,4068,4064.0,4060.0,0.02
2014-08-21,4062,4070,4066.0,4060.0,0.09
2014-08-22,4064,4072,4068.0,4065.0,0.02
2014-08-23,4064,4072,4068.0,4065.0,0.07
2014-08-24,4064,4072,4068.0,4065.0,0.07
2014-08-25,4064,4072,4068.0,4065.0,0.07
2014-08-26,4064,4072,4068.0,4065.0,0.07
2014-08-27,4068,4075,4072.0,4065.0,0.07
2014-08-28,4072,4078,4075.0,4065.0,0.16
2014-08-29,4072,4078,4075.0,4065.0,0.25
2014-08-30,4074,4083,4079.0,4065.0,0.25
2014-08-31,4074,4083,4079.0,4065.0,0.33
2014-09-01,4071,4081,4076.0,4065.0,0.33
2014-09-02,4074,4083,4079.0,4065.0,0.27
2014-09-03,4076,4085,4081.0,4070.0,0.21
2014-09-04,4076,4085,4081.0,4070.0,0.26
2014-09-05,4076,4085,4081.0,4073.0,0.18
2014-09-06,4073,4083,4078.0,4073.0,0.18
2014-09-07,4073,4083,4078.0,4073.0,0.12
2014-09-08,4070,4081,4076.0,4073.0,0.12
2014-09-09,4070,4081,4076.0,4073.0,0.06
2014-09-10,4070,4081,4076.0,4073.0,0.06
2014-09-11,4070,4081,4076.0,4073.0,0.06
2014-09-12,4070,4081,4076.0,4073.0,0.06
2014-09-13,4074,4082,4078.0,4073.0,0.06
2014-09-14,4074,4082,4078.0,4073.0,0.12
2014-09-15,4074,4082,4078.0,4075.0,0.07
2014-09-16,4074,4082,4078.0,4078.0,0.0
2014-09-17,4076,4083,4080.0,4080.0,-0.05
2014-09-18,4077,4085,4081.0,4080.0,-0.01
2014-09-19,4074,4081,4078.0,4080.0,0.02
2014-09-20,4074,4081,4078.0,4080.0,-0.06
2014-09-21,4074,4081,4078.0,4080.0,-0.06
2014-09-22,4074,4081,4078.0,4080.0,-0.06
2014-09-23,4074,4081,4078.0,4080.0,-0.06
2014-09-24,4074,4081,4078.0,4080.0,-0.06
2014-09-25,4076,4085,4081.0,4080.0,-0.06
2014-09-26,4076,4085,4081.0,4080.0,0.01
2014-09-27,4081,4090,4086.0,4080.0,0.01
2014-09-28,4081,4090,4086.0,4080.0,0.13
2014-09-29,4085,4092,4089.0,4083.0,0.06
2014-09-30,4087,4096,4092.0,4085.0,0.09
2014-10-01,4089,4098,4094.0,4085.0,0.16
2014-10-02,4088,4094,4091.0,4085.0,0.21
2014-10-03,4085,4092,4089.0,4085.0,0.15
2014-10-04,4088,4097,4093.0,4085.0,0.09
2014-10-05,4088,4097,4093.0,4085.0,0.18
2014-10-06,4088,4097,4093.0,4085.0,0.18
2014-10-07,4085,4093,4089.0,4085.0,0.18
2014-10-08,4085,4093,4089.0,4085.0,0.1
2014-10-09,4085,4093,4089.0,4085.0,0.1
2014-10-10,4082,4089,4086.0,4083.0,0.15
2014-10-11,4077,4084,4081.0,4083.0,0.06
2014-10-12,4077,4084,4081.0,4083.0,-0.06
2014-10-13,4077,4084,4081.0,4080.0,0.01
2014-10-14,4077,4084,4081.0,4080.0,0.01
2014-10-15,4077,4084,4081.0,4080.0,0.01
2014-10-16,4077,4084,4081.0,4080.0,0.01
2014-10-17,4077,4084,4081.0,4080.0,0.01
2014-10-18,4077,4084,4081.0,4080.0,0.01
2014-10-19,4077,4084,4081.0,4080.0,0.01
2014-10-20,4077,4084,4081.0,4080.0,0.01
2014-10-21,4077,4084,4081.0,4080.0,0.01
2014-10-22,4077,4084,4081.0,4080.0,0.01
2014-10-23,4077,4084,4081.0,4080.0,0.01
2014-10-24,4076,4083,4080.0,4080.0,0.01
2014-10-25,4076,4083,4080.0,4080.0,-0.01
2014-10-26,4076,4083,4080.0,4080.0,-0.01
2014-10-27,4076,4083,4080.0,4078.0,0.04
2014-10-28,4076,4083,4080.0,4078.0,0.04
2014-10-29,4074,4080,4077.0,4078.0,0.04
2014-10-30,4074,4080,4077.0,4076.0,0.02
2014-10-31,4074,4080,4077.0,4076.0,0.02
2014-11-01,4076,4082,4079.0,4076.0,0.02
2014-11-02,4076,4082,4079.0,4076.0,0.07
2014-11-03,4076,4082,4079.0,4076.0,0.07
2014-11-04,4076,4082,4079.0,4076.0,0.07
2014-11-05,4063,4075,4069.0,4076.0,0.07
2014-11-06,4063,4075,4069.0,4076.0,-0.17
2014-11-07,4063,4075,4069.0,4076.0,-0.17
2014-11-08,4063,4075,4069.0,4076.0,-0.17
2014-11-09,4063,4075,4069.0,4076.0,-0.17
2014-11-10,4063,4075,4069.0,4073.0,-0.1
2014-11-11,4063,4073,4068.0,4070.0,-0.02
2014-11-12,4063,4073,4068.0,4070.0,-0.05
2014-11-13,4061,4072,4067.0,4070.0,-0.05
2014-11-14,4059,4069,4064.0,4065.0,0.04
2014-11-15,4055,4064,4060.0,4065.0,-0.02
2014-11-16,4055,4064,4060.0,4065.0,-0.14
2014-11-17,4055,4064,4060.0,4063.0,-0.09
2014-11-18,4055,4064,4060.0,4063.0,-0.09
2014-11-19,4055,4064,4060.0,4063.0,-0.09
2014-11-20,4055,4064,4060.0,4063.0,-0.09
2014-11-21,4055,4064,4060.0,4063.0,-0.09
2014-11-22,4055,4064,4060.0,4063.0,-0.09
2014-11-23,4055,4064,4060.0,4063.0,-0.09
2014-11-24,4055,4064,4060.0,4063.0,-0.09
2014-11-25,4055,4064,4060.0,4063.0,-0.09
2014-11-26,4055,4064,4060.0,4063.0,-0.09
2014-11-27,4055,4064,4060.0,4063.0,-0.09
2014-11-28,4055,4064,4060.0,4063.0,-0.09
2014-11-29,4055,4062,4059.0,4063.0,-0.09
2014-11-30,4055,4062,4059.0,4063.0,-0.11
2014-12-01,4055,4062,4059.0,4060.0,-0.04
2014-12-02,4055,4062,4059.0,4060.0,-0.04
2014-12-03,4055,4063,4059.0,4060.0,-0.04
2014-12-04,4057,4064,4061.0,4060.0,-0.02
2014-12-05,4057,4064,4061.0,4060.0,0.01
2014-12-06,4057,4064,4061.0,4060.0,0.01
2014-12-07,4057,4064,4061.0,4060.0,0.01
2014-12-08,4057,4064,4061.0,4060.0,0.01
2014-12-09,4057,4064,4061.0,4060.0,0.01
2014-12-10,4057,4064,4061.0,4060.0,0.01
2014-12-11,4057,4064,4061.0,4060.0,0.01
2014-12-12,4057,4064,4061.0,4060.0,0.01
2014-12-13,4057,4064,4061.0,4060.0,0.01
2014-12-14,4057,4064,4061.0,4060.0,0.01
2014-12-15,4057,4064,4061.0,4060.0,0.01
2014-12-16,4057,4064,4061.0,4060.0,0.01
2014-12-17,4057,4064,4061.0,4060.0,0.01
2014-12-18,4057,4064,4061.0,4060.0,0.01
2014-12-19,4059,4067,4063.0,4060.0,0.01
2014-12-20,4059,4067,4063.0,4060.0,0.07
2014-12-21,4059,4067,4063.0,4060.0,0.07
2014-12-22,4061,4064,4063.0,4060.0,0.07
2014-12-23,4061,4065,4063.0,4060.0,0.06
2014-12-24,4061,4065,4063.0,4062.0,0.02
2014-12-25,4061,4068,4065.0,4065.0,-0.05
2014-12-26,4061,4073,4067.0,4065.0,-0.01
2014-12-27,4061,4073,4067.0,4065.0,0.05
2014-12-28,4064,4073,4069.0,4065.0,0.05
2014-12-29,4064,4073,4069.0,4070.0,-0.04
2014-12-30,4064,4073,4069.0,4072.0,-0.09
2014-12-31,4064,4073,4069.0,4075.0,-0.16
2015-01-01,4064,4073,4069.0,4075.0,-0.16
2015-01-02,4064,4073,4069.0,4075.0,-0.16
2015-01-03,4067,4074,4071.0,4075.0,-0.16
2015-01-04,4067,4074,4071.0,4075.0,-0.11
2015-01-05,4065,4073,4069.0,4072.0,-0.04
2015-01-06,4067,4074,4071.0,4072.0,-0.07
2015-01-07,4067,4074,4071.0,4072.0,-0.04
2015-01-08,4067,4074,4071.0,4072.0,-0.04
2015-01-09,4067,4074,4071.0,4072.0,-0.04
2015-01-10,4062,4071,4067.0,4072.0,-0.04
2015-01-11,4062,4071,4067.0,4072.0,-0.14
2015-01-12,4062,4071,4067.0,4068.0,-0.04
2015-01-13,4061,4070,4066.0,4068.0,-0.04
2015-01-14,4061,4070,4066.0,4065.0,0.01
2015-01-15,4061,4070,4066.0,4063.0,0.06
2015-01-16,4061,4070,4066.0,4063.0,0.06
2015-01-17,4061,4068,4065.0,4063.0,0.06
2015-01-18,4061,4068,4065.0,4063.0,0.04
2015-01-19,4060,4068,4064.0,4063.0,0.04
2015-01-20,4060,4068,4064.0,4063.0,0.02
2015-01-21,4060,4068,4064.0,4063.0,0.02
2015-01-22,4060,4068,4064.0,4063.0,0.02
2015-01-23,4060,4068,4064.0,4063.0,0.02
2015-01-24,4060,4068,4064.0,4063.0,0.02
2015-01-25,4060,4068,4064.0,4063.0,0.02
2015-01-26,4058,4065,4062.0,4060.0,0.1
2015-01-27,4058,4065,4062.0,4060.0,0.04
2015-01-28,4059,4067,4063.0,4060.0,0.04
2015-01-29,4059,4067,4063.0,4060.0,0.07
2015-01-30,4059,4067,4063.0,4060.0,0.07
2015-01-31,4059,4067,4063.0,4060.0,0.07
2015-02-01,4059,4067,4063.0,4060.0,0.07
2015-02-02,4059,4067,4063.0,4060.0,0.07
2015-02-03,4059,4067,4063.0,4060.0,0.07
2015-02-04,4059,4067,4063.0,4060.0,0.07
2015-02-05,4059,4067,4063.0,4060.0,0.07
2015-02-06,4055,4063,4059.0,4057.0,0.15
2015-02-07,4055,4063,4059.0,4057.0,0.05
2015-02-08,4055,4063,4059.0,4057.0,0.05
2015-02-09,4054,4061,4058.0,4057.0,0.05
2015-02-10,4049,4057,4053.0,4057.0,0.01
2015-02-11,4047,4055,4051.0,4052.0,0.02
2015-02-12,4043,4050,4047.0,4048.0,0.07
2015-02-13,4039,4050,4045.0,4044.0,0.06
2015-02-14,4039,4050,4045.0,4044.0,0.01
2015-02-15,4039,4050,4045.0,4044.0,0.01
2015-02-16,4039,4050,4045.0,4040.0,0.11
2015-02-17,4044,4054,4049.0,4040.0,0.11
2015-02-18,4044,4058,4051.0,4040.0,0.22
2015-02-19,4044,4058,4051.0,4040.0,0.27
2015-02-20,4040,4052,4046.0,4040.0,0.27
2015-02-21,4040,4052,4046.0,4040.0,0.15
2015-02-22,4040,4052,4046.0,4040.0,0.15
2015-02-23,4040,4050,4045.0,4037.0,0.22
2015-02-24,4037,4046,4042.0,4037.0,0.2
2015-02-25,4035,4043,4039.0,4035.0,0.16
2015-02-26,4032,4040,4036.0,4030.0,0.22
2015-02-27,4032,4040,4036.0,4027.0,0.22
2015-02-28,4032,4040,4036.0,4027.0,0.22
2015-03-01,4032,4040,4036.0,4027.0,0.22
2015-03-02,4030,4038,4034.0,4027.0,0.22
2015-03-03,4024,4033,4029.0,4023.0,0.27
2015-03-04,4024,4033,4029.0,4023.0,0.14
2015-03-05,4024,4033,4029.0,4023.0,0.14
2015-03-06,4024,4033,4029.0,4023.0,0.14
2015-03-07,4021,4030,4026.0,4023.0,0.14
2015-03-08,4021,4030,4026.0,4023.0,0.06
2015-03-09,4021,4030,4026.0,4020.0,0.14
2015-03-10,4021,4030,4026.0,4020.0,0.14
2015-03-11,4021,4030,4026.0,4020.0,0.14
2015-03-12,4017,4026,4022.0,4020.0,0.14
2015-03-13,4017,4026,4022.0,4015.0,0.16
2015-03-14,4013,4024,4019.0,4015.0,0.16
2015-03-15,4013,4024,4019.0,4015.0,0.09
2015-03-16,4013,4020,4017.0,4012.0,0.16
2015-03-17,4014,4021,4018.0,4012.0,0.11
2015-03-18,4014,4021,4018.0,4012.0,0.14
2015-03-19,4016,4024,4020.0,4012.0,0.14
2015-03-20,4016,4024,4020.0,4012.0,0.2
2015-03-21,4015,4022,4019.0,4012.0,0.2
2015-03-22,4015,4022,4019.0,4012.0,0.16
2015-03-23,4014,4021,4018.0,4012.0,0.16
2015-03-24,4011,4020,4016.0,4010.0,0.19
2015-03-25,4010,4018,4014.0,4010.0,0.14
2015-03-26,4010,4018,4014.0,4010.0,0.1
2015-03-27,4010,4018,4014.0,4010.0,0.1
2015-03-28,4010,4018,4014.0,4010.0,0.1
2015-03-29,4010,4018,4014.0,4010.0,0.1
2015-03-30,4009,4017,4013.0,4010.0,0.1
2015-03-31,4010,4018,4014.0,4010.0,0.07
2015-04-01,4010,4018,4010.0,4010.0,0.1
2015-04-02,4014,4020,4010.0,4010.0,0.0
2015-04-03,4014,4018,4016.0,4012.0,-0.05
2015-04-04,4014,4018,4016.0,4012.0,0.1
2015-04-05,4014,4018,4016.0,4012.0,0.1
2015-04-06,4011,4017,4014.0,4012.0,0.1
2015-04-07,4011,4017,4014.0,4010.0,0.1
2015-04-08,4011,4017,4014.0,4010.0,0.1
2015-04-09,4013,4020,4017.0,4012.0,0.05
2015-04-10,4014,4022,4018.0,4012.0,0.11
2015-04-11,4015,4028,4022.0,4012.0,0.15
2015-04-12,4015,4028,4022.0,4012.0,0.24
2015-04-13,4015,4028,4022.0,4015.0,0.16
2015-04-14,4015,4028,4022.0,4015.0,0.16
2015-04-15,4015,4028,4022.0,4015.0,0.16
2015-04-16,4015,4028,4022.0,4015.0,0.16
2015-04-17,4015,4028,4022.0,4015.0,0.16
2015-04-18,4015,4028,4022.0,4015.0,0.16
2015-04-19,4015,4028,4022.0,4015.0,0.16
2015-04-20,4016,4030,4023.0,4015.0,0.16
2015-04-21,4022,4032,4027.0,4015.0,0.2
2015-04-22,4043,4059,4051.0,4015.0,0.3
2015-04-23,4049,4071,4060.0,4015.0,0.9
2015-04-24,4058,4080,4069.0,4015.0,1.12
2015-04-25,4063,4085,4074.0,4015.0,1.34
2015-04-26,4063,4085,4074.0,4015.0,1.47
2015-04-27,4063,4082,4073.0,4015.0,1.47
2015-04-28,4068,4082,4075.0,4020.0,1.31
2015-04-29,4072,4083,4078.0,4030.0,1.12
2015-04-30,4066,4076,4071.0,4050.0,0.68
2015-05-01,4077,4085,4081.0,4050.0,0.52
2015-05-02,4077,4085,4081.0,4050.0,0.77
2015-05-03,4077,4085,4081.0,4050.0,0.77
2015-05-04,4077,4085,4081.0,4055.0,0.64
2015-05-05,4074,4083,4079.0,4060.0,0.52
2015-05-06,4074,4083,4079.0,4060.0,0.46
2015-05-07,4074,4083,4079.0,4060.0,0.46
2015-05-08,4074,4083,4079.0,4065.0,0.33
2015-05-09,4066,4076,4071.0,4065.0,0.33
2015-05-10,4066,4076,4071.0,4065.0,0.15
2015-05-11,4066,4076,4071.0,4065.0,0.15
2015-05-12,4066,4076,4071.0,4065.0,0.15
2015-05-13,4069,4079,4074.0,4065.0,0.15
2015-05-14,4069,4079,4074.0,4065.0,0.22
2015-05-15,4069,4079,4074.0,4065.0,0.22
2015-05-16,4069,4079,4074.0,4065.0,0.22
2015-05-17,4069,4079,4074.0,4065.0,0.22
2015-05-18,4069,4079,4074.0,4068.0,0.15
2015-05-19,4071,4080,4076.0,4068.0,0.15
2015-05-20,4071,4080,4076.0,4068.0,0.18
2015-05-21,4074,4084,4079.0,4068.0,0.18
2015-05-22,4074,4084,4079.0,4068.0,0.27
2015-05-23,4077,4085,4081.0,4068.0,0.27
2015-05-24,4077,4085,4081.0,4068.0,0.32
2015-05-25,4077,4085,4081.0,4068.0,0.32
2015-05-26,4077,4085,4081.0,4068.0,0.32
2015-05-27,4081,4089,4085.0,4068.0,0.32
2015-05-28,4083,4094,4089.0,4068.0,0.42
2015-05-29,4083,4094,4089.0,4068.0,0.5
2015-05-30,4086,4096,4091.0,4068.0,0.5
2015-05-31,4086,4096,4091.0,4068.0,0.57
2015-06-01,4086,4096,4091.0,4068.0,0.57
2015-06-02,4086,4096,4091.0,4073.0,0.44
2015-06-03,4086,4096,4091.0,4078.0,0.32
2015-06-04,4086,4096,4091.0,4078.0,0.32
2015-06-05,4086,4096,4091.0,4078.0,0.32
2015-06-06,4086,4096,4091.0,4078.0,0.32
2015-06-07,4086,4096,4091.0,4078.0,0.32
2015-06-08,4086,4094,4090.0,4083.0,0.2
2015-06-09,4086,4094,4090.0,4083.0,0.17
2015-06-10,4086,4094,4090.0,4086.0,0.1
2015-06-11,4085,4091,4088.0,4086.0,0.1
2015-06-12,4082,4089,4086.0,4086.0,0.05
2015-06-13,4084,4093,4089.0,4086.0,-0.01
2015-06-14,4084,4093,4089.0,4086.0,0.06
2015-06-15,4084,4093,4089.0,4090.0,-0.04
2015-06-16,4084,4093,4089.0,4090.0,-0.04
2015-06-17,4084,4093,4089.0,4090.0,-0.04
2015-06-18,4084,4093,4089.0,4090.0,-0.04
2015-06-19,4084,4093,4089.0,4090.0,-0.04
2015-06-20,4084,4093,4089.0,4090.0,-0.04
2015-06-21,4084,4093,4089.0,4090.0,-0.04
2015-06-22,4084,4093,4089.0,4092.0,-0.09
2015-06-23,4089,4097,4093.0,4093.0,-0.11
2015-06-24,4093,4100,4097.0,4095.0,-0.05
2015-06-25,4093,4100,4097.0,4098.0,-0.04
2015-06-26,4093,4100,4097.0,4098.0,-0.04
2015-06-27,4093,4100,4097.0,4098.0,-0.04
2015-06-28,4093,4100,4097.0,4098.0,-0.04
2015-06-29,4093,4100,4097.0,4098.0,-0.04
2015-06-30,4094,4101,4098.0,4098.0,-0.04
2015-07-01,4094,4102,4098.0,4098.0,-0.01
2015-07-02,4096,4105,4101.0,4098.0,0.0
2015-07-03,4096,4105,4101.0,4098.0,0.06
2015-07-04,4096,4105,4101.0,4098.0,0.06
2015-07-05,4096,4105,4101.0,4098.0,0.06
2015-07-06,4096,4105,4101.0,4098.0,0.06
2015-07-07,4093,4102,4098.0,4098.0,0.06
2015-07-08,4093,4102,4098.0,4095.0,0.06
2015-07-09,4091,4100,4096.0,4093.0,0.11
2015-07-10,4091,4100,4096.0,4093.0,0.06
2015-07-11,4091,4099,4095.0,4093.0,0.06
2015-07-12,4091,4099,4095.0,4093.0,0.05
2015-07-13,4090,4097,4094.0,4093.0,0.05
2015-07-14,4090,4097,4094.0,4093.0,0.01
2015-07-15,4091,4099,4095.0,4093.0,0.01
2015-07-16,4091,4099,4095.0,4094.0,0.02
2015-07-17,4094,4101,4098.0,4096.0,-0.02
2015-07-18,4094,4101,4098.0,4096.0,0.04
2015-07-19,4094,4101,4098.0,4096.0,0.04
2015-07-20,4096,4104,4100.0,4096.0,0.04
2015-07-21,4099,4107,4103.0,4098.0,0.05
2015-07-22,4099,4107,4103.0,4100.0,0.07
2015-07-23,4101,4108,4105.0,4100.0,0.07
2015-07-24,4103,4109,4106.0,4104.0,0.01
2015-07-25,4103,4109,4106.0,4104.0,0.05
2015-07-26,4103,4109,4106.0,4104.0,0.05
2015-07-27,4103,4109,4106.0,4106.0,0.0
2015-07-28,4103,4109,4106.0,4106.0,0.0
2015-07-29,4106,4114,4110.0,4106.0,0.0
2015-07-30,4109,4119,4114.0,4108.0,0.05
2015-07-31,4113,4121,4117.0,4113.0,0.02
2015-08-01,4113,4121,4117.0,4113.0,0.1
2015-08-02,4113,4121,4117.0,4113.0,0.1
2015-08-03,4114,4122,4118.0,4115.0,0.05
2015-08-04,4114,4122,4118.0,4115.0,0.07
2015-08-05,4116,4125,4121.0,4117.0,0.02
2015-08-06,4116,4125,4121.0,4117.0,0.09
2015-08-07,4116,4125,4121.0,4117.0,0.09
2015-08-08,4108,4119,4114.0,4117.0,0.09
2015-08-09,4108,4119,4114.0,4117.0,-0.09
2015-08-10,4108,4119,4114.0,4115.0,-0.04
2015-08-11,4111,4119,4115.0,4115.0,-0.04
2015-08-12,4108,4118,4113.0,4110.0,0.12
2015-08-13,4099,4110,4105.0,4100.0,0.32
2015-08-14,4089,4101,4095.0,4090.0,0.35
2015-08-15,4093,4104,4099.0,4090.0,0.12
2015-08-16,4093,4104,4099.0,4090.0,0.21
2015-08-17,4089,4102,4096.0,4080.0,0.45
2015-08-18,4093,4104,4099.0,4070.0,0.63
2015-08-19,4098,4110,4104.0,4076.0,0.55
2015-08-20,4098,4110,4104.0,4079.0,0.61
2015-08-21,4094,4102,4098.0,4079.0,0.61
2015-08-22,4094,4102,4098.0,4079.0,0.47
2015-08-23,4094,4102,4098.0,4079.0,0.47
2015-08-24,4094,4102,4098.0,4079.0,0.47
2015-08-25,4094,4102,4098.0,4079.0,0.47
2015-08-26,4097,4104,4101.0,4079.0,0.47
2015-08-27,4094,4102,4098.0,4079.0,0.53
2015-08-28,4094,4102,4098.0,4079.0,0.47
2015-08-29,4096,4104,4100.0,4079.0,0.47
2015-08-30,4096,4104,4100.0,4079.0,0.51
2015-08-31,4098,4105,4102.0,4081.0,0.47
2015-09-01,4098,4105,4102.0,4081.0,0.5
2015-09-02,4099,4108,4104.0,4081.0,0.5
2015-09-03,4099,4108,4104.0,4081.0,0.55
2015-09-04,4099,4108,4104.0,4083.0,0.5
2015-09-05,4099,4108,4104.0,4083.0,0.5
2015-09-06,4099,4108,4104.0,4083.0,0.5
2015-09-07,4099,4107,4103.0,4083.0,0.5
2015-09-08,4098,4105,4102.0,4086.0,0.42
2015-09-09,4098,4105,4102.0,4086.0,0.38
2015-09-10,4096,4103,4100.0,4086.0,0.38
2015-09-11,4094,4103,4099.0,4086.0,0.33
2015-09-12,4092,4099,4096.0,4086.0,0.31
2015-09-13,4092,4099,4096.0,4086.0,0.23
2015-09-14,4090,4097,4094.0,4083.0,0.31
2015-09-15,4090,4097,4094.0,4083.0,0.26
2015-09-16,4091,4099,4095.0,4083.0,0.26
2015-09-17,4093,4102,4098.0,4083.0,0.29
2015-09-18,4093,4102,4098.0,4083.0,0.36
2015-09-19,4093,4102,4098.0,4083.0,0.36
2015-09-20,4093,4102,4098.0,4083.0,0.36
2015-09-21,4093,4101,4097.0,4083.0,0.36
2015-09-22,4093,4101,4097.0,4082.0,0.37
2015-09-23,4093,4101,4097.0,4082.0,0.37
2015-09-24,4093,4101,4097.0,4082.0,0.37
2015-09-25,4089,4097,4093.0,4082.0,0.37
2015-09-26,4086,4096,4091.0,4082.0,0.27
2015-09-27,4086,4096,4091.0,4082.0,0.22
2015-09-28,4084,4092,4088.0,4082.0,0.22
2015-09-29,4079,4090,4085.0,4080.0,0.2
2015-09-30,4074,4083,4079.0,4076.0,0.21
2015-10-01,4074,4083,4079.0,4073.0,0.14
2015-10-02,4076,4084,4080.0,4073.0,0.14
2015-10-03,4074,4083,4079.0,4073.0,0.17
2015-10-04,4074,4083,4079.0,4073.0,0.14
2015-10-05,4073,4079,4076.0,4073.0,0.14
2015-10-06,4067,4076,4072.0,4070.0,0.15
2015-10-07,4058,4067,4063.0,4063.0,0.21
2015-10-08,4054,4063,4059.0,4057.0,0.14
2015-10-09,4054,4063,4059.0,4055.0,0.09
2015-10-10,4054,4073,4064.0,4055.0,0.09
2015-10-11,4054,4073,4064.0,4055.0,0.21
2015-10-12,4054,4073,4064.0,4055.0,0.21
2015-10-13,4054,4073,4064.0,4055.0,0.21
2015-10-14,4054,4076,4065.0,4055.0,0.21
2015-10-15,4055,4080,4068.0,4055.0,0.25
2015-10-16,4055,4080,4068.0,4055.0,0.31
2015-10-17,4068,4081,4075.0,4055.0,0.31
2015-10-18,4068,4081,4075.0,4055.0,0.48
2015-10-19,4068,4081,4075.0,4054.0,0.51
2015-10-20,4068,4081,4075.0,4054.0,0.51
2015-10-21,4072,4083,4078.0,4054.0,0.51
2015-10-22,4072,4083,4078.0,4054.0,0.58
2015-10-23,4072,4083,4078.0,4054.0,0.58
2015-10-24,4072,4083,4078.0,4054.0,0.58
2015-10-25,4072,4083,4078.0,4054.0,0.58
2015-10-26,4072,4083,4078.0,4055.0,0.55
2015-10-27,4069,4081,4075.0,4059.0,0.46
2015-10-28,4064,4073,4069.0,4061.0,0.34
2015-10-29,4064,4073,4069.0,4062.0,0.16
2015-10-30,4064,4073,4069.0,4061.0,0.18
2015-10-31,4049,4060,4055.0,4061.0,0.18
2015-11-01,4049,4060,4055.0,4061.0,-0.16
2015-11-02,4051,4060,4056.0,4055.0,-0.01
2015-11-03,4049,4060,4055.0,4052.0,0.09
2015-11-04,4047,4055,4051.0,4049.0,0.14
2015-11-05,4047,4053,4050.0,4049.0,0.05
2015-11-06,4047,4053,4050.0,4050.0,0.0
2015-11-07,4032,4043,4038.0,4050.0,0.0
2015-11-08,4032,4043,4038.0,4050.0,-0.31
2015-11-09,4032,4043,4038.0,4050.0,-0.31
2015-11-10,4034,4045,4040.0,4043.0,-0.14
2015-11-11,4034,4045,4040.0,4043.0,-0.09
2015-11-12,4034,4045,4040.0,4042.0,-0.06
2015-11-13,4034,4045,4040.0,4042.0,-0.06
2015-11-14,4034,4045,4040.0,4042.0,-0.06
2015-11-15,4034,4045,4040.0,4042.0,-0.06
2015-11-16,4034,4045,4040.0,4040.0,-0.01
2015-11-17,4034,4045,4040.0,4040.0,-0.01
2015-11-18,4034,4045,4040.0,4040.0,-0.01
2015-11-19,4037,4048,4043.0,4038.0,0.04
2015-11-20,4037,4045,4041.0,4038.0,0.11
2015-11-21,4037,4045,4041.0,4038.0,0.07
2015-11-22,4037,4045,4041.0,4038.0,0.07
2015-11-23,4037,4045,4041.0,4039.0,0.05
2015-11-24,4044,4056,4050.0,4039.0,0.05
2015-11-25,4044,4056,4050.0,4039.0,0.27
2015-11-26,4044,4056,4050.0,4039.0,0.27
2015-11-27,4044,4056,4050.0,4044.0,0.15
2015-11-28,4044,4056,4050.0,4044.0,0.15
2015-11-29,4044,4056,4050.0,4044.0,0.15
2015-11-30,4044,4056,4050.0,4044.0,0.15
2015-12-01,4049,4058,4054.0,4045.0,0.12
2015-12-02,4049,4058,4054.0,4050.0,0.09
2015-12-03,4049,4058,4054.0,4050.0,0.09
2015-12-04,4049,4058,4054.0,4050.0,0.09
2015-12-05,4048,4055,4052.0,4050.0,0.09
2015-12-06,4048,4055,4052.0,4050.0,0.04
2015-12-07,4048,4057,4053.0,4049.0,0.06
2015-12-08,4047,4056,4052.0,4049.0,0.09
2015-12-09,4047,4056,4052.0,4049.0,0.06
2015-12-10,4047,4056,4052.0,4049.0,0.06
2015-12-11,4047,4056,4052.0,4049.0,0.06
2015-12-12,4047,4056,4052.0,4049.0,0.06
2015-12-13,4047,4056,4052.0,4049.0,0.06
2015-12-14,4047,4054,4051.0,4048.0,0.09
2015-12-15,4047,4054,4051.0,4048.0,0.06
2015-12-16,4047,4054,4051.0,4048.0,0.06
2015-12-17,4048,4055,4052.0,4048.0,0.06
2015-12-18,4048,4055,4052.0,4049.0,0.06
2015-12-19,4048,4054,4051.0,4049.0,0.06
2015-12-20,4048,4054,4051.0,4049.0,0.05
2015-12-21,4048,4054,4051.0,4050.0,0.02
2015-12-22,4048,4054,4051.0,4050.0,0.02
2015-12-23,4048,4054,4051.0,4050.0,0.02
2015-12-24,4048,4054,4051.0,4050.0,0.02
2015-12-25,4048,4054,4051.0,4050.0,0.02
2015-12-26,4049,4057,4053.0,4050.0,0.02
2015-12-27,4049,4057,4053.0,4050.0,0.07
2015-12-28,4049,4057,4053.0,4050.0,0.07
2015-12-29,4048,4055,4052.0,4050.0,0.07
2015-12-30,4048,4055,4052.0,4050.0,0.04
2015-12-31,4048,4055,4052.0,4050.0,0.04
2016-01-01,4051,4058,4055.0,4050.0,0.04
2016-01-02,4051,4058,4055.0,4050.0,0.11
2016-01-03,4051,4058,4055.0,4050.0,0.11
2016-01-04,4051,4058,4055.0,4053.0,0.04
2016-01-05,4050,4056,4053.0,4050.0,0.11
2016-01-06,4050,4056,4053.0,4048.0,0.12
2016-01-07,4050,4056,4053.0,4048.0,0.12
2016-01-08,4048,4056,4052.0,4048.0,0.12
2016-01-09,4040,4048,4044.0,4048.0,0.1
2016-01-10,4040,4048,4044.0,4048.0,-0.1
2016-01-11,4040,4049,4045.0,4045.0,-0.02
2016-01-12,4040,4049,4045.0,4045.0,-0.01
2016-01-13,4040,4049,4045.0,4045.0,-0.01
2016-01-14,4040,4049,4045.0,4045.0,-0.01
2016-01-15,4040,4049,4045.0,4045.0,-0.01
2016-01-16,4040,4049,4045.0,4045.0,-0.01
2016-01-17,4040,4049,4045.0,4045.0,-0.01
2016-01-18,4040,4049,4045.0,4044.0,0.01
2016-01-19,4040,4049,4045.0,4044.0,0.01
2016-01-20,4040,4049,4045.0,4043.0,0.04
2016-01-21,4040,4049,4045.0,4044.0,0.01
2016-01-22,4040,4047,4044.0,4041.0,0.09
2016-01-23,4039,4045,4042.0,4041.0,0.06
2016-01-24,4039,4045,4042.0,4041.0,0.02
2016-01-25,4039,4045,4042.0,4039.0,0.07
2016-01-26,4039,4045,4042.0,4039.0,0.07
2016-01-27,4039,4045,4042.0,4039.0,0.07
2016-01-28,4039,4045,4042.0,4039.0,0.07
2016-01-29,4037,4045,4041.0,4037.0,0.12
2016-01-30,4037,4045,4041.0,4037.0,0.1
2016-01-31,4037,4045,4041.0,4037.0,0.1
2016-02-01,4037,4043,4040.0,4037.0,0.1
2016-02-02,4035,4043,4039.0,4035.0,0.12
2016-02-03,4035,4043,4039.0,4032.0,0.17
2016-02-04,4035,4043,4039.0,4032.0,0.17
2016-02-05,4035,4043,4039.0,4032.0,0.17
2016-02-06,4035,4042,4039.0,4032.0,0.17
2016-02-07,4035,4042,4039.0,4032.0,0.16
2016-02-08,4035,4042,4039.0,4032.0,0.16
2016-02-09,4035,4042,4039.0,4032.0,0.16
2016-02-10,4035,4042,4039.0,4032.0,0.16
2016-02-11,4026,4038,4032.0,4032.0,0.16
2016-02-12,4022,4033,4028.0,4026.0,0.15
2016-02-13,4022,4033,4028.0,4026.0,0.04
2016-02-14,4022,4033,4028.0,4026.0,0.04
2016-02-15,4022,4031,4027.0,4023.0,0.11
2016-02-16,4017,4027,4022.0,4023.0,0.09
2016-02-17,4017,4027,4022.0,4020.0,0.05
2016-02-18,4017,4027,4022.0,4020.0,0.05
2016-02-19,4017,4027,4022.0,4017.0,0.12
2016-02-20,4007,4016,4012.0,4017.0,0.12
2016-02-21,4007,4016,4012.0,4017.0,-0.14
2016-02-22,4007,4016,4012.0,4017.0,-0.14
2016-02-23,4007,4016,4012.0,4010.0,0.04
2016-02-24,4007,4016,4012.0,4010.0,0.04
2016-02-25,4009,4016,4013.0,4009.0,0.06
2016-02-26,4009,4016,4013.0,4009.0,0.09
2016-02-27,4010,4016,4013.0,4009.0,0.09
2016-02-28,4010,4016,4013.0,4009.0,0.1
2016-02-29,4010,4016,4013.0,4008.0,0.12
2016-03-01,4007,4014,4011.0,4007.0,0.15
2016-03-02,4007,4014,4011.0,4005.0,0.14
2016-03-03,4003,4011,4007.0,4005.0,0.14
2016-03-04,4003,4011,4007.0,4003.0,0.1
2016-03-05,3998,4007,4003.0,4003.0,0.1
2016-03-06,3998,4007,4003.0,4003.0,-0.01
2016-03-07,3995,4005,4000.0,3999.0,0.09
2016-03-08,3996,4005,4001.0,3999.0,0.03
2016-03-09,3998,4007,4003.0,3999.0,0.04
2016-03-10,3998,4008,4003.0,3999.0,0.09
2016-03-11,3998,4008,4003.0,3999.0,0.1
2016-03-12,3998,4005,4002.0,3999.0,0.1
2016-03-13,3998,4005,4002.0,3999.0,0.06
2016-03-14,3999,4007,4003.0,3999.0,0.06
2016-03-15,3999,4007,4003.0,3999.0,0.1
2016-03-16,3999,4007,4003.0,3999.0,0.1
2016-03-17,3999,4007,4003.0,3999.0,0.1
2016-03-18,3996,4004,4000.0,3999.0,0.1
2016-03-19,3996,4004,4000.0,3999.0,0.03
2016-03-20,3996,4004,4000.0,3999.0,0.03
2016-03-21,3996,4004,4000.0,3998.0,0.05
2016-03-22,3996,4004,4000.0,4000.0,0.0
2016-03-23,3999,4008,4004.0,4000.0,0.0
2016-03-24,4001,4009,4005.0,4000.0,0.09
2016-03-25,4001,4009,4005.0,4000.0,0.12
2016-03-26,4001,4009,4005.0,4000.0,0.12
2016-03-27,4001,4009,4005.0,4000.0,0.12
2016-03-28,4003,4011,4007.0,4002.0,0.07
2016-03-29,4003,4011,4007.0,4002.0,0.12
2016-03-30,4006,4015,4011.0,4002.0,0.12
2016-03-31,4010,4018,4014.0,4006.0,0.11
2016-04-01,4010,4018,4014.0,4006.0,0.2
2016-04-02,4010,4018,4014.0,4006.0,0.2
2016-04-03,4010,4018,4014.0,4006.0,0.2
2016-04-04,4010,4018,4014.0,4009.0,0.12
2016-04-05,4010,4018,4014.0,4009.0,0.12
2016-04-06,4013,4021,4017.0,4009.0,0.12
2016-04-07,4016,4025,4021.0,4009.0,0.2
2016-04-08,4021,4031,4026.0,4012.0,0.21
2016-04-09,4014,4022,4018.0,4012.0,0.35
2016-04-10,4014,4022,4018.0,4012.0,0.15
2016-04-11,4017,4028,4023.0,4010.0,0.2
2016-04-12,4020,4031,4026.0,4010.0,0.31
2016-04-13,4012,4026,4019.0,4010.0,0.39
2016-04-14,4012,4026,4019.0,4010.0,0.22
2016-04-15,4012,4026,4019.0,4010.0,0.22
2016-04-16,4012,4026,4019.0,4010.0,0.22
2016-04-17,4012,4026,4019.0,4010.0,0.22
2016-04-18,4012,4026,4019.0,4010.0,0.22
2016-04-19,4012,4026,4019.0,4008.0,0.27
2016-04-20,4012,4026,4019.0,4005.0,0.35
2016-04-21,4018,4032,4025.0,4005.0,0.35
2016-04-22,4031,4051,4041.0,4005.0,0.5
2016-04-23,4046,4062,4054.0,4005.0,0.9
2016-04-24,4046,4062,4054.0,4005.0,1.22
2016-04-25,4058,4071,4065.0,4015.0,0.97
2016-04-26,4063,4075,4069.0,4040.0,0.61
2016-04-27,4063,4078,4071.0,4050.0,0.47
2016-04-28,4061,4073,4067.0,4060.0,0.26
2016-04-29,4061,4073,4067.0,4060.0,0.17
2016-04-30,4061,4073,4067.0,4060.0,0.17
2016-05-01,4061,4073,4067.0,4060.0,0.17
2016-05-02,4061,4073,4067.0,4058.0,0.22
2016-05-03,4063,4072,4068.0,4058.0,0.22
2016-05-04,4059,4071,4065.0,4063.0,0.11
2016-05-05,4059,4071,4065.0,4063.0,0.05
2016-05-06,4059,4071,4065.0,4063.0,0.05
2016-05-07,4059,4069,4064.0,4063.0,0.05
2016-05-08,4059,4069,4064.0,4063.0,0.02
2016-05-09,4059,4069,4064.0,4062.0,0.05
2016-05-10,4059,4069,4064.0,4062.0,0.05
2016-05-11,4059,4069,4064.0,4063.0,0.02
2016-05-12,4059,4069,4064.0,4063.0,0.02
2016-05-13,4059,4069,4064.0,4063.0,0.02
2016-05-14,4059,4069,4064.0,4063.0,0.02
2016-05-15,4059,4069,4064.0,4063.0,0.02
2016-05-16,4059,4069,4064.0,4062.0,0.05
2016-05-17,4059,4069,4064.0,4060.0,0.1
2016-05-18,4059,4069,4064.0,4062.0,0.05
2016-05-19,4062,4073,4068.0,4062.0,0.05
2016-05-20,4063,4074,4069.0,4062.0,0.14
2016-05-21,4063,4074,4069.0,4062.0,0.16
2016-05-22,4063,4074,4069.0,4062.0,0.16
2016-05-23,4067,4078,4073.0,4063.0,0.14
2016-05-24,4069,4079,4074.0,4063.0,0.23
2016-05-25,4073,4084,4079.0,4070.0,0.1
2016-05-26,4078,4088,4083.0,4077.0,0.04
2016-05-27,4086,4095,4091.0,4077.0,0.15
2016-05-28,4086,4095,4091.0,4077.0,0.33
2016-05-29,4086,4095,4091.0,4077.0,0.33
2016-05-30,4082,4091,4087.0,4086.0,0.11
2016-05-31,4082,4091,4087.0,4085.0,0.04
2016-06-01,4084,4095,4090.0,4085.0,0.04
2016-06-02,4084,4095,4090.0,4085.0,0.11
2016-06-03,4084,4095,4090.0,4085.0,0.11
2016-06-04,4084,4095,4090.0,4085.0,0.11
2016-06-05,4084,4095,4090.0,4085.0,0.11
2016-06-06,4084,4094,4089.0,4087.0,0.06
2016-06-07,4084,4094,4089.0,4087.0,0.05
2016-06-08,4081,4091,4086.0,4087.0,0.05
2016-06-09,4080,4089,4085.0,4083.0,0.07
2016-06-10,4080,4089,4085.0,4083.0,0.04
2016-06-11,4079,4086,4083.0,4083.0,0.04
2016-06-12,4079,4086,4083.0,4083.0,-0.01
2016-06-13,4076,4083,4080.0,4081.0,0.04
2016-06-14,4073,4083,4078.0,4078.0,0.04
2016-06-15,4073,4083,4078.0,4078.0,0.0
2016-06-16,4074,4083,4079.0,4079.0,-0.02
2016-06-17,4078,4086,4082.0,4079.0,-0.01
2016-06-18,4080,4087,4084.0,4079.0,0.07
2016-06-19,4080,4087,4084.0,4079.0,0.11
2016-06-20,4080,4087,4084.0,4080.0,0.09
2016-06-21,4076,4084,4080.0,4080.0,0.09
2016-06-22,4076,4084,4080.0,4080.0,0.0
2016-06-23,4081,4087,4084.0,4080.0,0.0
2016-06-24,4081,4091,4086.0,4082.0,0.05
2016-06-25,4081,4091,4086.0,4082.0,0.1
2016-06-26,4081,4091,4086.0,4082.0,0.1
2016-06-27,4081,4091,4086.0,4083.0,0.07
2016-06-28,4081,4091,4086.0,4083.0,0.07
2016-06-29,4081,4091,4086.0,4084.0,0.05
2016-06-30,4081,4091,4086.0,4084.0,0.05
2016-07-01,4081,4092,4087.0,4084.0,0.05
2016-07-02,4081,4092,4087.0,4084.0,0.06
2016-07-03,4081,4092,4087.0,4084.0,0.06
2016-07-04,4081,4092,4087.0,4085.0,0.04
2016-07-05,4086,4096,4091.0,4087.0,-0.01
2016-07-06,4084,4095,4090.0,4087.0,0.1
2016-07-07,4084,4095,4090.0,4090.0,-0.01
2016-07-08,4084,4095,4090.0,4090.0,-0.01
2016-07-09,4084,4092,4088.0,4090.0,-0.01
2016-07-10,4084,4092,4088.0,4090.0,-0.05
2016-07-11,4084,4091,4088.0,4088.0,0.0
2016-07-12,4084,4091,4088.0,4088.0,-0.01
2016-07-13,4084,4092,4088.0,4089.0,-0.04
2016-07-14,4084,4092,4088.0,4089.0,-0.02
2016-07-15,4082,4095,4089.0,4090.0,-0.05
2016-07-16,4082,4092,4087.0,4090.0,-0.04
2016-07-17,4082,4092,4087.0,4090.0,-0.07
2016-07-18,4082,4092,4087.0,4088.0,-0.02
2016-07-19,4082,4092,4087.0,4085.0,0.05
2016-07-20,4084,4092,4088.0,4085.0,0.05
2016-07-21,4086,4094,4090.0,4088.0,0.0
2016-07-22,4089,4097,4093.0,4090.0,0.0
2016-07-23,4089,4097,4093.0,4090.0,0.07
2016-07-24,4089,4097,4093.0,4090.0,0.07
2016-07-25,4089,4097,4093.0,4092.0,0.02
2016-07-26,4092,4099,4096.0,4092.0,0.02
2016-07-27,4092,4099,4096.0,4094.0,0.04
2016-07-28,4094,4103,4099.0,4095.0,0.01
2016-07-29,4094,4103,4099.0,4097.0,0.04
2016-07-30,4094,4103,4099.0,4097.0,0.04
2016-07-31,4094,4103,4099.0,4097.0,0.04
2016-08-01,4096,4103,4100.0,4098.0,0.01
2016-08-02,4096,4103,4100.0,4099.0,0.01
2016-08-03,4096,4103,4100.0,4100.0,-0.01
2016-08-04,4098,4107,4103.0,4100.0,-0.01
2016-08-05,4099,4107,4103.0,4100.0,0.06
2016-08-06,4099,4107,4103.0,4100.0,0.07
2016-08-07,4099,4107,4103.0,4100.0,0.07
2016-08-08,4098,4106,4102.0,4100.0,0.07
2016-08-09,4098,4106,4102.0,4099.0,0.07
2016-08-10,4098,4106,4102.0,4099.0,0.07
2016-08-11,4098,4106,4102.0,4099.0,0.07
2016-08-12,4098,4106,4102.0,4098.0,0.1
2016-08-13,4094,4104,4099.0,4098.0,0.1
2016-08-14,4094,4104,4099.0,4098.0,0.02
2016-08-15,4094,4104,4099.0,4096.0,0.07
2016-08-16,4094,4104,4099.0,4096.0,0.07
2016-08-17,4094,4104,4099.0,4096.0,0.07
2016-08-18,4094,4104,4099.0,4095.0,0.1
2016-08-19,4094,4104,4099.0,4095.0,0.1
2016-08-20,4091,4098,4095.0,4095.0,0.1
2016-08-21,4091,4098,4095.0,4095.0,-0.01
2016-08-22,4094,4101,4098.0,4095.0,-0.01
2016-08-23,4094,4102,4098.0,4097.0,0.01
2016-08-24,4094,4102,4098.0,4097.0,0.02
2016-08-25,4094,4102,4098.0,4096.0,0.05
2016-08-26,4094,4104,4099.0,4097.0,0.02
2016-08-27,4094,4104,4099.0,4097.0,0.05
2016-08-28,4094,4104,4099.0,4097.0,0.05
2016-08-29,4096,4106,4101.0,4096.0,0.07
2016-08-30,4096,4106,4101.0,4096.0,0.12
2016-08-31,4096,4106,4101.0,4096.0,0.12
2016-09-01,4096,4106,4101.0,4096.0,0.12
2016-09-02,4096,4106,4101.0,4097.0,0.1
2016-09-03,4096,4102,4099.0,4097.0,0.1
2016-09-04,4096,4102,4099.0,4097.0,0.05
2016-09-05,4096,4104,4100.0,4097.0,0.05
2016-09-06,4096,4104,4100.0,4098.0,0.05
2016-09-07,4096,4104,4100.0,4099.0,0.02
2016-09-08,4096,4104,4100.0,4100.0,0.0
2016-09-09,4096,4104,4100.0,4102.0,-0.05
2016-09-10,4094,4101,4098.0,4102.0,-0.05
2016-09-11,4094,4101,4098.0,4102.0,-0.11
2016-09-12,4094,4101,4098.0,4100.0,-0.06
2016-09-13,4094,4101,4098.0,4099.0,-0.04
2016-09-14,4094,4101,4098.0,4099.0,-0.04
2016-09-15,4096,4104,4100.0,4100.0,-0.06
2016-09-16,4097,4105,4101.0,4102.0,-0.05
2016-09-17,4097,4105,4101.0,4102.0,-0.02
2016-09-18,4097,4105,4101.0,4102.0,-0.02
2016-09-19,4097,4105,4101.0,4102.0,-0.02
2016-09-20,4099,4107,4103.0,4099.0,0.05
2016-09-21,4096,4103,4100.0,4097.0,0.15
2016-09-22,4096,4103,4100.0,4094.0,0.13
2016-09-23,4096,4103,4100.0,4092.0,0.18
2016-09-24,4089,4096,4093.0,4092.0,0.18
2016-09-25,4089,4096,4093.0,4092.0,0.01
2016-09-26,4086,4096,4091.0,4089.0,0.09
2016-09-27,4086,4096,4091.0,4084.0,0.17
2016-09-28,4086,4096,4091.0,4080.0,0.27
2016-09-29,4086,4096,4091.0,4080.0,0.27
2016-09-30,4086,4097,4092.0,4080.0,0.27
2016-10-01,4086,4097,4092.0,4080.0,0.28
2016-10-02,4086,4097,4092.0,4080.0,0.28
2016-10-03,4089,4098,4094.0,4080.0,0.28
2016-10-04,4089,4098,4094.0,4078.0,0.38
2016-10-05,4086,4096,4091.0,4075.0,0.45
2016-10-06,4086,4096,4091.0,4074.0,0.42
2016-10-07,4086,4096,4091.0,4074.0,0.42
2016-10-08,4080,4091,4086.0,4074.0,0.42
2016-10-09,4080,4091,4086.0,4074.0,0.28
2016-10-10,4082,4093,4088.0,4072.0,0.33
2016-10-11,4082,4093,4088.0,4072.0,0.38
2016-10-12,4083,4094,4089.0,4071.0,0.41
2016-10-13,4086,4094,4090.0,4071.0,0.43
2016-10-14,4086,4094,4090.0,4071.0,0.47
2016-10-15,4082,4094,4088.0,4071.0,0.47
2016-10-16,4082,4094,4088.0,4071.0,0.42
2016-10-17,4086,4096,4091.0,4069.0,0.47
2016-10-18,4068,4081,4075.0,4069.0,0.54
2016-10-19,4064,4073,4069.0,4060.0,0.36
2016-10-20,4064,4073,4069.0,4060.0,0.21
2016-10-21,4064,4073,4069.0,4057.0,0.28
2016-10-22,4059,4068,4064.0,4057.0,0.28
2016-10-23,4059,4068,4064.0,4057.0,0.16
2016-10-24,4059,4068,4064.0,4055.0,0.21
2016-10-25,4056,4066,4061.0,4055.0,0.21
2016-10-26,4056,4066,4061.0,4055.0,0.15
2016-10-27,4056,4066,4061.0,4054.0,0.17
2016-10-28,4053,4061,4057.0,4050.0,0.27
2016-10-29,4053,4061,4057.0,4050.0,0.17
2016-10-30,4053,4061,4057.0,4050.0,0.17
2016-10-31,4053,4061,4057.0,4050.0,0.17
2016-11-01,4051,4059,4055.0,4048.0,0.22
2016-11-02,4040,4051,4046.0,4045.0,0.25
2016-11-03,4035,4045,4040.0,4040.0,0.14
2016-11-04,4035,4045,4040.0,4035.0,0.12
2016-11-05,4029,4038,4034.0,4035.0,0.12
2016-11-06,4029,4038,4034.0,4035.0,-0.04
2016-11-07,4024,4034,4029.0,4030.0,0.09
2016-11-08,4024,4034,4029.0,4025.0,0.1
2016-11-09,4019,4030,4025.0,4025.0,0.1
2016-11-10,4015,4028,4022.0,4020.0,0.11
2016-11-11,4015,4028,4022.0,4015.0,0.16
2016-11-12,4013,4027,4020.0,4015.0,0.16
2016-11-13,4013,4027,4020.0,4015.0,0.12
2016-11-14,4013,4027,4020.0,4015.0,0.12
2016-11-15,4013,4027,4020.0,4015.0,0.12
2016-11-16,4013,4030,4022.0,4010.0,0.25
2016-11-17,4023,4032,4028.0,4012.0,0.24
2016-11-18,4023,4032,4028.0,4020.0,0.19
2016-11-19,4024,4033,4029.0,4020.0,0.19
2016-11-20,4024,4033,4029.0,4020.0,0.21
2016-11-21,4034,4044,4039.0,4025.0,0.09
2016-11-22,4034,4044,4039.0,4025.0,0.35
2016-11-23,4038,4047,4043.0,4025.0,0.35
2016-11-24,4043,4056,4050.0,4030.0,0.31
2016-11-25,4043,4056,4050.0,4030.0,0.48
2016-11-26,4043,4056,4050.0,4030.0,0.48
2016-11-27,4043,4056,4050.0,4030.0,0.48
2016-11-28,4040,4048,4044.0,4035.0,0.36
2016-11-29,4033,4042,4038.0,4030.0,0.35
2016-11-30,4032,4041,4037.0,4030.0,0.19
2016-12-01,4032,4039,4036.0,4030.0,0.16
2016-12-02,4032,4039,4036.0,4028.0,0.19
2016-12-03,4032,4039,4036.0,4028.0,0.19
2016-12-04,4032,4039,4036.0,4028.0,0.19
2016-12-05,4032,4039,4036.0,4028.0,0.19
2016-12-06,4032,4039,4036.0,4027.0,0.21
2016-12-07,4032,4039,4036.0,4027.0,0.21
2016-12-08,4033,4039,4036.0,4027.0,0.21
2016-12-09,4033,4039,4036.0,4026.0,0.25
2016-12-10,4033,4039,4036.0,4026.0,0.25
2016-12-11,4033,4039,4036.0,4026.0,0.25
2016-12-12,4033,4041,4037.0,4026.0,0.25
2016-12-13,4033,4041,4037.0,4027.0,0.25
2016-12-14,4033,4041,4037.0,4028.0,0.22
2016-12-15,4034,4042,4038.0,4030.0,0.17
2016-12-16,4035,4045,4040.0,4030.0,0.2
2016-12-17,4039,4055,4047.0,4030.0,0.25
2016-12-18,4039,4055,4047.0,4030.0,0.42
2016-12-19,4044,4055,4050.0,4035.0,0.3
2016-12-20,4044,4055,4050.0,4045.0,0.11
2016-12-21,4047,4060,4054.0,4045.0,0.11
2016-12-22,4049,4059,4054.0,4045.0,0.21
2016-12-23,4049,4059,4054.0,4045.0,0.22
2016-12-24,4044,4055,4050.0,4045.0,0.22
2016-12-25,4044,4055,4050.0,4045.0,0.11
2016-12-26,4044,4053,4049.0,4042.0,0.19
2016-12-27,4038,4049,4044.0,4037.0,0.28
2016-12-28,4039,4050,4045.0,4037.0,0.16
2016-12-29,4039,4050,4045.0,4037.0,0.19
2016-12-30,4039,4050,4045.0,4037.0,0.19
2016-12-31,4039,4050,4045.0,4037.0,0.19
2017-01-01,4039,4050,4045.0,4037.0,0.19
2017-01-02,4042,4053,4048.0,4040.0,0.11
2017-01-03,4045,4056,4051.0,4043.0,0.11
2017-01-04,4045,4056,4051.0,4043.0,0.19
2017-01-05,4045,4056,4051.0,4045.0,0.14
2017-01-06,4045,4056,4051.0,4045.0,0.14
2017-01-07,4039,4048,4044.0,4045.0,0.14
2017-01-08,4039,4048,4044.0,4045.0,-0.04
2017-01-09,4039,4046,4043.0,4041.0,0.06
2017-01-10,4041,4051,4046.0,4041.0,0.04
2017-01-11,4041,4051,4046.0,4041.0,0.12
2017-01-12,4041,4051,4046.0,4040.0,0.15
2017-01-13,4040,4047,4044.0,4038.0,0.2
2017-01-14,4039,4045,4042.0,4038.0,0.14
2017-01-15,4039,4045,4042.0,4038.0,0.1
2017-01-16,4036,4044,4040.0,4038.0,0.1
2017-01-17,4036,4044,4040.0,4035.0,0.12
2017-01-18,4036,4044,4040.0,4032.0,0.2
2017-01-19,4036,4044,4040.0,4030.0,0.25
2017-01-20,4039,4049,4044.0,4030.0,0.25
2017-01-21,4039,4049,4044.0,4030.0,0.35
2017-01-22,4039,4049,4044.0,4030.0,0.35
2017-01-23,4039,4049,4044.0,4031.0,0.32
2017-01-24,4041,4049,4045.0,4031.0,0.32
2017-01-25,4041,4049,4045.0,4031.0,0.35
2017-01-26,4041,4049,4045.0,4032.0,0.32
2017-01-27,4041,4055,4048.0,4032.0,0.32
2017-01-28,4045,4055,4050.0,4032.0,0.4
2017-01-29,4045,4055,4050.0,4032.0,0.45
2017-01-30,4045,4055,4050.0,4035.0,0.37
2017-01-31,4039,4052,4046.0,4035.0,0.37
2017-02-01,4039,4049,4044.0,4032.0,0.33
2017-02-02,4039,4049,4044.0,4032.0,0.3
2017-02-03,4039,4049,4044.0,4030.0,0.35
2017-02-04,4032,4043,4038.0,4030.0,0.35
2017-02-05,4032,4043,4038.0,4030.0,0.19
2017-02-06,4033,4043,4038.0,4027.0,0.26
2017-02-07,4031,4040,4036.0,4025.0,0.32
2017-02-08,4027,4036,4032.0,4025.0,0.26
2017-02-09,4028,4036,4032.0,4022.0,0.24
2017-02-10,4026,4033,4030.0,4020.0,0.3
2017-02-11,4018,4025,4022.0,4020.0,0.24
2017-02-12,4018,4025,4022.0,4020.0,0.04
2017-02-13,4018,4025,4022.0,4018.0,0.09
2017-02-14,4013,4021,4017.0,4015.0,0.16
2017-02-15,4009,4019,4014.0,4010.0,0.17
2017-02-16,4009,4019,4014.0,4005.0,0.22
2017-02-17,4009,4019,4014.0,4005.0,0.22
2017-02-18,4009,4019,4014.0,4005.0,0.22
2017-02-19,4009,4019,4014.0,4005.0,0.22
2017-02-20,4009,4019,4014.0,4005.0,0.22
2017-02-21,4013,4021,4017.0,4005.0,0.22
2017-02-22,4013,4021,4017.0,4005.0,0.3
2017-02-23,4011,4019,4015.0,4008.0,0.22
2017-02-24,4009,4016,4013.0,4008.0,0.17
2017-02-25,4008,4016,4012.0,4008.0,0.11
2017-02-26,4008,4016,4012.0,4008.0,0.1
2017-02-27,4005,4013,4009.0,4005.0,0.17
2017-02-28,4002,4011,4007.0,4004.0,0.12
2017-03-01,4002,4011,4007.0,4002.0,0.11
2017-03-02,4004,4011,4008.0,4000.0,0.16
2017-03-03,4004,4011,4008.0,4003.0,0.11
2017-03-04,4004,4011,4008.0,4003.0,0.11
2017-03-05,4004,4011,4008.0,4003.0,0.11
2017-03-06,4000,4007,4004.0,4002.0,0.14
2017-03-07,4000,4007,4004.0,3999.0,0.11
2017-03-08,3998,4005,4002.0,3999.0,0.11
2017-03-09,3996,4005,4001.0,3997.0,0.11
2017-03-10,3992,4001,3997.0,3995.0,0.14
2017-03-11,3989,3999,3994.0,3995.0,0.04
2017-03-12,3989,3999,3994.0,3995.0,-0.03
2017-03-13,3987,3998,3993.0,3990.0,0.1
2017-03-14,3987,3998,3993.0,3986.0,0.16
2017-03-15,3986,3996,3991.0,3986.0,0.16
2017-03-16,3984,3995,3990.0,3986.0,0.13
2017-03-17,3990,3998,3994.0,3990.0,-0.01
2017-03-18,3993,4001,3997.0,3990.0,0.1
2017-03-19,3993,4001,3997.0,3990.0,0.18
2017-03-20,3993,4001,3997.0,3993.0,0.1
2017-03-21,3994,4001,3998.0,3993.0,0.1
2017-03-22,3996,4001,3999.0,3997.0,0.01
2017-03-23,3996,4005,4001.0,3997.0,0.04
2017-03-24,3996,4005,4001.0,3997.0,0.09
2017-03-25,3996,4005,4001.0,3997.0,0.09
2017-03-26,3996,4005,4001.0,3997.0,0.09
2017-03-27,3997,4005,4001.0,3997.0,0.09
2017-03-28,3997,4004,4001.0,3999.0,0.05
2017-03-29,4004,4013,4009.0,3999.0,0.04
2017-03-30,4004,4012,4008.0,4005.0,0.09
2017-03-31,4004,4013,4009.0,4005.0,0.07
2017-04-01,4004,4011,4008.0,4005.0,0.09
2017-04-02,4004,4011,4008.0,4005.0,0.06
2017-04-03,4004,4014,4009.0,4008.0,-0.01
2017-04-04,4004,4014,4009.0,4008.0,0.02
2017-04-05,4006,4014,4010.0,4006.0,0.07
2017-04-06,4006,4014,4010.0,4006.0,0.1
2017-04-07,4004,4012,4008.0,4006.0,0.1
2017-04-08,4004,4012,4008.0,4006.0,0.05
2017-04-09,4004,4012,4008.0,4006.0,0.05
2017-04-10,4004,4012,4008.0,4005.0,0.07
2017-04-11,4004,4012,4008.0,4007.0,0.02
2017-04-12,4004,4013,4009.0,4004.0,0.1
2017-04-13,4004,4019,4012.0,4004.0,0.11
2017-04-14,4008,4016,4012.0,4004.0,0.19
2017-04-15,4008,4016,4012.0,4004.0,0.2
2017-04-16,4008,4016,4012.0,4004.0,0.2
2017-04-17,4008,4016,4012.0,4004.0,0.2
2017-04-18,4008,4016,4012.0,4008.0,0.1
2017-04-19,4011,4019,4015.0,4008.0,0.1
2017-04-20,4014,4019,4017.0,4012.0,0.07
2017-04-21,4017,4024,4021.0,4016.0,0.01
2017-04-22,4024,4034,4029.0,4016.0,0.11
2017-04-23,4024,4034,4029.0,4016.0,0.32
2017-04-24,4024,4034,4029.0,4016.0,0.32
2017-04-25,4024,4034,4029.0,4024.0,0.12
2017-04-26,4027,4036,4032.0,4024.0,0.12
2017-04-27,4034,4041,4038.0,4026.0,0.14
2017-04-28,4037,4044,4041.0,4034.0,0.09
2017-04-29,4039,4046,4043.0,4034.0,0.16
2017-04-30,4039,4046,4043.0,4034.0,0.21
2017-05-01,4039,4046,4043.0,4034.0,0.21
2017-05-02,4039,4048,4044.0,4040.0,0.06
2017-05-03,4039,4048,4044.0,4040.0,0.09
2017-05-04,4039,4048,4044.0,4040.0,0.09
2017-05-05,4039,4048,4044.0,4043.0,0.01
2017-05-06,4037,4046,4042.0,4043.0,0.01
2017-05-07,4037,4046,4042.0,4043.0,-0.04
2017-05-08,4039,4047,4043.0,4041.0,0.01
2017-05-09,4039,4047,4043.0,4041.0,0.05
2017-05-10,4039,4047,4043.0,4041.0,0.05
2017-05-11,4039,4047,4043.0,4042.0,0.02
2017-05-12,4039,4047,4043.0,4044.0,-0.02
2017-05-13,4041,4048,4045.0,4044.0,-0.02
2017-05-14,4041,4048,4045.0,4044.0,0.01
2017-05-15,4041,4048,4045.0,4044.0,0.01
2017-05-16,4041,4048,4045.0,4045.0,-0.01
2017-05-17,4044,4056,4050.0,4045.0,-0.01
2017-05-18,4047,4057,4052.0,4048.0,0.05
2017-05-19,4047,4057,4052.0,4050.0,0.05
2017-05-20,4047,4057,4052.0,4050.0,0.05
2017-05-21,4047,4057,4052.0,4050.0,0.05
2017-05-22,4047,4057,4052.0,4051.0,0.02
2017-05-23,4049,4058,4054.0,4051.0,0.02
2017-05-24,4052,4061,4057.0,4052.0,0.04
2017-05-25,4059,4068,4064.0,4055.0,0.04
2017-05-26,4061,4068,4065.0,4060.0,0.09
2017-05-27,4067,4076,4072.0,4060.0,0.11
2017-05-28,4067,4076,4072.0,4060.0,0.28
2017-05-29,4065,4074,4070.0,4068.0,0.09
2017-05-30,4065,4074,4070.0,4066.0,0.09
2017-05-31,4069,4078,4074.0,4069.0,0.01
2017-06-01,4073,4080,4077.0,4069.0,0.11
2017-06-02,4076,4085,4081.0,4073.0,0.09
2017-06-03,4076,4085,4081.0,4073.0,0.18
2017-06-04,4076,4085,4081.0,4073.0,0.18
2017-06-05,4069,4080,4075.0,4077.0,0.09
2017-06-06,4072,4084,4078.0,4077.0,-0.06
2017-06-07,4072,4084,4078.0,4078.0,0.0
2017-06-08,4072,4084,4078.0,4078.0,0.0
2017-06-09,4075,4086,4081.0,4080.0,-0.05
2017-06-10,4075,4086,4081.0,4080.0,0.01
2017-06-11,4075,4086,4081.0,4080.0,0.01
2017-06-12,4075,4086,4081.0,4081.0,-0.01
2017-06-13,4076,4086,4081.0,4081.0,-0.01
2017-06-14,4076,4086,4081.0,4082.0,-0.02
2017-06-15,4076,4086,4081.0,4082.0,-0.02
2017-06-16,4079,4088,4084.0,4083.0,-0.05
2017-06-17,4081,4088,4085.0,4083.0,0.01
2017-06-18,4081,4088,4085.0,4083.0,0.04
2017-06-19,4081,4088,4085.0,4084.0,0.01
2017-06-20,4081,4088,4085.0,4084.0,0.01
2017-06-21,4083,4090,4087.0,4085.0,-0.01
2017-06-22,4083,4090,4087.0,4087.0,-0.01
2017-06-23,4085,4094,4090.0,4087.0,-0.01
2017-06-24,4085,4094,4090.0,4087.0,0.06
2017-06-25,4085,4094,4090.0,4087.0,0.06
2017-06-26,4087,4095,4091.0,4087.0,0.06
2017-06-27,4084,4090,4087.0,4089.0,0.05
2017-06-28,4084,4092,4088.0,4086.0,0.02
2017-06-29,4084,4092,4088.0,4086.0,0.05
2017-06-30,4084,4092,4088.0,4086.0,0.05
2017-07-01,4084,4092,4088.0,4086.0,0.05
2017-07-02,4084,4092,4088.0,4086.0,0.05
2017-07-03,4084,4092,4088.0,4087.0,0.02
2017-07-04,4086,4094,4090.0,4087.0,0.02
2017-07-05,4086,4094,4090.0,4089.0,0.02
2017-07-06,4088,4095,4092.0,4089.0,0.02
2017-07-07,4088,4095,4092.0,4089.0,0.06
2017-07-08,4088,4093,4091.0,4089.0,0.06
2017-07-09,4088,4093,4091.0,4089.0,0.04
2017-07-10,4089,4098,4094.0,4090.0,0.01
2017-07-11,4089,4098,4094.0,4090.0,0.09
2017-07-12,4088,4095,4092.0,4090.0,0.09
2017-07-13,4088,4095,4092.0,4088.0,0.09
2017-07-14,4088,4095,4092.0,4089.0,0.06
2017-07-15,4088,4095,4092.0,4089.0,0.06
2017-07-16,4088,4095,4092.0,4089.0,0.06
2017-07-17,4088,4095,4092.0,4090.0,0.04
2017-07-18,4090,4097,4094.0,4090.0,0.04
2017-07-19,4092,4099,4096.0,4091.0,0.06
2017-07-20,4092,4099,4096.0,4092.0,0.09
2017-07-21,4092,4099,4096.0,4094.0,0.04
2017-07-22,4092,4099,4096.0,4094.0,0.04
2017-07-23,4092,4099,4096.0,4094.0,0.04
2017-07-24,4092,4098,4095.0,4093.0,0.06
2017-07-25,4092,4098,4095.0,4093.0,0.05
2017-07-26,4092,4099,4096.0,4094.0,0.02
2017-07-27,4094,4102,4098.0,4095.0,0.01
2017-07-28,4094,4102,4098.0,4097.0,0.02
2017-07-29,4094,4102,4098.0,4097.0,0.02
2017-07-30,4094,4102,4098.0,4097.0,0.02
2017-07-31,4094,4102,4098.0,4098.0,0.0
2017-08-01,4094,4103,4099.0,4098.0,0.0
2017-08-02,4094,4103,4099.0,4100.0,-0.04
2017-08-03,4096,4105,4101.0,4101.0,-0.06
2017-08-04,4098,4106,4102.0,4103.0,-0.06
2017-08-05,4096,4105,4101.0,4103.0,-0.02
2017-08-06,4096,4105,4101.0,4103.0,-0.06
2017-08-07,4100,4107,4104.0,4104.0,-0.09
2017-08-08,4104,4112,4108.0,4105.0,-0.04
2017-08-09,4104,4112,4108.0,4108.0,0.0
2017-08-10,4106,4115,4111.0,4110.0,-0.05
2017-08-11,4106,4115,4111.0,4112.0,-0.04
2017-08-12,4106,4115,4111.0,4112.0,-0.04
2017-08-13,4106,4115,4111.0,4112.0,-0.04
2017-08-14,4107,4115,4111.0,4115.0,-0.11
2017-08-15,4109,4117,4113.0,4117.0,-0.15
2017-08-16,4115,4123,4119.0,4120.0,-0.17
2017-08-17,4118,4126,4122.0,4122.0,-0.07
2017-08-18,4111,4120,4116.0,4120.0,0.05
2017-08-19,4106,4116,4111.0,4120.0,-0.11
2017-08-20,4106,4116,4111.0,4120.0,-0.22
2017-08-21,4102,4113,4108.0,4117.0,-0.15
2017-08-22,4084,4098,4091.0,4112.0,-0.11
2017-08-23,4069,4084,4077.0,4097.0,-0.15
2017-08-24,4037,4060,4049.0,4077.0,-0.01
2017-08-25,4038,4051,4045.0,4050.0,-0.04
2017-08-26,4049,4070,4060.0,4050.0,-0.14
2017-08-27,4049,4070,4060.0,4050.0,0.23
2017-08-28,4049,4066,4058.0,4052.0,0.19
2017-08-29,4049,4063,4056.0,4049.0,0.21
2017-08-30,4049,4063,4056.0,4049.0,0.17
2017-08-31,4053,4068,4061.0,4050.0,0.15
2017-09-01,4062,4072,4067.0,4050.0,0.26
2017-09-02,4057,4068,4063.0,4050.0,0.42
2017-09-03,4057,4068,4063.0,4050.0,0.31
2017-09-04,4055,4065,4060.0,4047.0,0.38
2017-09-05,4055,4065,4060.0,4047.0,0.32
2017-09-06,4055,4065,4060.0,4047.0,0.32
2017-09-07,4055,4065,4060.0,4047.0,0.32
2017-09-08,4051,4062,4057.0,4047.0,0.32
2017-09-09,4051,4062,4057.0,4047.0,0.23
2017-09-10,4051,4062,4057.0,4047.0,0.23
2017-09-11,4051,4062,4057.0,4050.0,0.16
2017-09-12,4051,4062,4057.0,4050.0,0.16
2017-09-13,4054,4066,4060.0,4052.0,0.11
2017-09-14,4057,4068,4063.0,4055.0,0.12
2017-09-15,4057,4068,4063.0,4055.0,0.18
2017-09-16,4057,4065,4061.0,4055.0,0.18
2017-09-17,4057,4065,4061.0,4055.0,0.15
2017-09-18,4059,4070,4065.0,4059.0,0.05
2017-09-19,4057,4066,4062.0,4059.0,0.14
2017-09-20,4057,4066,4062.0,4059.0,0.06
2017-09-21,4057,4066,4062.0,4059.0,0.06
2017-09-22,4057,4066,4062.0,4055.0,0.16
2017-09-23,4061,4070,4066.0,4055.0,0.16
2017-09-24,4061,4070,4066.0,4055.0,0.26
2017-09-25,4063,4072,4068.0,4050.0,0.38
2017-09-26,4064,4076,4070.0,4050.0,0.43
2017-09-27,4067,4078,4073.0,4052.0,0.44
2017-09-28,4069,4081,4075.0,4052.0,0.51
2017-09-29,4070,4080,4075.0,4053.0,0.54
2017-09-30,4070,4080,4075.0,4053.0,0.54
2017-10-01,4070,4080,4075.0,4053.0,0.54
2017-10-02,4070,4080,4075.0,4050.0,0.62
2017-10-03,4070,4080,4075.0,4055.0,0.49
2017-10-04,4070,4080,4075.0,4052.0,0.57
2017-10-05,4070,4080,4075.0,4050.0,0.62
2017-10-06,4070,4080,4075.0,4050.0,0.62
2017-10-07,4061,4070,4066.0,4050.0,0.62
2017-10-08,4061,4070,4066.0,4050.0,0.38
2017-10-09,4060,4069,4065.0,4047.0,0.46
2017-10-10,4057,4067,4062.0,4044.0,0.51
2017-10-11,4049,4061,4055.0,4040.0,0.54
2017-10-12,4047,4058,4053.0,4040.0,0.37
2017-10-13,4039,4051,4045.0,4038.0,0.36
2017-10-14,4039,4049,4044.0,4038.0,0.17
2017-10-15,4039,4049,4044.0,4038.0,0.15
2017-10-16,4039,4049,4044.0,4037.0,0.17
2017-10-17,4039,4049,4044.0,4037.0,0.17
2017-10-18,4041,4049,4045.0,4035.0,0.22
2017-10-19,4041,4049,4045.0,4035.0,0.25
2017-10-20,4041,4049,4045.0,4037.0,0.2
2017-10-21,4038,4049,4044.0,4037.0,0.2
2017-10-22,4038,4049,4044.0,4037.0,0.16
2017-10-23,4038,4049,4044.0,4037.0,0.16
2017-10-24,4041,4049,4045.0,4039.0,0.11
2017-10-25,4043,4052,4048.0,4040.0,0.12
2017-10-26,4047,4055,4051.0,4042.0,0.14
2017-10-27,4047,4055,4051.0,4040.0,0.27
2017-10-28,4047,4055,4051.0,4040.0,0.27
2017-10-29,4047,4055,4051.0,4040.0,0.27
2017-10-30,4047,4055,4051.0,4037.0,0.35
2017-10-31,4047,4055,4051.0,4037.0,0.35
2017-11-01,4047,4055,4051.0,4037.0,0.35
2017-11-02,4047,4055,4051.0,4037.0,0.35
2017-11-03,4047,4055,4051.0,4037.0,0.35
2017-11-04,4047,4055,4051.0,4037.0,0.35
2017-11-05,4047,4055,4051.0,4037.0,0.35
2017-11-06,4047,4055,4051.0,4035.0,0.4
2017-11-07,4044,4054,4049.0,4035.0,0.4
2017-11-08,4044,4054,4049.0,4035.0,0.35
2017-11-09,4037,4047,4042.0,4035.0,0.35
2017-11-10,4037,4047,4042.0,4034.0,0.2
2017-11-11,4034,4043,4039.0,4034.0,0.2
2017-11-12,4034,4043,4039.0,4034.0,0.11
2017-11-13,4031,4040,4036.0,4033.0,0.14
2017-11-14,4029,4040,4035.0,4032.0,0.09
2017-11-15,4029,4040,4035.0,4029.0,0.14
2017-11-16,4031,4040,4036.0,4029.0,0.14
2017-11-17,4031,4040,4036.0,4029.0,0.16
2017-11-18,4031,4040,4036.0,4029.0,0.16
2017-11-19,4031,4040,4036.0,4029.0,0.16
2017-11-20,4031,4040,4036.0,4029.0,0.16
2017-11-21,4031,4040,4036.0,4029.0,0.16
2017-11-22,4031,4040,4036.0,4029.0,0.16
2017-11-23,4034,4043,4039.0,4029.0,0.16
2017-11-24,4036,4046,4041.0,4030.0,0.21
2017-11-25,4033,4041,4037.0,4030.0,0.27
2017-11-26,4033,4041,4037.0,4030.0,0.17
2017-11-27,4033,4042,4038.0,4032.0,0.12
2017-11-28,4033,4042,4038.0,4033.0,0.11
2017-11-29,4034,4045,4040.0,4035.0,0.06
2017-11-30,4034,4045,4040.0,4035.0,0.11
2017-12-01,4034,4045,4040.0,4035.0,0.11
2017-12-02,4034,4045,4040.0,4035.0,0.11
2017-12-03,4034,4045,4040.0,4035.0,0.11
2017-12-04,4034,4045,4040.0,4037.0,0.06
2017-12-05,4034,4045,4040.0,4037.0,0.06
2017-12-06,4034,4045,4040.0,4037.0,0.06
2017-12-07,4038,4048,4043.0,4038.0,0.04
2017-12-08,4038,4048,4043.0,4038.0,0.12
2017-12-09,4034,4045,4040.0,4038.0,0.12
2017-12-10,4034,4045,4040.0,4038.0,0.04
2017-12-11,4034,4044,4039.0,4035.0,0.11
2017-12-12,4037,4046,4042.0,4038.0,0.02
2017-12-13,4037,4046,4042.0,4037.0,0.11
2017-12-14,4037,4046,4042.0,4035.0,0.16
2017-12-15,4037,4046,4042.0,4035.0,0.16
2017-12-16,4037,4046,4042.0,4035.0,0.16
2017-12-17,4037,4046,4042.0,4035.0,0.16
2017-12-18,4039,4047,4043.0,4037.0,0.11
2017-12-19,4039,4047,4043.0,4039.0,0.1
2017-12-20,4039,4046,4043.0,4039.0,0.1
2017-12-21,4038,4046,4042.0,4040.0,0.06
2017-12-22,4038,4046,4042.0,4037.0,0.12
2017-12-23,4034,4046,4040.0,4037.0,0.12
2017-12-24,4034,4046,4040.0,4037.0,0.07
2017-12-25,4034,4046,4040.0,4038.0,0.05
2017-12-26,4034,4046,4040.0,4039.0,0.02
2017-12-27,4037,4046,4042.0,4037.0,0.07
2017-12-28,4037,4046,4042.0,4034.0,0.19
2017-12-29,4037,4046,4042.0,4037.0,0.11
2017-12-30,4037,4046,4042.0,4037.0,0.11
2017-12-31,4037,4046,4042.0,4037.0,0.11
2018-01-01,4037,4046,4042.0,4037.0,0.11
2018-01-02,4037,4046,4042.0,4034.0,0.19
2018-01-03,4037,4046,4042.0,4035.0,0.16
2018-01-04,4037,4042,4040.0,4032.0,0.24
2018-01-05,4034,4042,4038.0,4032.0,0.19
2018-01-06,4034,4042,4038.0,4032.0,0.15
2018-01-07,4034,4042,4038.0,4032.0,0.15
2018-01-08,4033,4041,4037.0,4030.0,0.2
2018-01-09,4030,4039,4035.0,4030.0,0.17
2018-01-10,4030,4039,4035.0,4027.0,0.19
2018-01-11,4026,4036,4031.0,4025.0,0.24
2018-01-12,4025,4032,4029.0,4022.0,0.22
2018-01-13,4025,4032,4029.0,4022.0,0.16
2018-01-14,4025,4032,4029.0,4022.0,0.16
2018-01-15,4021,4031,4026.0,4020.0,0.21
2018-01-16,4019,4028,4024.0,4020.0,0.15
2018-01-17,4019,4029,4024.0,4020.0,0.09
2018-01-18,4019,4029,4024.0,4020.0,0.1
2018-01-19,4019,4029,4024.0,4021.0,0.07
2018-01-20,4019,4029,4024.0,4021.0,0.07
2018-01-21,4019,4029,4024.0,4021.0,0.07
2018-01-22,4019,4029,4024.0,4018.0,0.15
2018-01-23,4019,4029,4024.0,4015.0,0.22
2018-01-24,4019,4029,4024.0,4015.0,0.22
2018-01-25,4019,4029,4024.0,4015.0,0.22
2018-01-26,4019,4029,4024.0,4016.0,0.2
2018-01-27,4017,4024,4021.0,4016.0,0.2
2018-01-28,4017,4024,4021.0,4016.0,0.11
2018-01-29,4017,4024,4021.0,4015.0,0.14
2018-01-30,4016,4022,4019.0,4015.0,0.14
2018-01-31,4016,4022,4019.0,4015.0,0.1
2018-02-01,4016,4022,4019.0,4014.0,0.12
2018-02-02,4016,4022,4019.0,4014.0,0.12
2018-02-03,4016,4022,4019.0,4014.0,0.12
2018-02-04,4016,4022,4019.0,4014.0,0.12
2018-02-05,4016,4022,4019.0,4015.0,0.1
2018-02-06,4016,4022,4019.0,4017.0,0.05
2018-02-07,4016,4022,4019.0,4017.0,0.05
2018-02-08,4019,4027,4023.0,4016.0,0.07
2018-02-09,4019,4027,4023.0,4018.0,0.12
2018-02-10,4019,4027,4023.0,4018.0,0.12
2018-02-11,4019,4027,4023.0,4018.0,0.12
2018-02-12,4021,4031,4026.0,4020.0,0.07
2018-02-13,4022,4032,4027.0,4020.0,0.15
2018-02-14,4022,4032,4027.0,4020.0,0.17
2018-02-15,4022,4032,4027.0,4018.0,0.22
2018-02-16,4022,4032,4027.0,4018.0,0.22
2018-02-17,4022,4032,4027.0,4018.0,0.22
2018-02-18,4022,4032,4027.0,4018.0,0.22
2018-02-19,4018,4027,4023.0,4015.0,0.3
2018-02-20,4017,4027,4022.0,4015.0,0.19
2018-02-21,4013,4024,4019.0,4013.0,0.22
2018-02-22,4013,4024,4019.0,4012.0,0.16
2018-02-23,4013,4024,4019.0,4012.0,0.16
2018-02-24,4013,4024,4019.0,4012.0,0.16
2018-02-25,4013,4024,4019.0,4012.0,0.16
2018-02-26,4013,4024,4019.0,4011.0,0.19
2018-02-27,4009,4018,4014.0,4010.0,0.21
2018-02-28,4009,4018,4014.0,4010.0,0.09
2018-03-01,4009,4018,4014.0,4008.0,0.14
2018-03-02,4009,4018,4014.0,4006.0,0.19
2018-03-03,4009,4018,4014.0,4006.0,0.19
2018-03-04,4009,4018,4014.0,4006.0,0.19
2018-03-05,4009,4018,4014.0,4003.0,0.26
2018-03-06,4009,4018,4014.0,4003.0,0.26
2018-03-07,4009,4018,4014.0,4000.0,0.34
2018-03-08,4009,4018,4014.0,4000.0,0.34
2018-03-09,4007,4015,4011.0,4000.0,0.34
2018-03-10,4007,4015,4011.0,4000.0,0.28
2018-03-11,4007,4015,4011.0,4000.0,0.28
2018-03-12,4007,4015,4011.0,4000.0,0.28
2018-03-13,4007,4015,4011.0,4000.0,0.28
2018-03-14,4007,4015,4011.0,3998.0,0.33
2018-03-15,4007,4015,4011.0,3998.0,0.33
2018-03-16,4004,4012,4008.0,3995.0,0.4
2018-03-17,4004,4012,4008.0,3995.0,0.33
2018-03-18,4004,4012,4008.0,3995.0,0.33
2018-03-19,3999,4008,4004.0,3990.0,0.45
2018-03-20,3992,4003,3998.0,3985.0,0.46
2018-03-21,3994,4004,3999.0,3985.0,0.31
2018-03-22,3994,4004,3999.0,3988.0,0.28
2018-03-23,3999,4009,4004.0,3993.0,0.15
2018-03-24,3999,4009,4004.0,3993.0,0.28
2018-03-25,3999,4009,4004.0,3993.0,0.28
2018-03-26,3999,4009,4004.0,3995.0,0.23
2018-03-27,3999,4009,4004.0,3995.0,0.23
2018-03-28,4002,4011,4007.0,3998.0,0.15
2018-03-29,4004,4012,4008.0,4000.0,0.16
2018-03-30,4002,4011,4007.0,4000.0,0.2
2018-03-31,4002,4011,4007.0,4000.0,0.16
2018-04-01,4002,4011,4007.0,4000.0,0.16
2018-04-02,4002,4011,4007.0,4002.0,0.11
2018-04-03,4003,4012,4008.0,4002.0,0.11
2018-04-04,4003,4012,4008.0,4005.0,0.06
2018-04-05,4003,4012,4008.0,4005.0,0.06
2018-04-06,4007,4014,4011.0,4008.0,-0.01
2018-04-07,4007,4014,4011.0,4008.0,0.06
2018-04-08,4007,4014,4011.0,4008.0,0.06
2018-04-09,4011,4022,4017.0,4005.0,0.14
2018-04-10,4011,4022,4017.0,4010.0,0.16
2018-04-11,4014,4025,4020.0,4011.0,0.14
2018-04-12,4014,4025,4020.0,4015.0,0.11
2018-04-13,4014,4025,4020.0,4015.0,0.11
2018-04-14,4014,4025,4020.0,4015.0,0.11
2018-04-15,4014,4025,4020.0,4015.0,0.11
2018-04-16,4014,4025,4020.0,4015.0,0.11
2018-04-17,4014,4025,4020.0,4016.0,0.09
2018-04-18,4014,4025,4020.0,4016.0,0.09
2018-04-19,4016,4027,4022.0,4018.0,0.04
2018-04-20,4018,4027,4023.0,4018.0,0.09
2018-04-21,4023,4036,4030.0,4018.0,0.11
2018-04-22,4023,4036,4030.0,4018.0,0.29
2018-04-23,4034,4046,4040.0,4018.0,0.29
2018-04-24,4049,4066,4058.0,4023.0,0.42
2018-04-25,4049,4066,4058.0,4028.0,0.73
2018-04-26,4046,4056,4051.0,4028.0,0.73
2018-04-27,4038,4051,4045.0,4032.0,0.47
2018-04-28,4038,4051,4045.0,4032.0,0.31
2018-04-29,4038,4051,4045.0,4032.0,0.31
2018-04-30,4038,4051,4045.0,4032.0,0.31
2018-05-01,4034,4054,4044.0,4032.0,0.31
2018-05-02,4040,4056,4048.0,4039.0,0.12
2018-05-03,4044,4058,4051.0,4039.0,0.22
2018-05-04,4052,4062,4057.0,4049.0,0.05
2018-05-05,4052,4062,4057.0,4049.0,0.2
2018-05-06,4052,4062,4057.0,4049.0,0.2
2018-05-07,4054,4066,4060.0,4052.0,0.12
2018-05-08,4054,4066,4060.0,4055.0,0.12
2018-05-09,4056,4066,4061.0,4055.0,0.12
2018-05-10,4056,4066,4061.0,4057.0,0.1
2018-05-11,4056,4066,4061.0,4056.0,0.12
2018-05-12,4056,4066,4061.0,4056.0,0.12
2018-05-13,4056,4066,4061.0,4056.0,0.12
2018-05-14,4056,4066,4061.0,4056.0,0.12
2018-05-15,4056,4066,4061.0,4056.0,0.12
2018-05-16,4059,4068,4064.0,4058.0,0.07
2018-05-17,4059,4068,4064.0,4060.0,0.09
2018-05-18,4062,4074,4068.0,4060.0,0.09
2018-05-19,4062,4074,4068.0,4060.0,0.2
2018-05-20,4062,4074,4068.0,4060.0,0.2
2018-05-21,4064,4076,4070.0,4060.0,0.2
2018-05-22,4067,4079,4073.0,4064.0,0.15
2018-05-23,4067,4079,4073.0,4066.0,0.17
2018-05-24,4069,4081,4075.0,4066.0,0.17
2018-05-25,4069,4081,4075.0,4066.0,0.22
2018-05-26,4069,4081,4075.0,4066.0,0.22
2018-05-27,4069,4081,4075.0,4066.0,0.22
2018-05-28,4074,4082,4078.0,4068.0,0.17
2018-05-29,4074,4082,4078.0,4072.0,0.15
2018-05-30,4074,4085,4080.0,4074.0,0.1
2018-05-31,4077,4089,4083.0,4075.0,0.11
2018-06-01,4081,4092,4087.0,4075.0,0.2
2018-06-02,4081,4092,4087.0,4075.0,0.28
2018-06-03,4081,4092,4087.0,4075.0,0.28
2018-06-04,4081,4092,4087.0,4075.0,0.28
2018-06-05,4081,4092,4087.0,4075.0,0.28
2018-06-06,4081,4092,4087.0,4074.0,0.31
2018-06-07,4075,4086,4081.0,4072.0,0.36
2018-06-08,4064,4076,4070.0,4070.0,0.26
2018-06-09,4061,4071,4066.0,4070.0,0.0
2018-06-10,4061,4071,4066.0,4070.0,-0.1
2018-06-11,4061,4069,4065.0,4060.0,0.15
2018-06-12,4059,4069,4064.0,4058.0,0.17
2018-06-13,4061,4072,4067.0,4058.0,0.15
2018-06-14,4063,4074,4069.0,4060.0,0.16
2018-06-15,4063,4074,4069.0,4062.0,0.16
2018-06-16,4059,4071,4065.0,4062.0,0.16
2018-06-17,4059,4071,4065.0,4062.0,0.07
2018-06-18,4059,4071,4065.0,4062.0,0.07
2018-06-19,4064,4074,4069.0,4060.0,0.12
2018-06-20,4064,4072,4068.0,4060.0,0.22
2018-06-21,4064,4072,4068.0,4063.0,0.12
2018-06-22,4064,4072,4068.0,4063.0,0.12
2018-06-23,4064,4072,4068.0,4063.0,0.12
2018-06-24,4064,4072,4068.0,4063.0,0.12
2018-06-25,4064,4072,4068.0,4065.0,0.07
2018-06-26,4064,4072,4068.0,4065.0,0.07
2018-06-27,4066,4075,4071.0,4066.0,0.05
2018-06-28,4066,4075,4071.0,4066.0,0.11
2018-06-29,4066,4075,4071.0,4063.0,0.18
2018-06-30,4066,4075,4071.0,4063.0,0.18
2018-07-01,4066,4075,4071.0,4063.0,0.18
2018-07-02,4066,4075,4071.0,4062.0,0.21
2018-07-03,4066,4075,4071.0,4058.0,0.31
2018-07-04,4061,4071,4066.0,4058.0,0.31
2018-07-05,4057,4069,4063.0,4055.0,0.27
2018-07-06,4054,4066,4060.0,4055.0,0.2
2018-07-07,4049,4061,4055.0,4055.0,0.12
2018-07-08,4049,4061,4055.0,4055.0,0.0
2018-07-09,4049,4061,4055.0,4054.0,0.02
2018-07-10,4051,4063,4057.0,4052.0,0.07
2018-07-11,4051,4063,4057.0,4052.0,0.12
2018-07-12,4051,4061,4056.0,4053.0,0.1
2018-07-13,4051,4061,4056.0,4055.0,0.02
2018-07-14,4053,4064,4059.0,4055.0,0.02
2018-07-15,4053,4064,4059.0,4055.0,0.09
2018-07-16,4054,4064,4059.0,4056.0,0.06
2018-07-17,4057,4064,4061.0,4057.0,0.05
2018-07-18,4057,4064,4061.0,4059.0,0.04
2018-07-19,4059,4066,4063.0,4059.0,0.04
2018-07-20,4059,4066,4063.0,4059.0,0.09
2018-07-21,4059,4066,4063.0,4059.0,0.09
2018-07-22,4059,4066,4063.0,4059.0,0.09
2018-07-23,4059,4068,4064.0,4057.0,0.14
2018-07-24,4059,4068,4064.0,4057.0,0.16
2018-07-25,4065,4075,4070.0,4057.0,0.16
2018-07-26,4065,4075,4070.0,4055.0,0.37
2018-07-27,4065,4075,4070.0,4055.0,0.37
2018-07-28,4059,4071,4065.0,4055.0,0.37
2018-07-29,4059,4071,4065.0,4055.0,0.25
2018-07-30,4059,4071,4065.0,4056.0,0.22
2018-07-31,4064,4074,4069.0,4059.0,0.15
2018-08-01,4066,4077,4072.0,4062.0,0.17
2018-08-02,4069,4081,4075.0,4065.0,0.16
2018-08-03,4072,4084,4078.0,4065.0,0.25
2018-08-04,4074,4085,4080.0,4065.0,0.32
2018-08-05,4074,4085,4080.0,4065.0,0.36
2018-08-06,4074,4085,4080.0,4070.0,0.23
2018-08-07,4074,4083,4079.0,4070.0,0.23
2018-08-08,4069,4078,4074.0,4070.0,0.21
2018-08-09,4067,4077,4072.0,4071.0,0.06
2018-08-10,4067,4077,4072.0,4071.0,0.02
2018-08-11,4067,4077,4072.0,4071.0,0.02
2018-08-12,4067,4077,4072.0,4071.0,0.02
2018-08-13,4067,4077,4072.0,4072.0,0.0
2018-08-14,4070,4077,4074.0,4071.0,0.02
2018-08-15,4069,4077,4073.0,4070.0,0.09
2018-08-16,4069,4077,4073.0,4070.0,0.07
2018-08-17,4069,4077,4073.0,4071.0,0.05
2018-08-18,4066,4076,4071.0,4071.0,0.05
2018-08-19,4066,4076,4071.0,4071.0,0.0
2018-08-20,4066,4076,4071.0,4070.0,0.02
2018-08-21,4066,4076,4071.0,4071.0,0.0
2018-08-22,4069,4079,4074.0,4073.0,-0.05
2018-08-23,4069,4079,4074.0,4075.0,-0.02
2018-08-24,4069,4079,4074.0,4076.0,-0.05
2018-08-25,4069,4079,4074.0,4076.0,-0.05
2018-08-26,4069,4079,4074.0,4076.0,-0.05
2018-08-27,4069,4079,4074.0,4077.0,-0.07
2018-08-28,4073,4083,4078.0,4079.0,-0.12
2018-08-29,4076,4086,4081.0,4082.0,-0.1
2018-08-30,4079,4089,4084.0,4082.0,-0.02
2018-08-31,4079,4089,4084.0,4084.0,0.0
2018-09-01,4082,4094,4088.0,4084.0,0.0
2018-09-02,4082,4094,4088.0,4084.0,0.1
2018-09-03,4082,4094,4088.0,4088.0,0.0
2018-09-04,4085,4095,4090.0,4088.0,0.0
2018-09-05,4089,4097,4093.0,4089.0,0.02
2018-09-06,4089,4097,4093.0,4090.0,0.07
2018-09-07,4087,4094,4091.0,4091.0,0.05
2018-09-08,4087,4096,4092.0,4091.0,-0.01
2018-09-09,4087,4096,4092.0,4091.0,0.01
2018-09-10,4089,4098,4094.0,4091.0,0.01
2018-09-11,4089,4098,4094.0,4095.0,-0.04
2018-09-12,4093,4102,4098.0,4097.0,-0.09
2018-09-13,4097,4107,4102.0,4099.0,-0.04
2018-09-14,4100,4113,4107.0,4100.0,0.05
2018-09-15,4100,4113,4107.0,4100.0,0.16
2018-09-16,4100,4113,4107.0,4100.0,0.16
2018-09-17,4098,4108,4103.0,4099.0,0.18
2018-09-18,4096,4103,4100.0,4098.0,0.12
2018-09-19,4096,4103,4100.0,4098.0,0.04
2018-09-20,4096,4103,4100.0,4099.0,0.01
2018-09-21,4093,4100,4097.0,4095.0,0.11
2018-09-22,4089,4099,4094.0,4095.0,0.04
2018-09-23,4089,4099,4094.0,4095.0,-0.02
2018-09-24,4089,4099,4094.0,4095.0,-0.02
2018-09-25,4087,4096,4092.0,4090.0,0.1
2018-09-26,4082,4092,4087.0,4086.0,0.13
2018-09-27,4082,4089,4086.0,4082.0,0.12
2018-09-28,4082,4089,4086.0,4082.0,0.09
2018-09-29,4082,4092,4087.0,4082.0,0.09
2018-09-30,4082,4092,4087.0,4082.0,0.12
2018-10-01,4085,4095,4090.0,4083.0,0.1
2018-10-02,4087,4097,4092.0,4085.0,0.12
2018-10-03,4085,4094,4090.0,4085.0,0.17
2018-10-04,4082,4092,4087.0,4082.0,0.18
2018-10-05,4079,4091,4085.0,4080.0,0.17
2018-10-06,4079,4091,4085.0,4080.0,0.12
2018-10-07,4079,4091,4085.0,4080.0,0.12
2018-10-08,4079,4091,4085.0,4080.0,0.12
2018-10-09,4079,4091,4085.0,4080.0,0.12
2018-10-10,4079,4091,4085.0,4080.0,0.12
2018-10-11,4076,4092,4084.0,4079.0,0.15
2018-10-12,4071,4088,4080.0,4077.0,0.17
2018-10-13,4076,4085,4081.0,4077.0,0.06
2018-10-14,4076,4085,4081.0,4077.0,0.09
2018-10-15,4076,4085,4081.0,4077.0,0.09
2018-10-16,4076,4085,4081.0,4074.0,0.16
2018-10-17,4069,4079,4074.0,4071.0,0.23
2018-10-18,4069,4079,4074.0,4070.0,0.1
2018-10-19,4069,4079,4074.0,4069.0,0.12
2018-10-20,4069,4079,4074.0,4069.0,0.12
2018-10-21,4069,4079,4074.0,4069.0,0.12
2018-10-22,4069,4079,4074.0,4070.0,0.1
2018-10-23,4069,4079,4074.0,4070.0,0.1
2018-10-24,4074,4084,4079.0,4072.0,0.05
2018-10-25,4074,4084,4079.0,4075.0,0.1
2018-10-26,4074,4084,4079.0,4070.0,0.22
2018-10-27,4069,4079,4074.0,4070.0,0.22
2018-10-28,4069,4079,4074.0,4070.0,0.1
2018-10-29,4069,4079,4074.0,4070.0,0.1
2018-10-30,4062,4074,4068.0,4065.0,0.22
2018-10-31,4058,4067,4063.0,4060.0,0.2
2018-11-01,4052,4063,4058.0,4055.0,0.18
2018-11-02,4042,4053,4048.0,4045.0,0.31
2018-11-03,4039,4051,4045.0,4045.0,0.06
2018-11-04,4039,4051,4045.0,4045.0,0.0
2018-11-05,4043,4052,4048.0,4045.0,0.0
2018-11-06,4046,4056,4051.0,4050.0,-0.06
2018-11-07,4049,4058,4054.0,4055.0,-0.1
2018-11-08,4050,4061,4056.0,4055.0,-0.04
2018-11-09,4042,4052,4047.0,4055.0,0.01
2018-11-10,4042,4052,4047.0,4055.0,-0.2
2018-11-11,4042,4052,4047.0,4055.0,-0.2
2018-11-12,4042,4050,4046.0,4045.0,0.05
2018-11-13,4042,4050,4046.0,4040.0,0.15
2018-11-14,4042,4050,4046.0,4040.0,0.15
2018-11-15,4042,4050,4046.0,4040.0,0.15
2018-11-16,4042,4050,4046.0,4037.0,0.22
2018-11-17,4042,4050,4046.0,4037.0,0.22
2018-11-18,4042,4050,4046.0,4037.0,0.22
2018-11-19,4042,4050,4046.0,4038.0,0.2
2018-11-20,4042,4050,4046.0,4039.0,0.17
2018-11-21,4050,4058,4054.0,4039.0,0.17
2018-11-22,4050,4058,4054.0,4039.0,0.37
2018-11-23,4050,4058,4054.0,4039.0,0.37
2018-11-24,4050,4058,4054.0,4039.0,0.37
2018-11-25,4050,4058,4054.0,4039.0,0.37
2018-11-26,4043,4055,4049.0,4035.0,0.47
2018-11-27,4043,4053,4048.0,4030.0,0.47
2018-11-28,4038,4050,4044.0,4030.0,0.45
2018-11-29,4038,4050,4044.0,4030.0,0.35
2018-11-30,4038,4050,4044.0,4031.0,0.32
2018-12-01,4038,4050,4044.0,4031.0,0.32
2018-12-02,4038,4050,4044.0,4031.0,0.32
2018-12-03,4033,4042,4038.0,4026.0,0.45
2018-12-04,4033,4042,4038.0,4030.0,0.19
2018-12-05,4035,4044,4040.0,4032.0,0.14
2018-12-06,4035,4044,4040.0,4032.0,0.19
2018-12-07,4028,4041,4035.0,4030.0,0.24
2018-12-08,4028,4041,4035.0,4030.0,0.11
2018-12-09,4028,4041,4035.0,4030.0,0.11
2018-12-10,4028,4041,4035.0,4030.0,0.11
2018-12-11,4024,4036,4030.0,4030.0,0.11
2018-12-12,4028,4039,4034.0,4025.0,0.12
2018-12-13,4024,4035,4030.0,4020.0,0.34
2018-12-14,4024,4035,4030.0,4020.0,0.24
2018-12-15,4024,4035,4030.0,4020.0,0.24
2018-12-16,4024,4035,4030.0,4020.0,0.24
2018-12-17,4024,4035,4030.0,4022.0,0.19
2018-12-18,4024,4035,4030.0,4022.0,0.19
2018-12-19,4024,4035,4030.0,4023.0,0.16
2018-12-20,4024,4035,4030.0,4024.0,0.14
2018-12-21,4024,4035,4030.0,4024.0,0.14
2018-12-22,4032,4041,4037.0,4024.0,0.14
2018-12-23,4032,4041,4037.0,4024.0,0.31
2018-12-24,4034,4044,4039.0,4025.0,0.29
2018-12-25,4034,4044,4039.0,4026.0,0.32
2018-12-26,4029,4041,4035.0,4027.0,0.3
2018-12-27,4029,4041,4035.0,4020.0,0.37
2018-12-28,4027,4039,4033.0,4019.0,0.4
2018-12-29,4027,4039,4033.0,4019.0,0.35
2018-12-30,4027,4039,4033.0,4019.0,0.35
2018-12-31,4027,4039,4033.0,4018.0,0.37
2019-01-01,4027,4039,4033.0,4018.0,0.37
2019-01-02,4024,4035,4030.0,4015.0,0.45
2019-01-03,4019,4030,4025.0,4010.0,0.49
2019-01-04,4014,4025,4020.0,4007.0,0.44
2019-01-05,4014,4025,4020.0,4007.0,0.31
2019-01-06,4014,4025,4020.0,4007.0,0.31
2019-01-07,4014,4025,4020.0,4007.0,0.31
2019-01-08,4014,4025,4020.0,4011.0,0.21
2019-01-09,4014,4025,4020.0,4014.0,0.14
2019-01-10,4014,4025,4020.0,4014.0,0.14
2019-01-11,4019,4026,4023.0,4015.0,0.11
2019-01-12,4014,4025,4020.0,4015.0,0.19
2019-01-13,4014,4025,4020.0,4015.0,0.11
2019-01-14,4017,4025,4021.0,4016.0,0.09
2019-01-15,4017,4025,4021.0,4014.0,0.17
2019-01-16,4014,4024,4019.0,4012.0,0.22
2019-01-17,4014,4024,4019.0,4012.0,0.17
2019-01-18,4014,4024,4019.0,4011.0,0.2
2019-01-19,4014,4024,4019.0,4011.0,0.2
2019-01-20,4014,4024,4019.0,4011.0,0.2
2019-01-21,4014,4024,4019.0,4011.0,0.2
2019-01-22,4014,4021,4018.0,4011.0,0.2
2019-01-23,4014,4022,4018.0,4012.0,0.14
2019-01-24,4014,4021,4018.0,4014.0,0.1
2019-01-25,4014,4021,4018.0,4014.0,0.09
2019-01-26,4014,4021,4018.0,4014.0,0.09
2019-01-27,4014,4024,4019.0,4014.0,0.09
2019-01-28,4016,4025,4021.0,4015.0,0.1
2019-01-29,4019,4027,4023.0,4015.0,0.14
2019-01-30,4019,4027,4023.0,4011.0,0.3
2019-01-31,4016,4025,4021.0,4011.0,0.3
2019-02-01,4014,4023,4019.0,4011.0,0.24
2019-02-02,4019,4029,4024.0,4011.0,0.19
2019-02-03,4019,4029,4024.0,4011.0,0.32
2019-02-04,4019,4029,4024.0,4012.0,0.3
2019-02-05,4019,4029,4024.0,4012.0,0.3
2019-02-06,4019,4029,4024.0,4012.0,0.3
2019-02-07,4019,4029,4024.0,4010.0,0.35
2019-02-08,4016,4027,4022.0,4010.0,0.35
2019-02-09,4016,4026,4021.0,4010.0,0.29
2019-02-10,4016,4026,4021.0,4010.0,0.27
2019-02-11,4011,4022,4017.0,4005.0,0.4
2019-02-12,4009,4021,4015.0,4005.0,0.29
2019-02-13,4007,4016,4012.0,4006.0,0.22
2019-02-14,4009,4019,4014.0,4006.0,0.14
2019-02-15,4009,4019,4014.0,4008.0,0.15
2019-02-16,4009,4019,4014.0,4008.0,0.15
2019-02-17,4009,4019,4014.0,4008.0,0.15
2019-02-18,4014,4023,4019.0,4010.0,0.1
2019-02-19,4014,4023,4019.0,4010.0,0.21
2019-02-20,4014,4023,4019.0,4010.0,0.21
2019-02-21,4014,4023,4019.0,4007.0,0.29
2019-02-22,4010,4021,4016.0,4005.0,0.34
2019-02-23,4010,4021,4016.0,4005.0,0.26
2019-02-24,4010,4021,4016.0,4005.0,0.26
2019-02-25,4007,4017,4012.0,4003.0,0.31
2019-02-26,4007,4016,4012.0,4002.0,0.25
2019-02-27,4007,4016,4012.0,4003.0,0.21
2019-02-28,4007,4016,4012.0,4003.0,0.21
2019-03-01,4007,4016,4012.0,4001.0,0.26
2019-03-02,4007,4016,4012.0,4001.0,0.26
2019-03-03,4007,4016,4012.0,4001.0,0.26
2019-03-04,4005,4012,4009.0,4000.0,0.29
2019-03-05,4008,4015,4012.0,4000.0,0.21
2019-03-06,4008,4015,4012.0,3999.0,0.31
2019-03-07,4008,4015,4012.0,3997.0,0.36
2019-03-08,4008,4015,4012.0,3997.0,0.36
2019-03-09,4008,4015,4012.0,3997.0,0.36
2019-03-10,4008,4015,4012.0,3997.0,0.36
2019-03-11,4005,4013,4009.0,3995.0,0.41
2019-03-12,4005,4013,4009.0,3995.0,0.35
2019-03-13,3998,4011,4005.0,3990.0,0.48
2019-03-14,3998,4011,4005.0,3990.0,0.36
2019-03-15,3998,4011,4005.0,3990.0,0.36
2019-03-16,4003,4014,4009.0,3990.0,0.36
2019-03-17,4003,4014,4009.0,3990.0,0.46
2019-03-18,4003,4014,4009.0,3989.0,0.49
2019-03-19,4006,4015,4011.0,3990.0,0.46
2019-03-20,4006,4015,4011.0,3991.0,0.49
2019-03-21,4006,4015,4011.0,3993.0,0.44
2019-03-22,4006,4015,4011.0,3997.0,0.34
2019-03-23,4014,4023,4019.0,3997.0,0.34
2019-03-24,4014,4023,4019.0,3997.0,0.54
2019-03-25,4014,4023,4019.0,4000.0,0.46
2019-03-26,4019,4029,4024.0,4007.0,0.29
2019-03-27,4024,4033,4029.0,4012.0,0.3
2019-03-28,4024,4033,4029.0,4015.0,0.34
2019-03-29,4019,4030,4025.0,4015.0,0.34
2019-03-30,4019,4030,4025.0,4015.0,0.24
2019-03-31,4019,4030,4025.0,4015.0,0.24
2019-04-01,4019,4030,4025.0,4014.0,0.26
2019-04-02,4017,4026,4022.0,4015.0,0.24
2019-04-03,4017,4026,4022.0,4018.0,0.09
2019-04-04,4017,4026,4022.0,4019.0,0.06
2019-04-05,4019,4028,4024.0,4020.0,0.04
2019-04-06,4019,4028,4024.0,4020.0,0.09
2019-04-07,4019,4028,4024.0,4020.0,0.09
2019-04-08,4019,4028,4024.0,4020.0,0.09
2019-04-09,4019,4028,4024.0,4022.0,0.04
2019-04-10,4024,4034,4029.0,4023.0,0.01
2019-04-11,4024,4034,4029.0,4025.0,0.1
2019-04-12,4029,4038,4034.0,4030.0,-0.02
2019-04-13,4029,4038,4034.0,4030.0,0.09
2019-04-14,4029,4038,4034.0,4030.0,0.09
2019-04-15,4029,4038,4034.0,4030.0,0.09
2019-04-16,4029,4038,4034.0,4030.0,0.09
2019-04-17,4029,4038,4034.0,4031.0,0.06
2019-04-18,4029,4038,4034.0,4031.0,0.06
2019-04-19,4029,4038,4034.0,4035.0,-0.04
2019-04-20,4043,4053,4048.0,4035.0,-0.04
2019-04-21,4043,4053,4048.0,4035.0,0.32
2019-04-22,4043,4053,4048.0,4039.0,0.22
2019-04-23,4046,4056,4051.0,4039.0,0.22
2019-04-24,4046,4056,4051.0,4042.0,0.22
2019-04-25,4046,4056,4051.0,4047.0,0.1
2019-04-26,4046,4056,4051.0,4047.0,0.1
2019-04-27,4049,4058,4054.0,4047.0,0.1
2019-04-28,4049,4058,4054.0,4047.0,0.16
2019-04-29,4049,4058,4054.0,4050.0,0.09
2019-04-30,4049,4058,4054.0,4050.0,0.09
2019-05-01,4054,4065,4060.0,4050.0,0.09
2019-05-02,4057,4069,4063.0,4055.0,0.11
2019-05-03,4057,4069,4063.0,4058.0,0.12
2019-05-04,4057,4069,4063.0,4058.0,0.12
2019-05-05,4057,4069,4063.0,4058.0,0.12
2019-05-06,4057,4069,4063.0,4060.0,0.07
2019-05-07,4057,4069,4063.0,4060.0,0.07
2019-05-08,4054,4064,4059.0,4055.0,0.2
2019-05-09,4054,4064,4059.0,4055.0,0.1
2019-05-10,4054,4064,4059.0,4055.0,0.1
2019-05-11,4054,4064,4059.0,4055.0,0.1
2019-05-12,4054,4064,4059.0,4055.0,0.1
2019-05-13,4054,4064,4059.0,4055.0,0.1
2019-05-14,4054,4064,4059.0,4055.0,0.1
2019-05-15,4054,4064,4059.0,4055.0,0.1
2019-05-16,4054,4064,4059.0,4053.0,0.15
2019-05-17,4054,4064,4059.0,4053.0,0.15
2019-05-18,4057,4066,4062.0,4053.0,0.15
2019-05-19,4057,4066,4062.0,4053.0,0.21
2019-05-20,4057,4066,4062.0,4053.0,0.21
2019-05-21,4057,4066,4062.0,4050.0,0.28
2019-05-22,4057,4066,4062.0,4050.0,0.28
2019-05-23,4057,4066,4062.0,4051.0,0.26
2019-05-24,4057,4066,4062.0,4051.0,0.26
2019-05-25,4059,4069,4064.0,4051.0,0.26
2019-05-26,4059,4069,4064.0,4051.0,0.32
2019-05-27,4059,4069,4064.0,4053.0,0.27
2019-05-28,4059,4069,4064.0,4053.0,0.27
2019-05-29,4059,4069,4064.0,4055.0,0.22
2019-05-30,4059,4071,4065.0,4058.0,0.15
2019-05-31,4064,4075,4070.0,4062.0,0.07
2019-06-01,4074,4084,4079.0,4062.0,0.18
2019-06-02,4074,4084,4079.0,4062.0,0.42
2019-06-03,4074,4084,4079.0,4070.0,0.22
2019-06-04,4069,4081,4075.0,4070.0,0.22
2019-06-05,4069,4081,4075.0,4070.0,0.12
2019-06-06,4069,4081,4075.0,4072.0,0.07
2019-06-07,4069,4081,4075.0,4072.0,0.07
2019-06-08,4069,4081,4075.0,4072.0,0.07
2019-06-09,4069,4081,4075.0,4072.0,0.07
2019-06-10,4069,4081,4075.0,4075.0,0.0
2019-06-11,4069,4081,4075.0,4072.0,0.07
2019-06-12,4069,4077,4073.0,4068.0,0.17
2019-06-13,4069,4077,4073.0,4070.0,0.07
2019-06-14,4069,4077,4073.0,4075.0,-0.05
2019-06-15,4069,4077,4073.0,4075.0,-0.05
2019-06-16,4069,4077,4073.0,4075.0,-0.05
2019-06-17,4075,4081,4078.0,4076.0,-0.07
2019-06-18,4072,4081,4077.0,4076.0,0.05
2019-06-19,4072,4081,4077.0,4075.0,0.04
2019-06-20,4072,4081,4077.0,4075.0,0.04
2019-06-21,4072,4081,4077.0,4076.0,0.01
2019-06-22,4072,4081,4077.0,4076.0,0.01
2019-06-23,4072,4081,4077.0,4076.0,0.01
2019-06-24,4072,4081,4077.0,4074.0,0.06
2019-06-25,4072,4081,4077.0,4070.0,0.16
2019-06-26,4069,4079,4074.0,4068.0,0.21
2019-06-27,4069,4079,4074.0,4068.0,0.15
2019-06-28,4069,4079,4074.0,4066.0,0.2
2019-06-29,4069,4079,4074.0,4066.0,0.2
2019-06-30,4069,4079,4074.0,4066.0,0.2
2019-07-01,4069,4079,4074.0,4068.0,0.15
2019-07-02,4074,4085,4080.0,4070.0,0.1
2019-07-03,4074,4085,4080.0,4072.0,0.18
2019-07-04,4074,4085,4080.0,4072.0,0.18
2019-07-05,4074,4085,4080.0,4072.0,0.18
2019-07-06,4074,4085,4080.0,4072.0,0.18
2019-07-07,4074,4085,4080.0,4072.0,0.18
2019-07-08,4074,4085,4080.0,4075.0,0.11
2019-07-09,4074,4085,4080.0,4075.0,0.11
2019-07-10,4076,4087,4082.0,4077.0,0.06
2019-07-11,4076,4087,4082.0,4077.0,0.11
2019-07-12,4074,4084,4079.0,4077.0,0.11
2019-07-13,4074,4084,4079.0,4077.0,0.05
2019-07-14,4074,4084,4079.0,4077.0,0.05
2019-07-15,4074,4084,4079.0,4079.0,0.0
2019-07-16,4079,4088,4084.0,4079.0,0.0
2019-07-17,4079,4088,4084.0,4080.0,0.09
2019-07-18,4079,4088,4084.0,4080.0,0.09
2019-07-19,4079,4088,4084.0,4080.0,0.09
2019-07-20,4079,4088,4084.0,4080.0,0.09
2019-07-21,4079,4088,4084.0,4080.0,0.09
2019-07-22,4076,4085,4081.0,4081.0,0.06
2019-07-23,4079,4089,4084.0,4081.0,-0.01
2019-07-24,4082,4090,4086.0,4083.0,0.02
2019-07-25,4084,4092,4088.0,4083.0,0.07
2019-07-26,4082,4090,4086.0,4084.0,0.1
2019-07-27,4083,4092,4088.0,4084.0,0.05
2019-07-28,4083,4092,4088.0,4084.0,0.09
2019-07-29,4083,4092,4088.0,4086.0,0.04
2019-07-30,4083,4092,4088.0,4086.0,0.04
2019-07-31,4086,4096,4091.0,4086.0,0.04
2019-08-01,4087,4096,4092.0,4088.0,0.07
2019-08-02,4087,4096,4092.0,4088.0,0.09
2019-08-03,4088,4098,4093.0,4088.0,0.09
2019-08-04,4088,4098,4093.0,4088.0,0.12
2019-08-05,4088,4095,4092.0,4089.0,0.1
2019-08-06,4088,4095,4092.0,4089.0,0.06
2019-08-07,4088,4095,4092.0,4089.0,0.06
2019-08-08,4088,4095,4092.0,4087.0,0.11
2019-08-09,4084,4093,4089.0,4085.0,0.16
2019-08-10,4080,4090,4085.0,4085.0,0.09
2019-08-11,4080,4090,4085.0,4085.0,0.0
2019-08-12,4080,4090,4085.0,4083.0,0.05
2019-08-13,4080,4090,4085.0,4083.0,0.05
2019-08-14,4080,4090,4085.0,4081.0,0.1
2019-08-15,4080,4090,4085.0,4081.0,0.1
2019-08-16,4080,4090,4085.0,4083.0,0.05
2019-08-17,4080,4090,4085.0,4083.0,0.05
2019-08-18,4080,4090,4085.0,4083.0,0.05
2019-08-19,4077,4087,4082.0,4084.0,0.02
2019-08-20,4077,4087,4082.0,4084.0,-0.05
2019-08-21,4077,4086,4082.0,4082.0,0.0
2019-08-22,4077,4086,4082.0,4082.0,-0.01
2019-08-23,4077,4086,4082.0,4085.0,-0.09
2019-08-24,4077,4088,4083.0,4085.0,-0.09
2019-08-25,4077,4088,4083.0,4085.0,-0.06
2019-08-26,4081,4091,4086.0,4086.0,-0.09
2019-08-27,4084,4094,4089.0,4086.0,0.0
2019-08-28,4086,4096,4091.0,4086.0,0.07
2019-08-29,4086,4096,4091.0,4087.0,0.1
2019-08-30,4086,4096,4091.0,4088.0,0.07
2019-08-31,4086,4096,4091.0,4088.0,0.07
2019-09-01,4086,4096,4091.0,4088.0,0.07
2019-09-02,4086,4096,4091.0,4090.0,0.02
2019-09-03,4086,4096,4091.0,4090.0,0.02
2019-09-04,4089,4098,4094.0,4090.0,0.02
2019-09-05,4091,4100,4096.0,4092.0,0.04
2019-09-06,4094,4104,4099.0,4095.0,0.01
2019-09-07,4094,4105,4100.0,4095.0,0.1
2019-09-08,4094,4105,4100.0,4095.0,0.11
2019-09-09,4094,4105,4100.0,4097.0,0.06
2019-09-10,4099,4110,4105.0,4100.0,-0.01
2019-09-11,4107,4119,4113.0,4105.0,-0.01
2019-09-12,4102,4113,4108.0,4105.0,0.19
2019-09-13,4102,4113,4108.0,4104.0,0.09
2019-09-14,4097,4107,4102.0,4104.0,0.09
2019-09-15,4097,4107,4102.0,4104.0,-0.05
2019-09-16,4101,4111,4106.0,4099.0,0.07
2019-09-17,4101,4111,4106.0,4095.0,0.27
2019-09-18,4099,4109,4104.0,4095.0,0.27
2019-09-19,4099,4109,4104.0,4095.0,0.22
2019-09-20,4099,4109,4104.0,4095.0,0.22
2019-09-21,4099,4109,4104.0,4095.0,0.22
2019-09-22,4099,4109,4104.0,4095.0,0.22
2019-09-23,4099,4109,4104.0,4094.0,0.24
2019-09-24,4099,4109,4104.0,4094.0,0.24
2019-09-25,4099,4109,4104.0,4094.0,0.24
2019-09-26,4096,4109,4103.0,4096.0,0.2
2019-09-27,4096,4109,4103.0,4096.0,0.16
2019-09-28,4096,4109,4103.0,4096.0,0.16
2019-09-29,4096,4109,4103.0,4096.0,0.16
2019-09-30,4096,4109,4103.0,4095.0,0.18
2019-10-01,4096,4109,4103.0,4095.0,0.18
2019-10-02,4094,4106,4100.0,4090.0,0.31
2019-10-03,4091,4102,4097.0,4087.0,0.32
2019-10-04,4087,4098,4093.0,4084.0,0.31
2019-10-05,4087,4098,4093.0,4084.0,0.21
2019-10-06,4087,4098,4093.0,4084.0,0.21
2019-10-07,4087,4098,4093.0,4082.0,0.26
2019-10-08,4087,4098,4093.0,4080.0,0.31
2019-10-09,4087,4098,4093.0,4078.0,0.36
2019-10-10,4087,4098,4093.0,4075.0,0.43
2019-10-11,4087,4098,4093.0,4070.0,0.55
2019-10-12,4085,4095,4090.0,4070.0,0.55
2019-10-13,4085,4095,4090.0,4070.0,0.49
2019-10-14,4087,4097,4092.0,4068.0,0.54
2019-10-15,4087,4097,4092.0,4068.0,0.59
2019-10-16,4084,4094,4089.0,4067.0,0.61
2019-10-17,4084,4094,4089.0,4066.0,0.57
2019-10-18,4080,4087,4084.0,4065.0,0.59
2019-10-19,4080,4087,4084.0,4065.0,0.46
2019-10-20,4080,4087,4084.0,4065.0,0.46
2019-10-21,4074,4084,4079.0,4060.0,0.58
2019-10-22,4067,4079,4073.0,4055.0,0.59
2019-10-23,4067,4079,4073.0,4055.0,0.44
2019-10-24,4064,4075,4070.0,4050.0,0.57
2019-10-25,4064,4075,4070.0,4050.0,0.48
2019-10-26,4059,4071,4065.0,4050.0,0.48
2019-10-27,4059,4071,4065.0,4050.0,0.37
2019-10-28,4059,4071,4065.0,4048.0,0.42
2019-10-29,4059,4071,4065.0,4048.0,0.42
2019-10-30,4059,4071,4065.0,4048.0,0.42
2019-10-31,4064,4076,4070.0,4048.0,0.42
2019-11-01,4067,4079,4073.0,4050.0,0.49
2019-11-02,4072,4082,4077.0,4050.0,0.57
2019-11-03,4072,4082,4077.0,4050.0,0.67
2019-11-04,4076,4086,4081.0,4055.0,0.54
2019-11-05,4076,4086,4081.0,4060.0,0.52
2019-11-06,4076,4086,4081.0,4065.0,0.39
2019-11-07,4076,4086,4081.0,4065.0,0.39
2019-11-08,4072,4083,4078.0,4065.0,0.39
2019-11-09,4062,4071,4067.0,4065.0,0.31
2019-11-10,4062,4071,4067.0,4065.0,0.04
2019-11-11,4062,4071,4067.0,4065.0,0.04
2019-11-12,4062,4071,4067.0,4065.0,0.04
2019-11-13,4062,4071,4067.0,4055.0,0.28
2019-11-14,4062,4071,4067.0,4055.0,0.28
2019-11-15,4064,4073,4069.0,4055.0,0.28
2019-11-16,4067,4078,4073.0,4055.0,0.33
2019-11-17,4067,4078,4073.0,4055.0,0.43
2019-11-18,4067,4078,4073.0,4050.0,0.56
2019-11-19,4067,4078,4073.0,4050.0,0.56
2019-11-20,4064,4074,4069.0,4048.0,0.61
2019-11-21,4066,4078,4072.0,4055.0,0.35
2019-11-22,4066,4078,4072.0,4055.0,0.42
2019-11-23,4066,4078,4072.0,4055.0,0.42
2019-11-24,4066,4078,4072.0,4055.0,0.42
2019-11-25,4069,4079,4074.0,4058.0,0.34
2019-11-26,4069,4079,4074.0,4058.0,0.39
2019-11-27,4074,4084,4079.0,4060.0,0.34
2019-11-28,4074,4084,4079.0,4060.0,0.47
2019-11-29,4074,4084,4079.0,4065.0,0.34
2019-11-30,4074,4084,4079.0,4065.0,0.34
2019-12-01,4074,4084,4079.0,4065.0,0.34
2019-12-02,4074,4084,4079.0,4063.0,0.39
2019-12-03,4074,4084,4079.0,4068.0,0.27
2019-12-04,4074,4084,4079.0,4068.0,0.27
2019-12-05,4074,4084,4079.0,4069.0,0.25
2019-12-06,4074,4084,4079.0,4069.0,0.25
2019-12-07,4074,4084,4079.0,4069.0,0.25
2019-12-08,4074,4084,4079.0,4069.0,0.25
2019-12-09,4074,4084,4079.0,4068.0,0.27
2019-12-10,4074,4084,4079.0,4068.0,0.27
2019-12-11,4074,4084,4079.0,4066.0,0.32
2019-12-12,4074,4084,4079.0,4066.0,0.32
2019-12-13,4074,4084,4079.0,4068.0,0.27
2019-12-14,4074,4084,4079.0,4068.0,0.27
2019-12-15,4074,4084,4079.0,4068.0,0.27
2019-12-16,4074,4084,4079.0,4065.0,0.34
2019-12-17,4074,4084,4079.0,4065.0,0.34
2019-12-18,4074,4084,4079.0,4060.0,0.47
2019-12-19,4074,4084,4079.0,4060.0,0.47
2019-12-20,4074,4084,4079.0,4059.0,0.49
2019-12-21,4074,4084,4079.0,4059.0,0.49
2019-12-22,4074,4084,4079.0,4059.0,0.49
2019-12-23,4074,4084,4079.0,4055.0,0.59
2019-12-24,4074,4084,4079.0,4055.0,0.59
2019-12-25,4079,4089,4084.0,4057.0,0.54
2019-12-26,4079,4089,4084.0,4060.0,0.59
2019-12-27,4079,4089,4084.0,4065.0,0.47
2019-12-28,4079,4089,4084.0,4065.0,0.47
2019-12-29,4079,4089,4084.0,4065.0,0.47
2019-12-30,4079,4089,4084.0,4070.0,0.34
2019-12-31,4079,4089,4084.0,4075.0,0.22
2020-01-01,4087,4096,4092.0,4075.0,0.22
2020-01-02,4089,4099,4094.0,4080.0,0.28
2020-01-03,4089,4099,4094.0,4080.0,0.34
2020-01-04,4089,4099,4094.0,4080.0,0.34
2020-01-05,4091,4101,4096.0,4080.0,0.34
2020-01-06,4091,4101,4096.0,4078.0,0.44
2020-01-07,4094,4103,4099.0,4078.0,0.44
2020-01-08,4094,4103,4099.0,4080.0,0.45
2020-01-09,4094,4103,4099.0,4075.0,0.58
2020-01-10,4094,4103,4099.0,4070.0,0.7
2020-01-11,4094,4103,4099.0,4070.0,0.7
2020-01-12,4087,4097,4092.0,4070.0,0.7
2020-01-13,4082,4092,4087.0,4065.0,0.66
2020-01-14,4082,4092,4087.0,4060.0,0.67
2020-01-15,4082,4092,4087.0,4055.0,0.79
2020-01-16,4082,4092,4087.0,4055.0,0.79
2020-01-17,4082,4092,4087.0,4055.0,0.79
2020-01-18,4082,4092,4087.0,4055.0,0.79
2020-01-19,4082,4092,4087.0,4055.0,0.79
2020-01-20,4082,4092,4087.0,4050.0,0.91
2020-01-21,4082,4092,4087.0,4050.0,0.91
2020-01-22,4086,4096,4091.0,4050.0,0.91
2020-01-23,4086,4096,4091.0,4060.0,0.76
2020-01-24,4086,4096,4091.0,4060.0,0.76
2020-01-25,4086,4098,4092.0,4060.0,0.76
2020-01-26,4086,4098,4092.0,4060.0,0.79
2020-01-27,4080,4092,4086.0,4055.0,0.91
2020-01-28,4080,4092,4086.0,4055.0,0.76
2020-01-29,4080,4092,4086.0,4055.0,0.76
2020-01-30,4083,4097,4090.0,4050.0,0.89
2020-01-31,4088,4100,4094.0,4050.0,0.99
2020-02-01,4088,4100,4094.0,4050.0,1.09
2020-02-02,4088,4100,4094.0,4050.0,1.09
2020-02-03,4088,4097,4093.0,4060.0,0.84
2020-02-04,4088,4097,4093.0,4060.0,0.8
2020-02-05,4088,4097,4093.0,4065.0,0.68
2020-02-06,4088,4097,4093.0,4065.0,0.68
2020-02-07,4088,4099,4094.0,4070.0,0.55
2020-02-08,4088,4099,4094.0,4070.0,0.58
2020-02-09,4088,4099,4094.0,4070.0,0.58
2020-02-10,4088,4097,4093.0,4075.0,0.45
2020-02-11,4088,4097,4093.0,4080.0,0.31
2020-02-12,4088,4097,4093.0,4080.0,0.31
2020-02-13,4088,4097,4093.0,4080.0,0.31
2020-02-14,4088,4097,4093.0,4083.0,0.23
2020-02-15,4088,4097,4093.0,4083.0,0.23
2020-02-16,4088,4097,4093.0,4083.0,0.23
2020-02-17,4088,4097,4093.0,4085.0,0.18
2020-02-18,4088,4097,4093.0,4085.0,0.18
2020-02-19,4088,4097,4093.0,4080.0,0.31
2020-02-20,4088,4097,4093.0,4080.0,0.31
2020-02-21,4088,4097,4093.0,4080.0,0.31
2020-02-22,4088,4096,4092.0,4080.0,0.31
2020-02-23,4088,4096,4092.0,4080.0,0.29
2020-02-24,4088,4096,4092.0,4075.0,0.42
2020-02-25,4088,4096,4092.0,4075.0,0.42
2020-02-26,4088,4096,4092.0,4075.0,0.42
2020-02-27,4086,4094,4090.0,4070.0,0.54
2020-02-28,4086,4094,4090.0,4070.0,0.49
2020-02-29,4086,4094,4090.0,4070.0,0.49
2020-03-01,4086,4094,4090.0,4070.0,0.49
2020-03-02,4086,4094,4090.0,4074.0,0.39
2020-03-03,4086,4094,4090.0,4074.0,0.39
2020-03-04,4081,4091,4086.0,4070.0,0.49
2020-03-05,4076,4087,4082.0,4070.0,0.39
2020-03-06,4074,4085,4080.0,4065.0,0.41
2020-03-07,4054,4066,4060.0,4065.0,0.36
2020-03-08,4054,4066,4060.0,4065.0,-0.12
2020-03-09,4054,4066,4060.0,4050.0,0.25
2020-03-10,4050,4062,4056.0,4050.0,0.25
2020-03-11,4049,4061,4055.0,4045.0,0.27
2020-03-12,4047,4058,4053.0,4043.0,0.3
2020-03-13,4047,4058,4053.0,4043.0,0.23
2020-03-14,4054,4066,4060.0,4043.0,0.23
2020-03-15,4054,4066,4060.0,4043.0,0.42
2020-03-16,4056,4068,4062.0,4044.0,0.4
2020-03-17,4057,4069,4063.0,4044.0,0.45
2020-03-18,4064,4075,4070.0,4050.0,0.32
2020-03-19,4056,4066,4061.0,4050.0,0.48
2020-03-20,4056,4066,4061.0,4045.0,0.4
2020-03-21,4059,4068,4064.0,4045.0,0.4
2020-03-22,4059,4068,4064.0,4045.0,0.46
2020-03-23,4059,4068,4064.0,4050.0,0.33
2020-03-24,4059,4068,4064.0,4050.0,0.33
2020-03-25,4064,4081,4073.0,4055.0,0.21
2020-03-26,4074,4086,4080.0,4060.0,0.31
2020-03-27,4074,4086,4080.0,4060.0,0.49
2020-03-28,4074,4086,4080.0,4060.0,0.49
2020-03-29,4074,4086,4080.0,4060.0,0.49
2020-03-30,4073,4090,4082.0,4065.0,0.37
2020-03-31,4084,4095,4090.0,4070.0,0.28
2020-04-01,4079,4091,4085.0,4070.0,0.48
2020-04-02,4079,4091,4085.0,4070.0,0.37
2020-04-03,4079,4091,4085.0,4068.0,0.42
2020-04-04,4069,4078,4074.0,4068.0,0.42
2020-04-05,4069,4078,4074.0,4068.0,0.14
2020-04-06,4069,4078,4074.0,4065.0,0.21
2020-04-07,4069,4078,4074.0,4060.0,0.33
2020-04-08,4069,4078,4074.0,4060.0,0.33
2020-04-09,4069,4078,4074.0,4055.0,0.46
2020-04-10,4069,4078,4074.0,4055.0,0.46
2020-04-11,4067,4079,4073.0,4055.0,0.46
2020-04-12,4067,4079,4073.0,4055.0,0.44
2020-04-13,4067,4079,4073.0,4050.0,0.57
2020-04-14,4067,4079,4073.0,4055.0,0.44
2020-04-15,4072,4082,4077.0,4055.0,0.44
2020-04-16,4072,4082,4077.0,4055.0,0.54
2020-04-17,4072,4082,4077.0,4060.0,0.42
2020-04-18,4081,4089,4085.0,4060.0,0.42
2020-04-19,4081,4089,4085.0,4060.0,0.62
2020-04-20,4081,4089,4085.0,4065.0,0.49
2020-04-21,4083,4093,4088.0,4070.0,0.37
2020-04-22,4090,4099,4095.0,4070.0,0.44
2020-04-23,4091,4099,4095.0,4080.0,0.36
2020-04-24,4099,4116,4108.0,4080.0,0.37
2020-04-25,4103,4114,4109.0,4080.0,0.67
2020-04-26,4103,4114,4109.0,4080.0,0.7
2020-04-27,4103,4114,4109.0,4090.0,0.45
2020-04-28,4108,4122,4115.0,4095.0,0.33
2020-04-29,4108,4122,4115.0,4095.0,0.49
2020-04-30,4108,4117,4113.0,4099.0,0.39
2020-05-01,4108,4117,4113.0,4095.0,0.43
2020-05-02,4108,4117,4113.0,4095.0,0.43
2020-05-03,4108,4117,4113.0,4095.0,0.43
2020-05-04,4108,4117,4113.0,4104.0,0.21
2020-05-05,4108,4117,4113.0,4104.0,0.21
2020-05-06,4108,4117,4113.0,4104.0,0.21
2020-05-07,4108,4117,4113.0,4106.0,0.16
2020-05-08,4110,4118,4114.0,4106.0,0.16
2020-05-09,4106,4114,4110.0,4106.0,0.19
2020-05-10,4106,4114,4110.0,4106.0,0.1
2020-05-11,4106,4114,4110.0,4109.0,0.02
2020-05-12,4106,4114,4110.0,4100.0,0.24
2020-05-13,4109,4118,4114.0,4095.0,0.37
2020-05-14,4111,4121,4116.0,4095.0,0.45
2020-05-15,4111,4121,4116.0,4099.0,0.41
2020-05-16,4114,4122,4118.0,4099.0,0.41
2020-05-17,4114,4122,4118.0,4099.0,0.46
2020-05-18,4114,4122,4118.0,4105.0,0.32
2020-05-19,4114,4122,4118.0,4109.0,0.22
2020-05-20,4114,4122,4118.0,4109.0,0.22
2020-05-21,4117,4126,4122.0,4109.0,0.22
2020-05-22,4119,4128,4124.0,4112.0,0.23
2020-05-23,4117,4125,4121.0,4112.0,0.28
2020-05-24,4117,4125,4121.0,4112.0,0.22
2020-05-25,4117,4125,4121.0,4115.0,0.15
2020-05-26,4117,4125,4121.0,4115.0,0.15
2020-05-27,4117,4125,4121.0,4112.0,0.22
2020-05-28,4122,4130,4126.0,4116.0,0.12
2020-05-29,4124,4135,4130.0,4116.0,0.24
2020-05-30,4124,4135,4130.0,4116.0,0.33
2020-05-31,4124,4135,4130.0,4116.0,0.33
2020-06-01,4122,4131,4127.0,4120.0,0.23
2020-06-02,4119,4126,4123.0,4115.0,0.28
2020-06-03,4119,4126,4123.0,4112.0,0.26
2020-06-04,4117,4125,4121.0,4112.0,0.26
2020-06-05,4117,4125,4121.0,4110.0,0.27
2020-06-06,4111,4120,4116.0,4110.0,0.27
2020-06-07,4111,4120,4116.0,4110.0,0.13
2020-06-08,4111,4120,4116.0,4108.0,0.18
2020-06-09,4109,4119,4114.0,4108.0,0.18
2020-06-10,4109,4119,4114.0,4100.0,0.34
2020-06-11,4094,4105,4100.0,4094.0,0.49
2020-06-12,4087,4098,4093.0,4088.0,0.28
2020-06-13,4065,4075,4070.0,4088.0,0.11
2020-06-14,4072,4083,4078.0,4088.0,-0.44
2020-06-15,4072,4083,4078.0,4065.0,0.31
2020-06-16,4073,4085,4079.0,4065.0,0.31
2020-06-17,4079,4091,4085.0,4060.0,0.47
2020-06-18,4079,4091,4085.0,4060.0,0.62
2020-06-19,4079,4091,4085.0,4062.0,0.57
2020-06-20,4079,4091,4085.0,4062.0,0.57
2020-06-21,4079,4091,4085.0,4062.0,0.57
2020-06-22,4079,4091,4085.0,4065.0,0.49
2020-06-23,4084,4094,4089.0,4065.0,0.49
2020-06-24,4088,4098,4093.0,4068.0,0.52
2020-06-25,4092,4101,4097.0,4075.0,0.44
2020-06-26,4097,4111,4104.0,4085.0,0.28
2020-06-27,4097,4111,4104.0,4085.0,0.47
2020-06-28,4097,4111,4104.0,4085.0,0.47
2020-06-29,4099,4111,4105.0,4093.0,0.27
2020-06-30,4102,4113,4108.0,4093.0,0.29
2020-07-01,4106,4113,4110.0,4095.0,0.31
2020-07-02,4106,4113,4110.0,4095.0,0.35
2020-07-03,4106,4113,4110.0,4098.0,0.28
2020-07-04,4104,4111,4108.0,4098.0,0.28
2020-07-05,4104,4111,4108.0,4098.0,0.23
2020-07-06,4104,4111,4108.0,4092.0,0.38
2020-07-07,4099,4108,4104.0,4092.0,0.38
2020-07-08,4094,4101,4098.0,4088.0,0.38
2020-07-09,4092,4101,4097.0,4088.0,0.23
2020-07-10,4092,4101,4097.0,4085.0,0.28
2020-07-11,4096,4103,4100.0,4085.0,0.28
2020-07-12,4096,4103,4100.0,4085.0,0.35
2020-07-13,4096,4103,4100.0,4093.0,0.16
2020-07-14,4097,4106,4102.0,4093.0,0.16
2020-07-15,4099,4108,4104.0,4090.0,0.28
2020-07-16,4097,4106,4102.0,4090.0,0.33
2020-07-17,4097,4106,4102.0,4090.0,0.28
2020-07-18,4097,4106,4102.0,4090.0,0.28
2020-07-19,4097,4106,4102.0,4090.0,0.28
2020-07-20,4094,4103,4099.0,4088.0,0.33
2020-07-21,4094,4103,4099.0,4088.0,0.26
2020-07-22,4099,4107,4103.0,4088.0,0.26
2020-07-23,4099,4107,4103.0,4090.0,0.32
2020-07-24,4105,4113,4109.0,4094.0,0.22
2020-07-25,4100,4108,4104.0,4094.0,0.37
2020-07-26,4100,4108,4104.0,4094.0,0.24
2020-07-27,4100,4108,4104.0,4095.0,0.22
2020-07-28,4101,4110,4106.0,4095.0,0.22
2020-07-29,4101,4110,4106.0,4097.0,0.21
2020-07-30,4101,4110,4106.0,4097.0,0.21
2020-07-31,4101,4110,4106.0,4099.0,0.16
2020-08-01,4101,4110,4106.0,4099.0,0.16
2020-08-02,4101,4110,4106.0,4099.0,0.16
2020-08-03,4101,4110,4106.0,4095.0,0.26
2020-08-04,4101,4110,4106.0,4095.0,0.26
2020-08-05,4101,4110,4106.0,4093.0,0.31
2020-08-06,4101,4110,4106.0,4093.0,0.31
2020-08-07,4101,4110,4106.0,4095.0,0.26
2020-08-08,4101,4110,4106.0,4095.0,0.26
2020-08-09,4101,4110,4106.0,4095.0,0.26
2020-08-10,4095,4102,4099.0,4097.0,0.21
2020-08-11,4092,4101,4097.0,4095.0,0.09
2020-08-12,4092,4101,4097.0,4095.0,0.04
2020-08-13,4092,4101,4097.0,4097.0,-0.01
2020-08-14,4092,4101,4097.0,4095.0,0.04
2020-08-15,4101,4110,4106.0,4095.0,0.04
2020-08-16,4101,4110,4106.0,4095.0,0.26
2020-08-17,4101,4110,4106.0,4095.0,0.26
2020-08-18,4101,4110,4106.0,4095.0,0.26
2020-08-19,4101,4110,4106.0,4095.0,0.26
2020-08-20,4101,4110,4106.0,4095.0,0.26
2020-08-21,4101,4110,4106.0,4095.0,0.26
2020-08-22,4101,4110,4106.0,4095.0,0.26
2020-08-23,4101,4110,4106.0,4095.0,0.26
2020-08-24,4101,4110,4106.0,4098.0,0.18
2020-08-25,4104,4112,4108.0,4098.0,0.18
2020-08-26,4104,4112,4108.0,4099.0,0.22
2020-08-27,4107,4115,4111.0,4099.0,0.22
2020-08-28,4107,4115,4111.0,4102.0,0.22
2020-08-29,4107,4115,4111.0,4102.0,0.22
2020-08-30,4107,4115,4111.0,4102.0,0.22
2020-08-31,4107,4115,4111.0,4105.0,0.15
2020-09-01,4107,4115,4111.0,4105.0,0.15
2020-09-02,4107,4115,4111.0,4107.0,0.1
2020-09-03,4107,4115,4111.0,4107.0,0.1
2020-09-04,4107,4115,4111.0,4105.0,0.15
2020-09-05,4107,4115,4111.0,4105.0,0.15
2020-09-06,4107,4115,4111.0,4105.0,0.15
2020-09-07,4107,4115,4111.0,4102.0,0.22
2020-09-08,4107,4115,4111.0,4102.0,0.22
2020-09-09,4107,4115,4111.0,4102.0,0.22
2020-09-10,4107,4115,4111.0,4100.0,0.27
2020-09-11,4107,4115,4111.0,4100.0,0.27
2020-09-12,4103,4110,4107.0,4100.0,0.27
2020-09-13,4103,4110,4107.0,4100.0,0.16
2020-09-14,4103,4110,4107.0,4095.0,0.28
2020-09-15,4103,4110,4107.0,4090.0,0.4
2020-09-16,4103,4110,4107.0,4090.0,0.4
2020-09-17,4103,4110,4107.0,4090.0,0.4
2020-09-18,4103,4110,4107.0,4090.0,0.4
2020-09-19,4103,4110,4107.0,4090.0,0.4
2020-09-20,4103,4110,4107.0,4090.0,0.4
2020-09-21,4103,4110,4107.0,4088.0,0.45
2020-09-22,4103,4110,4107.0,4085.0,0.53
2020-09-23,4099,4110,4105.0,4085.0,0.53
2020-09-24,4099,4110,4105.0,4085.0,0.48
2020-09-25,4099,4110,4105.0,4083.0,0.53
2020-09-26,4107,4113,4110.0,4083.0,0.53
2020-09-27,4107,4113,4110.0,4083.0,0.66
2020-09-28,4107,4113,4110.0,4088.0,0.54
2020-09-29,4109,4117,4113.0,4095.0,0.37
2020-09-30,4109,4117,4113.0,4100.0,0.32
2020-10-01,4109,4117,4113.0,4108.0,0.12
2020-10-02,4109,4117,4113.0,4108.0,0.12
2020-10-03,4109,4117,4113.0,4108.0,0.12
2020-10-04,4109,4117,4113.0,4108.0,0.12
2020-10-05,4109,4117,4113.0,4106.0,0.17
2020-10-06,4112,4119,4116.0,4106.0,0.17
2020-10-07,4109,4116,4113.0,4106.0,0.23
2020-10-08,4109,4116,4113.0,4106.0,0.16
2020-10-09,4109,4116,4113.0,4105.0,0.18
2020-10-10,4109,4116,4113.0,4105.0,0.18
2020-10-11,4109,4116,4113.0,4105.0,0.18
2020-10-12,4109,4116,4113.0,4106.0,0.16
2020-10-13,4109,4116,4113.0,4106.0,0.16
2020-10-14,4109,4116,4113.0,4104.0,0.21
2020-10-15,4109,4116,4113.0,4104.0,0.21
2020-10-16,4109,4116,4113.0,4100.0,0.3
2020-10-17,4109,4116,4113.0,4100.0,0.3
2020-10-18,4109,4116,4113.0,4100.0,0.3
2020-10-19,4107,4113,4110.0,4102.0,0.26
2020-10-20,4105,4113,4109.0,4102.0,0.2
2020-10-21,4093,4105,4099.0,4095.0,0.34
2020-10-22,4086,4096,4091.0,4080.0,0.47
2020-10-23,4087,4099,4093.0,4080.0,0.27
2020-10-24,4087,4099,4093.0,4080.0,0.32
2020-10-25,4087,4099,4093.0,4080.0,0.32
2020-10-26,4078,4090,4084.0,4075.0,0.44
2020-10-27,4074,4085,4080.0,4060.0,0.59
2020-10-28,4080,4090,4085.0,4060.0,0.48
2020-10-29,4084,4094,4089.0,4060.0,0.62
2020-10-30,4084,4094,4089.0,4060.0,0.71
2020-10-31,4084,4094,4089.0,4060.0,0.71
2020-11-01,4084,4094,4089.0,4060.0,0.71
2020-11-02,4081,4089,4085.0,4060.0,0.71
2020-11-03,4081,4089,4085.0,4065.0,0.49
2020-11-04,4079,4088,4084.0,4065.0,0.49
2020-11-05,4079,4088,4084.0,4065.0,0.46
2020-11-06,4079,4088,4084.0,4065.0,0.46
2020-11-07,4072,4081,4077.0,4065.0,0.46
2020-11-08,4072,4081,4077.0,4065.0,0.28
2020-11-09,4072,4081,4077.0,4065.0,0.28
2020-11-10,4072,4081,4077.0,4065.0,0.28
2020-11-11,4070,4077,4074.0,4062.0,0.36
2020-11-12,4067,4074,4071.0,4060.0,0.33
2020-11-13,4064,4072,4068.0,4060.0,0.26
2020-11-14,4064,4072,4068.0,4060.0,0.2
2020-11-15,4064,4072,4068.0,4060.0,0.2
2020-11-16,4064,4072,4068.0,4058.0,0.25
2020-11-17,4064,4072,4068.0,4053.0,0.37
2020-11-18,4061,4069,4065.0,4053.0,0.37
2020-11-19,4061,4069,4065.0,4053.0,0.3
2020-11-20,4061,4069,4065.0,4052.0,0.32
2020-11-21,4061,4069,4065.0,4052.0,0.32
2020-11-22,4061,4069,4065.0,4052.0,0.32
2020-11-23,4063,4072,4068.0,4050.0,0.37
2020-11-24,4063,4072,4068.0,4050.0,0.43
2020-11-25,4064,4070,4067.0,4048.0,0.48
2020-11-26,4064,4070,4067.0,4045.0,0.54
2020-11-27,4064,4070,4067.0,4045.0,0.54
2020-11-28,4064,4072,4068.0,4045.0,0.54
2020-11-29,4064,4072,4068.0,4045.0,0.57
2020-11-30,4069,4077,4073.0,4048.0,0.49
2020-12-01,4072,4080,4076.0,4048.0,0.62
2020-12-02,4074,4083,4079.0,4050.0,0.64
2020-12-03,4075,4086,4081.0,4050.0,0.7
2020-12-04,4076,4089,4083.0,4050.0,0.75
2020-12-05,4076,4089,4083.0,4050.0,0.8
2020-12-06,4076,4089,4083.0,4050.0,0.8
2020-12-07,4076,4089,4083.0,4052.0,0.75
2020-12-08,4075,4081,4078.0,4052.0,0.75
2020-12-09,4075,4081,4078.0,4052.0,0.64
2020-12-10,4059,4066,4063.0,4052.0,0.64
2020-12-11,4059,4066,4063.0,4050.0,0.31
2020-12-12,4059,4066,4063.0,4050.0,0.31
2020-12-13,4059,4066,4063.0,4050.0,0.31
2020-12-14,4059,4066,4063.0,4045.0,0.43
2020-12-15,4054,4061,4058.0,4045.0,0.43
2020-12-16,4051,4060,4056.0,4040.0,0.43
2020-12-17,4051,4060,4056.0,4040.0,0.38
2020-12-18,4046,4056,4051.0,4038.0,0.43
2020-12-19,4046,4056,4051.0,4038.0,0.32
2020-12-20,4046,4056,4051.0,4038.0,0.32
2020-12-21,4044,4052,4048.0,4038.0,0.32
2020-12-22,4040,4050,4045.0,4035.0,0.32
2020-12-23,4039,4047,4043.0,4030.0,0.37
2020-12-24,4039,4047,4043.0,4030.0,0.32
2020-12-25,4039,4047,4043.0,4028.0,0.37
2020-12-26,4039,4047,4043.0,4028.0,0.37
2020-12-27,4039,4047,4043.0,4028.0,0.37
2020-12-28,4047,4056,4052.0,4028.0,0.37
2020-12-29,4054,4065,4060.0,4033.0,0.46
2020-12-30,4064,4076,4070.0,4038.0,0.53
2020-12-31,4069,4084,4077.0,4045.0,0.62
2021-01-01,4067,4078,4073.0,4045.0,0.78
2021-01-02,4067,4078,4073.0,4045.0,0.68
2021-01-03,4067,4078,4073.0,4045.0,0.68
2021-01-04,4065,4074,4070.0,4050.0,0.56
2021-01-05,4062,4069,4066.0,4055.0,0.36
2021-01-06,4062,4069,4066.0,4055.0,0.26
2021-01-07,4062,4069,4066.0,4055.0,0.26
2021-01-08,4062,4069,4066.0,4050.0,0.38
2021-01-09,4062,4069,4066.0,4050.0,0.38
2021-01-10,4062,4069,4066.0,4050.0,0.38
2021-01-11,4062,4069,4066.0,4050.0,0.38
2021-01-12,4066,4076,4071.0,4050.0,0.38
2021-01-13,4066,4074,4070.0,4050.0,0.52
2021-01-14,4066,4074,4070.0,4053.0,0.42
2021-01-15,4068,4076,4072.0,4053.0,0.42
2021-01-16,4071,4081,4076.0,4053.0,0.47
2021-01-17,4071,4081,4076.0,4053.0,0.57
2021-01-18,4074,4082,4078.0,4053.0,0.57
2021-01-19,4074,4082,4078.0,4055.0,0.57
2021-01-20,4074,4082,4078.0,4055.0,0.57
2021-01-21,4074,4086,4080.0,4060.0,0.44
2021-01-22,4074,4086,4080.0,4060.0,0.49
2021-01-23,4074,4086,4080.0,4060.0,0.49
2021-01-24,4074,4086,4080.0,4060.0,0.49
2021-01-25,4074,4083,4079.0,4062.0,0.44
2021-01-26,4074,4083,4079.0,4062.0,0.41
2021-01-27,4074,4083,4079.0,4062.0,0.41
2021-01-28,4074,4085,4080.0,4063.0,0.38
2021-01-29,4074,4085,4080.0,4065.0,0.36
2021-01-30,4077,4089,4083.0,4065.0,0.36
2021-01-31,4077,4089,4083.0,4065.0,0.44
2021-02-01,4079,4090,4085.0,4065.0,0.44
2021-02-02,4084,4093,4089.0,4069.0,0.38
2021-02-03,4084,4093,4089.0,4071.0,0.43
2021-02-04,4084,4093,4089.0,4071.0,0.43
2021-02-05,4082,4091,4087.0,4071.0,0.43
2021-02-06,4082,4091,4087.0,4071.0,0.38
2021-02-07,4082,4091,4087.0,4071.0,0.38
2021-02-08,4082,4091,4087.0,4072.0,0.36
2021-02-09,4082,4091,4087.0,4070.0,0.41
2021-02-10,4084,4093,4089.0,4070.0,0.41
2021-02-11,4084,4093,4089.0,4070.0,0.45
2021-02-12,4084,4091,4088.0,4069.0,0.48
2021-02-13,4084,4091,4088.0,4069.0,0.45
2021-02-14,4084,4091,4088.0,4069.0,0.45
2021-02-15,4079,4088,4084.0,4069.0,0.45
2021-02-16,4079,4089,4084.0,4066.0,0.43
2021-02-17,4083,4091,4087.0,4066.0,0.44
2021-02-18,4083,4091,4087.0,4068.0,0.47
2021-02-19,4083,4091,4087.0,4068.0,0.47
2021-02-20,4083,4091,4087.0,4068.0,0.47
2021-02-21,4083,4091,4087.0,4068.0,0.47
2021-02-22,4083,4091,4087.0,4070.0,0.42
2021-02-23,4083,4094,4089.0,4070.0,0.42
2021-02-24,4083,4094,4089.0,4071.0,0.43
2021-02-25,4083,4094,4089.0,4071.0,0.43
2021-02-26,4083,4094,4089.0,4069.0,0.48
2021-02-27,4083,4094,4089.0,4069.0,0.48
2021-02-28,4083,4094,4089.0,4069.0,0.48
2021-03-01,4083,4094,4089.0,4068.0,0.5
2021-03-02,4083,4094,4089.0,4067.0,0.53
2021-03-03,4083,4094,4089.0,4067.0,0.53
2021-03-04,4081,4090,4086.0,4063.0,0.63
2021-03-05,4070,4079,4075.0,4060.0,0.63
2021-03-06,4064,4072,4068.0,4060.0,0.36
2021-03-07,4064,4072,4068.0,4060.0,0.2
2021-03-08,4064,4072,4068.0,4060.0,0.2
2021-03-09,4064,4074,4069.0,4055.0,0.32
2021-03-10,4064,4074,4069.0,4055.0,0.35
2021-03-11,4068,4077,4073.0,4055.0,0.35
2021-03-12,4072,4081,4077.0,4055.0,0.43
2021-03-13,4072,4081,4077.0,4055.0,0.53
2021-03-14,4072,4081,4077.0,4055.0,0.53
2021-03-15,4072,4081,4077.0,4055.0,0.53
2021-03-16,4071,4078,4075.0,4050.0,0.65
2021-03-17,4071,4078,4075.0,4050.0,0.6
2021-03-18,4071,4081,4076.0,4050.0,0.6
2021-03-19,4071,4081,4076.0,4050.0,0.64
2021-03-20,4071,4081,4076.0,4050.0,0.64
2021-03-21,4071,4081,4076.0,4050.0,0.64
2021-03-22,4067,4078,4073.0,4050.0,0.64
2021-03-23,4063,4076,4070.0,4048.0,0.61
2021-03-24,4063,4076,4070.0,4048.0,0.53
2021-03-25,4063,4072,4068.0,4045.0,0.61
2021-03-26,4063,4072,4068.0,4045.0,0.56
2021-03-27,4063,4072,4068.0,4045.0,0.56
2021-03-28,4063,4072,4068.0,4045.0,0.56
2021-03-29,4063,4072,4068.0,4045.0,0.56
2021-03-30,4062,4069,4066.0,4045.0,0.56
2021-03-31,4062,4069,4066.0,4045.0,0.51
2021-04-01,4064,4073,4069.0,4047.0,0.46
2021-04-02,4064,4073,4069.0,4047.0,0.53
2021-04-03,4062,4071,4067.0,4047.0,0.53
2021-04-04,4062,4071,4067.0,4047.0,0.48
2021-04-05,4062,4071,4067.0,4045.0,0.53
2021-04-06,4062,4071,4067.0,4045.0,0.53
2021-04-07,4062,4072,4067.0,4045.0,0.53
2021-04-08,4064,4074,4069.0,4046.0,0.52
2021-04-09,4064,4074,4069.0,4046.0,0.57
2021-04-10,4064,4074,4069.0,4046.0,0.57
2021-04-11,4064,4074,4069.0,4046.0,0.57
2021-04-12,4064,4074,4069.0,4048.0,0.52
2021-04-13,4068,4083,4076.0,4048.0,0.52
2021-04-14,4068,4083,4076.0,4048.0,0.68
2021-04-15,4068,4083,4076.0,4048.0,0.68
2021-04-16,4068,4083,4076.0,4048.0,0.68
2021-04-17,4068,4083,4076.0,4048.0,0.68
2021-04-18,4068,4083,4076.0,4048.0,0.68
2021-04-19,4068,4083,4076.0,4048.0,0.68
2021-04-20,4068,4083,4076.0,4048.0,0.68
2021-04-21,4068,4083,4076.0,4048.0,0.68
2021-04-22,4068,4083,4076.0,4048.0,0.68
2021-04-23,4068,4083,4076.0,4048.0,0.68
2021-04-24,4068,4083,4076.0,4048.0,0.68
2021-04-25,4068,4083,4076.0,4048.0,0.68
2021-04-26,4068,4083,4076.0,4048.0,0.68
2021-04-27,4068,4083,4076.0,4048.0,0.68
2021-04-28,4068,4083,4076.0,4050.0,0.63
2021-04-29,4068,4083,4076.0,4048.0,0.68
2021-04-30,4068,4083,4076.0,4048.0,0.68
2021-05-01,4068,4083,4076.0,4048.0,0.68
2021-05-02,4068,4083,4076.0,4048.0,0.68
2021-05-03,4068,4083,4076.0,4048.0,0.68
2021-05-04,4068,4083,4076.0,4050.0,0.63
2021-05-05,4068,4083,4076.0,4050.0,0.63
2021-05-06,4083,4101,4092.0,4050.0,0.63
2021-05-07,4083,4101,4092.0,4056.0,0.89
2021-05-08,4083,4101,4092.0,4056.0,0.89
2021-05-09,4083,4101,4092.0,4056.0,0.89
2021-05-10,4089,4101,4095.0,4060.0,0.79
2021-05-11,4093,4103,4098.0,4062.0,0.81
2021-05-12,4094,4105,4100.0,4062.0,0.89
2021-05-13,4094,4105,4100.0,4065.0,0.85
2021-05-14,4094,4105,4100.0,4065.0,0.85
2021-05-15,4094,4105,4100.0,4065.0,0.85
2021-05-16,4094,4105,4100.0,4065.0,0.85
2021-05-17,4100,4111,4106.0,4068.0,0.77
2021-05-18,4104,4115,4110.0,4073.0,0.8
2021-05-19,4107,4117,4112.0,4073.0,0.9
2021-05-20,4108,4118,4113.0,4075.0,0.91
2021-05-21,4109,4118,4114.0,4075.0,0.93
2021-05-22,4103,4115,4109.0,4075.0,0.94
2021-05-23,4103,4115,4109.0,4075.0,0.83
2021-05-24,4100,4111,4106.0,4073.0,0.88
2021-05-25,4098,4108,4103.0,4073.0,0.8
2021-05-26,4097,4107,4102.0,4070.0,0.81
2021-05-27,4096,4106,4101.0,4070.0,0.79
2021-05-28,4099,4109,4104.0,4070.0,0.76
2021-05-29,4103,4114,4109.0,4070.0,0.84
2021-05-30,4103,4114,4109.0,4070.0,0.95
2021-05-31,4107,4116,4112.0,4072.0,0.9
2021-06-01,4109,4119,4114.0,4075.0,0.9
2021-06-02,4109,4119,4114.0,4080.0,0.83
2021-06-03,4108,4118,4113.0,4080.0,0.83
2021-06-04,4108,4118,4113.0,4080.0,0.81
2021-06-05,4108,4118,4113.0,4080.0,0.81
2021-06-06,4108,4118,4113.0,4080.0,0.81
2021-06-07,4111,4118,4115.0,4080.0,0.81
2021-06-08,4109,4119,4114.0,4080.0,0.85
2021-06-09,4109,4119,4114.0,4080.0,0.83
2021-06-10,4109,4119,4114.0,4082.0,0.78
2021-06-11,4109,4119,4114.0,4082.0,0.78
2021-06-12,4107,4117,4112.0,4082.0,0.78
2021-06-13,4107,4117,4112.0,4082.0,0.73
2021-06-14,4107,4116,4112.0,4080.0,0.78
2021-06-15,4106,4115,4111.0,4079.0,0.8
2021-06-16,4099,4109,4104.0,4078.0,0.8
2021-06-17,4090,4101,4096.0,4076.0,0.69
2021-06-18,4089,4102,4096.0,4076.0,0.48
2021-06-19,4089,4102,4096.0,4076.0,0.48
2021-06-20,4089,4102,4096.0,4076.0,0.48
2021-06-21,4089,4102,4096.0,4076.0,0.48
2021-06-22,4094,4105,4100.0,4076.0,0.48
2021-06-23,4098,4112,4105.0,4079.0,0.5
2021-06-24,4098,4112,4105.0,4078.0,0.66
2021-06-25,4096,4107,4102.0,4075.0,0.74
2021-06-26,4094,4107,4101.0,4075.0,0.65
2021-06-27,4094,4107,4101.0,4075.0,0.63
2021-06-28,4098,4108,4103.0,4075.0,0.63
2021-06-29,4099,4109,4104.0,4075.0,0.69
2021-06-30,4102,4112,4107.0,4075.0,0.71
2021-07-01,4101,4111,4106.0,4073.0,0.83
2021-07-02,4101,4113,4107.0,4073.0,0.81
2021-07-03,4103,4116,4110.0,4073.0,0.83
2021-07-04,4103,4116,4110.0,4073.0,0.9
2021-07-05,4104,4116,4110.0,4074.0,0.87
2021-07-06,4105,4116,4111.0,4074.0,0.88
2021-07-07,4104,4116,4110.0,4074.0,0.9
2021-07-08,4096,4107,4102.0,4074.0,0.88
2021-07-09,4096,4108,4102.0,4071.0,0.75
2021-07-10,4100,4111,4106.0,4071.0,0.76
2021-07-11,4100,4112,4106.0,4071.0,0.85
2021-07-12,4100,4112,4106.0,4071.0,0.86
2021-07-13,4100,4112,4106.0,4071.0,0.86
2021-07-14,4101,4114,4108.0,4071.0,0.86
2021-07-15,4105,4116,4111.0,4072.0,0.87
2021-07-16,4105,4116,4111.0,4072.0,0.95
2021-07-17,4105,4116,4111.0,4072.0,0.95
2021-07-18,4105,4116,4111.0,4072.0,0.95
2021-07-19,4105,4116,4111.0,4073.0,0.92
2021-07-20,4106,4116,4111.0,4072.0,0.95
2021-07-21,4106,4116,4111.0,4072.0,0.96
2021-07-22,4106,4117,4112.0,4071.0,0.98
2021-07-23,4106,4117,4112.0,4071.0,0.99
2021-07-24,4106,4117,4112.0,4071.0,0.99
2021-07-25,4106,4117,4112.0,4071.0,0.99
2021-07-26,4105,4116,4111.0,4071.0,0.99
2021-07-27,4105,4116,4111.0,4072.0,0.95
2021-07-28,4106,4116,4111.0,4071.0,0.97
2021-07-29,4107,4117,4112.0,4071.0,0.98
2021-07-30,4107,4117,4112.0,4072.0,0.98
2021-07-31,4107,4117,4112.0,4072.0,0.98
2021-08-01,4108,4119,4114.0,4072.0,0.98
2021-08-02,4108,4119,4114.0,4073.0,0.99
2021-08-03,4111,4122,4117.0,4072.0,1.02
2021-08-04,4113,4123,4118.0,4074.0,1.04
2021-08-05,4113,4123,4118.0,4076.0,1.03
2021-08-06,4113,4123,4118.0,4076.0,1.03
2021-08-07,4113,4123,4118.0,4076.0,1.03
2021-08-08,4113,4123,4118.0,4076.0,1.03
2021-08-09,4112,4122,4117.0,4077.0,1.01
2021-08-10,4113,4123,4118.0,4077.0,0.98
2021-08-11,4113,4123,4118.0,4077.0,1.01
2021-08-12,4113,4123,4118.0,4078.0,0.98
2021-08-13,4113,4123,4118.0,4079.0,0.96
2021-08-14,4113,4124,4119.0,4079.0,0.96
2021-08-15,4113,4124,4119.0,4079.0,0.97
2021-08-16,4114,4124,4119.0,4078.0,0.99
2021-08-17,4114,4125,4120.0,4079.0,0.98
2021-08-18,4116,4127,4122.0,4079.0,0.99
2021-08-19,4116,4127,4122.0,4080.0,1.02
2021-08-20,4116,4127,4122.0,4080.0,1.02
2021-08-21,4116,4126,4121.0,4080.0,1.02
2021-08-22,4116,4126,4121.0,4080.0,1.0
2021-08-23,4116,4126,4121.0,4080.0,1.0
2021-08-24,4116,4126,4121.0,4079.0,1.03
2021-08-25,4114,4125,4120.0,4078.0,1.05
2021-08-26,4115,4125,4120.0,4078.0,1.02
2021-08-27,4115,4126,4121.0,4078.0,1.03
2021-08-28,4116,4126,4121.0,4078.0,1.04
2021-08-29,4116,4126,4121.0,4078.0,1.05
2021-08-30,4118,4127,4123.0,4079.0,1.03
2021-08-31,4119,4129,4124.0,4080.0,1.04
2021-09-01,4122,4132,4127.0,4081.0,1.05
2021-09-02,4125,4135,4130.0,4082.0,1.1
2021-09-03,4124,4133,4129.0,4082.0,1.18
2021-09-04,4120,4131,4126.0,4082.0,1.14
2021-09-05,4124,4133,4129.0,4082.0,1.07
2021-09-06,4120,4130,4125.0,4081.0,1.16
2021-09-07,4117,4127,4122.0,4080.0,1.1
2021-09-08,4115,4125,4120.0,4079.0,1.05
2021-09-09,4115,4125,4120.0,4079.0,1.01
2021-09-10,4114,4124,4119.0,4079.0,1.01
2021-09-11,4113,4124,4119.0,4079.0,0.98
2021-09-12,4113,4124,4119.0,4079.0,0.97
2021-09-13,4115,4126,4121.0,4078.0,0.99
2021-09-14,4119,4128,4124.0,4078.0,1.04
2021-09-15,4120,4131,4126.0,4079.0,1.09
2021-09-16,4120,4131,4126.0,4079.0,1.14
2021-09-17,4117,4128,4123.0,4079.0,1.14
2021-09-18,4114,4125,4120.0,4079.0,1.07
2021-09-19,4114,4125,4120.0,4079.0,0.99
2021-09-20,4114,4124,4119.0,4079.0,0.99
2021-09-21,4114,4124,4119.0,4077.0,1.03
2021-09-22,4114,4124,4119.0,4077.0,1.03
2021-09-23,4113,4122,4118.0,4077.0,1.03
2021-09-24,4113,4123,4118.0,4077.0,0.99
2021-09-25,4113,4123,4118.0,4077.0,1.01
2021-09-26,4113,4123,4118.0,4077.0,1.01
2021-09-27,4115,4125,4120.0,4077.0,1.01
2021-09-28,4116,4126,4121.0,4077.0,1.05
2021-09-29,4118,4128,4123.0,4078.0,1.05
2021-09-30,4119,4130,4125.0,4079.0,1.08
2021-10-01,4119,4130,4125.0,4082.0,1.04
2021-10-02,4116,4126,4121.0,4082.0,1.04
2021-10-03,4114,4125,4120.0,4082.0,0.96
2021-10-04,4111,4123,4117.0,4080.0,0.97
2021-10-05,4109,4121,4115.0,4080.0,0.91
2021-10-06,4109,4121,4115.0,4080.0,0.86
2021-10-07,4109,4121,4115.0,4080.0,0.86
2021-10-08,4106,4120,4113.0,4077.0,0.93
2021-10-09,4104,4117,4111.0,4077.0,0.88
2021-10-10,4104,4117,4111.0,4077.0,0.82
2021-10-11,4104,4117,4111.0,4076.0,0.85
2021-10-12,4103,4115,4109.0,4075.0,0.87
2021-10-13,4101,4113,4107.0,4074.0,0.86
2021-10-14,4100,4112,4106.0,4073.0,0.83
2021-10-15,4100,4112,4106.0,4073.0,0.81
2021-10-16,4100,4112,4106.0,4073.0,0.81
2021-10-17,4100,4112,4106.0,4073.0,0.81
2021-10-18,4100,4111,4106.0,4073.0,0.81
2021-10-19,4101,4113,4107.0,4072.0,0.82
2021-10-20,4103,4114,4109.0,4072.0,0.86
2021-10-21,4103,4114,4109.0,4072.0,0.9
2021-10-22,4100,4111,4106.0,4073.0,0.87
2021-10-23,4099,4110,4105.0,4073.0,0.8
2021-10-24,4099,4110,4105.0,4073.0,0.77
2021-10-25,4098,4107,4103.0,4072.0,0.8
2021-10-26,4095,4105,4100.0,4070.0,0.8
2021-10-27,4092,4104,4098.0,4068.0,0.79
2021-10-28,4094,4106,4100.0,4066.0,0.79
2021-10-29,4097,4108,4103.0,4066.0,0.84
2021-10-30,4097,4108,4103.0,4066.0,0.9
2021-10-31,4099,4109,4104.0,4066.0,0.9
2021-11-01,4102,4112,4107.0,4068.0,0.88
2021-11-02,4103,4113,4108.0,4068.0,0.96
2021-11-03,4103,4113,4108.0,4070.0,0.93
2021-11-04,4103,4113,4108.0,4070.0,0.93
2021-11-05,4103,4113,4108.0,4072.0,0.88
2021-11-06,4102,4112,4107.0,4072.0,0.88
2021-11-07,4102,4112,4107.0,4072.0,0.86
2021-11-08,4102,4112,4107.0,4074.0,0.81
2021-11-09,4096,4108,4102.0,4074.0,0.81
2021-11-10,4096,4107,4102.0,4072.0,0.74
2021-11-11,4095,4106,4101.0,4071.0,0.75
2021-11-12,4095,4105,4100.0,4070.0,0.75
2021-11-13,4095,4105,4100.0,4070.0,0.74
2021-11-14,4095,4105,4100.0,4070.0,0.74
2021-11-15,4095,4105,4100.0,4068.0,0.79
2021-11-16,4095,4105,4100.0,4068.0,0.79
2021-11-17,4095,4105,4100.0,4068.0,0.79
2021-11-18,4095,4105,4100.0,4068.0,0.79
2021-11-19,4095,4105,4100.0,4068.0,0.79
2021-11-20,4095,4105,4100.0,4068.0,0.79
2021-11-21,4095,4105,4100.0,4068.0,0.79
2021-11-22,4097,4108,4103.0,4067.0,0.81
2021-11-23,4098,4111,4105.0,4067.0,0.87
2021-11-24,4099,4111,4105.0,4068.0,0.9
2021-11-25,4099,4111,4105.0,4068.0,0.91
2021-11-26,4099,4111,4105.0,4069.0,0.88
2021-11-27,4099,4111,4105.0,4069.0,0.88
2021-11-28,4099,4111,4105.0,4069.0,0.88
2021-11-29,4099,4111,4105.0,4069.0,0.88
2021-11-30,4102,4113,4108.0,4069.0,0.88
2021-12-01,4103,4114,4109.0,4070.0,0.92
2021-12-02,4103,4114,4109.0,4071.0,0.92
2021-12-03,4104,4115,4110.0,4072.0,0.9
2021-12-04,4104,4115,4110.0,4072.0,0.92
2021-12-05,4104,4115,4110.0,4072.0,0.92
2021-12-06,4104,4115,4110.0,4072.0,0.92
2021-12-07,4104,4115,4110.0,4072.0,0.92
2021-12-08,4104,4115,4110.0,4072.0,0.92
2021-12-09,4104,4115,4110.0,4072.0,0.92
2021-12-10,4104,4115,4110.0,4072.0,0.92
2021-12-11,4104,4115,4110.0,4072.0,0.92
2021-12-12,4104,4115,4110.0,4072.0,0.92
2021-12-13,4106,4116,4111.0,4072.0,0.92
2021-12-14,4106,4116,4111.0,4072.0,0.96
2021-12-15,4106,4116,4111.0,4072.0,0.96
2021-12-16,4108,4118,4113.0,4074.0,0.91
2021-12-17,4108,4118,4113.0,4074.0,0.96
2021-12-18,4108,4118,4113.0,4074.0,0.96
2021-12-19,4108,4118,4113.0,4074.0,0.96
2021-12-20,4108,4118,4113.0,4074.0,0.96
2021-12-21,4108,4117,4113.0,4074.0,0.96
2021-12-22,4108,4117,4113.0,4074.0,0.95
2021-12-23,4108,4117,4113.0,4073.0,0.97
2021-12-24,4108,4117,4113.0,4073.0,0.97
2021-12-25,4108,4117,4113.0,4073.0,0.97
2021-12-26,4108,4117,4113.0,4073.0,0.97
2021-12-27,4107,4117,4112.0,4073.0,0.97
2021-12-28,4107,4117,4112.0,4072.0,0.98
2021-12-29,4109,4118,4114.0,4072.0,0.98
2021-12-30,4109,4118,4114.0,4072.0,1.02
2021-12-31,4109,4118,4114.0,4074.0,0.97
2022-01-01,4111,4120,4116.0,4074.0,0.97
2022-01-02,4111,4120,4116.0,4074.0,1.02
2022-01-03,4110,4119,4115.0,4075.0,0.99
2022-01-04,4110,4118,4114.0,4075.0,0.97
2022-01-05,4110,4119,4115.0,4075.0,0.96
2022-01-06,4110,4119,4115.0,4075.0,0.97
2022-01-07,4110,4119,4115.0,4075.0,0.97
2022-01-08,4110,4119,4115.0,4075.0,0.97
2022-01-09,4110,4119,4115.0,4075.0,0.97
2022-01-10,4110,4119,4115.0,4075.0,0.97
2022-01-11,4108,4117,4113.0,4075.0,0.97
2022-01-12,4108,4116,4112.0,4074.0,0.95
2022-01-13,4108,4116,4112.0,4074.0,0.93
2022-01-14,4108,4116,4112.0,4074.0,0.93
2022-01-15,4108,4116,4112.0,4074.0,0.93
2022-01-16,4108,4116,4112.0,4074.0,0.93
2022-01-17,4106,4114,4110.0,4074.0,0.93
2022-01-18,4104,4112,4108.0,4073.0,0.91
2022-01-19,4103,4111,4107.0,4072.0,0.88
2022-01-20,4096,4104,4100.0,4072.0,0.86
2022-01-21,4093,4102,4098.0,4070.0,0.74
2022-01-22,4089,4098,4094.0,4070.0,0.68
2022-01-23,4089,4098,4094.0,4070.0,0.58
2022-01-24,4089,4096,4093.0,4069.0,0.6
2022-01-25,4086,4095,4091.0,4068.0,0.6
2022-01-26,4085,4094,4090.0,4067.0,0.58
2022-01-27,4085,4094,4090.0,4066.0,0.58
2022-01-28,4085,4094,4090.0,4066.0,0.58
2022-01-29,4087,4098,4093.0,4066.0,0.58
2022-01-30,4087,4098,4093.0,4066.0,0.65
2022-01-31,4088,4098,4093.0,4066.0,0.65
2022-02-01,4088,4098,4093.0,4066.0,0.66
2022-02-02,4088,4098,4093.0,4067.0,0.64
2022-02-03,4088,4098,4093.0,4067.0,0.64
2022-02-04,4088,4098,4093.0,4067.0,0.64
2022-02-05,4088,4099,4094.0,4067.0,0.64
2022-02-06,4088,4099,4094.0,4067.0,0.65
2022-02-07,4088,4099,4094.0,4068.0,0.63
2022-02-08,4089,4099,4094.0,4068.0,0.63
2022-02-09,4090,4100,4095.0,4069.0,0.61
2022-02-10,4090,4100,4095.0,4069.0,0.64
2022-02-11,4090,4099,4095.0,4068.0,0.66
2022-02-12,4088,4097,4093.0,4068.0,0.65
2022-02-13,4088,4097,4093.0,4068.0,0.6
2022-02-14,4088,4097,4093.0,4067.0,0.63
2022-02-15,4088,4097,4093.0,4067.0,0.63
2022-02-16,4088,4096,4092.0,4067.0,0.63
2022-02-17,4088,4096,4092.0,4067.0,0.61
2022-02-18,4088,4096,4092.0,4067.0,0.61
2022-02-19,4088,4096,4092.0,4067.0,0.61
2022-02-20,4088,4096,4092.0,4067.0,0.61
2022-02-21,4088,4097,4093.0,4066.0,0.64
2022-02-22,4088,4097,4093.0,4066.0,0.65
2022-02-23,4088,4097,4093.0,4066.0,0.65
2022-02-24,4088,4097,4093.0,4066.0,0.65
2022-02-25,4088,4097,4093.0,4066.0,0.65
2022-02-26,4086,4095,4091.0,4066.0,0.65
2022-02-27,4086,4095,4091.0,4066.0,0.6
2022-02-28,4086,4095,4091.0,4066.0,0.6
2022-03-01,4086,4096,4091.0,4065.0,0.63
2022-03-02,4086,4095,4091.0,4065.0,0.64
2022-03-03,4082,4091,4087.0,4065.0,0.63
2022-03-04,4076,4085,4081.0,4063.0,0.58
2022-03-05,4070,4078,4074.0,4063.0,0.43
2022-03-06,4070,4078,4074.0,4063.0,0.27
2022-03-07,4065,4075,4070.0,4061.0,0.32
2022-03-08,4061,4070,4066.0,4061.0,0.22
2022-03-09,4060,4069,4065.0,4058.0,0.18
2022-03-10,4057,4066,4062.0,4056.0,0.21
2022-03-11,4044,4055,4050.0,4054.0,0.19
2022-03-12,4044,4055,4050.0,4054.0,-0.11
2022-03-13,4044,4055,4050.0,4054.0,-0.11
2022-03-14,4040,4051,4046.0,4050.0,-0.01
2022-03-15,4035,4045,4040.0,4040.0,0.14
2022-03-16,4034,4045,4040.0,4033.0,0.17
2022-03-17,4040,4052,4046.0,4033.0,0.16
2022-03-18,4048,4061,4055.0,4036.0,0.25
2022-03-19,4048,4061,4055.0,4036.0,0.46
2022-03-20,4048,4061,4055.0,4036.0,0.46
2022-03-21,4061,4075,4068.0,4040.0,0.36
2022-03-22,4065,4078,4072.0,4045.0,0.57
2022-03-23,4068,4079,4074.0,4047.0,0.61
2022-03-24,4069,4080,4075.0,4050.0,0.58
2022-03-25,4070,4080,4075.0,4050.0,0.6
2022-03-26,4067,4078,4073.0,4050.0,0.62
2022-03-27,4067,4078,4073.0,4050.0,0.56
2022-03-28,4067,4078,4073.0,4050.0,0.56
2022-03-29,4065,4076,4071.0,4050.0,0.56
2022-03-30,4067,4078,4073.0,4050.0,0.51
2022-03-31,4068,4078,4073.0,4050.0,0.56
2022-04-01,4068,4078,4073.0,4051.0,0.54
2022-04-02,4066,4077,4072.0,4051.0,0.54
2022-04-03,4066,4077,4072.0,4051.0,0.51
2022-04-04,4066,4077,4072.0,4051.0,0.51
2022-04-05,4066,4077,4072.0,4049.0,0.56
2022-04-06,4063,4073,4068.0,4049.0,0.56
2022-04-07,4060,4070,4065.0,4047.0,0.52
2022-04-08,4060,4070,4065.0,4045.0,0.49
2022-04-09,4057,4068,4063.0,4045.0,0.49
2022-04-10,4057,4068,4063.0,4045.0,0.43
2022-04-11,4058,4071,4065.0,4045.0,0.43
2022-04-12,4065,4077,4071.0,4045.0,0.48
2022-04-13,4065,4081,4073.0,4045.0,0.64
2022-04-14,4065,4081,4073.0,4045.0,0.69
2022-04-15,4065,4081,4073.0,4045.0,0.69
2022-04-16,4065,4081,4073.0,4045.0,0.69
2022-04-17,4065,4081,4073.0,4045.0,0.69
2022-04-18,4066,4079,4073.0,4045.0,0.69
2022-04-19,4066,4076,4071.0,4045.0,0.68
2022-04-20,4061,4071,4066.0,4045.0,0.64
2022-04-21,4061,4071,4066.0,4043.0,0.57
2022-04-22,4061,4071,4066.0,4040.0,0.64
2022-04-23,4061,4071,4066.0,4040.0,0.64
2022-04-24,4061,4071,4066.0,4040.0,0.64
2022-04-25,4067,4079,4073.0,4040.0,0.64
2022-04-26,4069,4079,4074.0,4044.0,0.72
2022-04-27,4067,4078,4073.0,4044.0,0.74
2022-04-28,4067,4079,4073.0,4046.0,0.65
2022-04-29,4068,4080,4074.0,4046.0,0.67
2022-04-30,4068,4080,4074.0,4046.0,0.69
2022-05-01,4068,4080,4074.0,4046.0,0.69
2022-05-02,4073,4085,4079.0,4048.0,0.64
2022-05-03,4073,4085,4079.0,4050.0,0.72
2022-05-04,4079,4090,4085.0,4050.0,0.72
2022-05-05,4087,4098,4093.0,4052.0,0.8
2022-05-06,4088,4102,4095.0,4055.0,0.92
2022-05-07,4088,4102,4095.0,4055.0,0.99
2022-05-08,4088,4102,4095.0,4055.0,0.99
2022-05-09,4090,4100,4095.0,4057.0,0.94
2022-05-10,4090,4100,4095.0,4058.0,0.91
2022-05-11,4090,4100,4095.0,4060.0,0.86
2022-05-12,4090,4099,4095.0,4060.0,0.86
2022-05-13,4089,4098,4094.0,4062.0,0.8
2022-05-14,4089,4098,4094.0,4062.0,0.78
2022-05-15,4089,4098,4094.0,4062.0,0.78
2022-05-16,4089,4098,4094.0,4061.0,0.8
2022-05-17,4089,4098,4094.0,4061.0,0.8
2022-05-18,4089,4098,4094.0,4061.0,0.8
2022-05-19,4089,4098,4094.0,4061.0,0.8
2022-05-20,4090,4099,4095.0,4061.0,0.8
2022-05-21,4090,4099,4095.0,4061.0,0.82
2022-05-22,4090,4099,4095.0,4061.0,0.82
2022-05-23,4090,4099,4095.0,4062.0,0.8
2022-05-24,4090,4099,4095.0,4062.0,0.8
2022-05-25,4091,4101,4096.0,4063.0,0.78
2022-05-26,4091,4100,4096.0,4063.0,0.81
2022-05-27,4090,4099,4095.0,4063.0,0.8
2022-05-28,4090,4099,4095.0,4063.0,0.78
2022-05-29,4088,4097,4093.0,4063.0,0.78
2022-05-30,4088,4097,4093.0,4062.0,0.75
2022-05-31,4088,4097,4093.0,4062.0,0.75
2022-06-01,4088,4097,4093.0,4061.0,0.78
2022-06-02,4088,4097,4093.0,4061.0,0.78
2022-06-03,4088,4096,4092.0,4061.0,0.78
2022-06-04,4088,4096,4092.0,4061.0,0.76
2022-06-05,4088,4096,4092.0,4061.0,0.76
2022-06-06,4087,4096,4092.0,4061.0,0.76
2022-06-07,4087,4096,4092.0,4061.0,0.75
2022-06-08,4087,4096,4092.0,4061.0,0.75
2022-06-09,4087,4096,4092.0,4062.0,0.73
2022-06-10,4088,4096,4092.0,4062.0,0.73
2022-06-11,4088,4097,4093.0,4062.0,0.74
2022-06-12,4088,4097,4093.0,4062.0,0.75
2022-06-13,4088,4096,4092.0,4062.0,0.75
2022-06-14,4088,4096,4092.0,4062.0,0.74
2022-06-15,4088,4096,4092.0,4063.0,0.71
2022-06-16,4088,4096,4092.0,4065.0,0.66
2022-06-17,4088,4096,4092.0,4065.0,0.66
2022-06-18,4088,4096,4092.0,4065.0,0.66
2022-06-19,4088,4096,4092.0,4065.0,0.66
2022-06-20,4088,4095,4092.0,4065.0,0.66
2022-06-21,4088,4095,4092.0,4065.0,0.65
2022-06-22,4088,4095,4092.0,4065.0,0.65
2022-06-23,4088,4095,4092.0,4067.0,0.6
2022-06-24,4088,4095,4092.0,4067.0,0.6
2022-06-25,4088,4095,4092.0,4067.0,0.6
2022-06-26,4088,4095,4092.0,4067.0,0.6
2022-06-27,4088,4095,4092.0,4068.0,0.58
2022-06-28,4088,4096,4092.0,4068.0,0.58
2022-06-29,4088,4096,4092.0,4068.0,0.59
2022-06-30,4091,4100,4096.0,4070.0,0.54
2022-07-01,4091,4100,4096.0,4073.0,0.55
2022-07-02,4092,4104,4098.0,4073.0,0.55
2022-07-03,4092,4104,4098.0,4073.0,0.61
2022-07-04,4092,4103,4098.0,4073.0,0.61
2022-07-05,4093,4104,4099.0,4075.0,0.55
2022-07-06,4093,4104,4099.0,4075.0,0.58
2022-07-07,4095,4104,4100.0,4077.0,0.53
2022-07-08,4094,4104,4099.0,4079.0,0.5
2022-07-09,4094,4104,4099.0,4079.0,0.49
2022-07-10,4094,4104,4099.0,4079.0,0.49
2022-07-11,4092,4101,4097.0,4081.0,0.44
2022-07-12,4092,4101,4097.0,4083.0,0.33
2022-07-13,4092,4101,4097.0,4083.0,0.33
2022-07-14,4092,4101,4097.0,4085.0,0.28
2022-07-15,4092,4102,4097.0,4085.0,0.28
2022-07-16,4092,4102,4097.0,4085.0,0.29
2022-07-17,4092,4102,4097.0,4085.0,0.29
2022-07-18,4092,4102,4097.0,4085.0,0.29
2022-07-19,4093,4102,4098.0,4087.0,0.24
2022-07-20,4093,4102,4098.0,4090.0,0.18
2022-07-21,4093,4102,4098.0,4092.0,0.13
2022-07-22,4093,4102,4098.0,4095.0,0.06
2022-07-23,4093,4102,4098.0,4095.0,0.06
2022-07-24,4093,4102,4098.0,4095.0,0.06
2022-07-25,4093,4102,4098.0,4096.0,0.04
2022-07-26,4093,4102,4098.0,4098.0,-0.01
2022-07-27,4093,4103,4098.0,4098.0,-0.01
2022-07-28,4095,4104,4100.0,4098.0,0.0
2022-07-29,4097,4104,4101.0,4099.0,0.01
2022-07-30,4097,4104,4101.0,4099.0,0.04
2022-07-31,4097,4104,4101.0,4099.0,0.04
2022-08-01,4097,4105,4101.0,4100.0,0.01
2022-08-02,4099,4107,4103.0,4101.0,0.0
2022-08-03,4099,4107,4103.0,4102.0,0.02
2022-08-04,4100,4107,4104.0,4103.0,0.0
2022-08-05,4100,4107,4104.0,4103.0,0.01
2022-08-06,4100,4107,4104.0,4103.0,0.01
2022-08-07,4100,4107,4104.0,4103.0,0.01
2022-08-08,4100,4108,4104.0,4103.0,0.01
2022-08-09,4100,4107,4104.0,4103.0,0.02
2022-08-10,4100,4107,4104.0,4102.0,0.04
2022-08-11,4100,4107,4104.0,4102.0,0.04
2022-08-12,4097,4105,4101.0,4101.0,0.06
2022-08-13,4097,4105,4101.0,4101.0,0.0
2022-08-14,4097,4105,4101.0,4101.0,0.0
2022-08-15,4097,4105,4101.0,4101.0,0.0
2022-08-16,4097,4105,4101.0,4100.0,0.02
2022-08-17,4097,4105,4101.0,4102.0,-0.02
2022-08-18,4098,4106,4102.0,4102.0,-0.02
2022-08-19,4099,4106,4103.0,4103.0,-0.02
2022-08-20,4098,4106,4102.0,4103.0,-0.01
2022-08-21,4098,4106,4102.0,4103.0,-0.02
2022-08-22,4099,4108,4104.0,4103.0,-0.02
2022-08-23,4099,4108,4104.0,4103.0,0.01
2022-08-24,4100,4110,4105.0,4104.0,-0.01
2022-08-25,4100,4110,4105.0,4105.0,0.0
2022-08-26,4100,4110,4105.0,4105.0,0.0
2022-08-27,4100,4110,4105.0,4105.0,0.0
2022-08-28,4100,4110,4105.0,4105.0,0.0
2022-08-29,4101,4110,4106.0,4105.0,0.0
2022-08-30,4102,4102,4102.0,4106.0,-0.01
2022-08-31,4104,4115,4110.0,4107.0,-0.12
2022-09-01,4104,4115,4110.0,4108.0,0.04
2022-09-02,4110,4119,4115.0,4114.0,-0.11
2022-09-03,4112,4122,4117.0,4114.0,0.01
2022-09-04,4112,4122,4117.0,4114.0,0.07
2022-09-05,4113,4123,4118.0,4109.0,0.19
2022-09-06,4114,4123,4119.0,4116.0,0.05
2022-09-07,4113,4121,4117.0,4117.0,0.04
2022-09-08,4111,4119,4115.0,4117.0,0.0
2022-09-09,4111,4119,4115.0,4114.0,0.02
2022-09-10,4106,4116,4111.0,4114.0,0.02
2022-09-11,4106,4116,4111.0,4114.0,-0.07
2022-09-12,4105,4115,4110.0,4113.0,-0.05
2022-09-13,4105,4114,4110.0,4110.0,0.0
2022-09-14,4108,4117,4113.0,4109.0,0.01
2022-09-15,4110,4118,4114.0,4110.0,0.06
2022-09-16,4110,4119,4115.0,4115.0,-0.02
2022-09-17,4113,4123,4118.0,4115.0,-0.01
2022-09-18,4113,4123,4118.0,4115.0,0.07
2022-09-19,4113,4123,4118.0,4117.0,0.02
2022-09-20,4113,4123,4118.0,4118.0,0.0
2022-09-21,4114,4123,4119.0,4118.0,0.0
2022-09-22,4114,4123,4119.0,4118.0,0.01
2022-09-23,4113,4123,4118.0,4117.0,0.04
2022-09-24,4113,4123,4118.0,4117.0,0.02
2022-09-25,4113,4123,4118.0,4117.0,0.02
2022-09-26,4113,4123,4118.0,4117.0,0.02
2022-09-27,4113,4123,4118.0,4120.0,-0.05
2022-09-28,4113,4123,4118.0,4118.0,0.0
2022-09-29,4113,4123,4118.0,4119.0,-0.02
2022-09-30,4117,4126,4122.0,4119.0,-0.02
2022-10-01,4118,4127,4123.0,4119.0,0.06
2022-10-02,4118,4127,4123.0,4119.0,0.08
2022-10-03,4118,4127,4123.0,4120.0,0.06
2022-10-04,4119,4129,4124.0,4122.0,0.01
2022-10-05,4121,4132,4127.0,4124.0,0.0
2022-10-06,4121,4132,4127.0,4127.0,-0.01
2022-10-07,4121,4132,4127.0,4128.0,-0.04
2022-10-08,4121,4133,4127.0,4128.0,-0.04
2022-10-09,4121,4133,4127.0,4128.0,-0.02
2022-10-10,4122,4133,4128.0,4129.0,-0.05
2022-10-11,4125,4136,4131.0,4129.0,-0.04
2022-10-12,4128,4137,4133.0,4131.0,-0.01
2022-10-13,4131,4140,4136.0,4134.0,-0.04
2022-10-14,4131,4142,4137.0,4128.0,0.18
2022-10-15,4132,4143,4138.0,4128.0,0.21
2022-10-16,4132,4143,4138.0,4128.0,0.23
2022-10-17,4132,4143,4138.0,4137.0,0.01
2022-10-18,4135,4145,4140.0,4138.0,-0.01
2022-10-19,4135,4145,4140.0,4141.0,-0.02
2022-10-20,4135,4144,4140.0,4138.0,0.05
2022-10-21,4135,4144,4140.0,4138.0,0.04
2022-10-22,4135,4144,4140.0,4138.0,0.04
2022-10-23,4135,4144,4140.0,4138.0,0.04
2022-10-24,4135,4144,4140.0,4139.0,0.01
2022-10-25,4135,4144,4140.0,4139.0,0.01
2022-10-26,4135,4144,4140.0,4141.0,-0.04
2022-10-27,4135,4144,4140.0,4140.0,-0.01
2022-10-28,4135,4145,4140.0,4140.0,-0.01
2022-10-29,4135,4145,4140.0,4140.0,0.0
2022-10-30,4135,4145,4140.0,4140.0,0.0
2022-10-31,4135,4145,4140.0,4141.0,-0.02
2022-11-01,4137,4146,4142.0,4141.0,-0.02
2022-11-02,4138,4147,4143.0,4142.0,-0.01
2022-11-03,4139,4147,4143.0,4142.0,0.01
2022-11-04,4140,4150,4145.0,4143.0,0.0
2022-11-05,4139,4150,4145.0,4143.0,0.05
2022-11-06,4139,4150,4145.0,4143.0,0.04
2022-11-07,4139,4150,4145.0,4143.0,0.04
2022-11-08,4139,4150,4145.0,4143.0,0.04
2022-11-09,4139,4150,4145.0,4143.0,0.04
2022-11-10,4138,4148,4143.0,4144.0,0.01
2022-11-11,4138,4148,4143.0,4143.0,0.0
2022-11-12,4138,4148,4143.0,4143.0,0.0
2022-11-13,4138,4148,4143.0,4143.0,0.0
2022-11-14,4138,4147,4143.0,4145.0,-0.05
2022-11-15,4137,4146,4142.0,4144.0,-0.04
2022-11-16,4135,4144,4140.0,4140.0,0.04
2022-11-17,4134,4143,4139.0,4140.0,-0.01
2022-11-18,4134,4142,4138.0,4138.0,0.01
2022-11-19,4134,4142,4138.0,4138.0,0.0
2022-11-20,4134,4142,4138.0,4138.0,0.0
2022-11-21,4134,4142,4138.0,4137.0,0.02
2022-11-22,4133,4141,4137.0,4136.0,0.05
2022-11-23,4131,4140,4136.0,4135.0,0.05
2022-11-24,4131,4140,4136.0,4135.0,0.01
2022-11-25,4131,4140,4136.0,4134.0,0.04
2022-11-26,4130,4139,4135.0,4134.0,0.04
2022-11-27,4130,4139,4135.0,4134.0,0.01
2022-11-28,4126,4134,4130.0,4134.0,0.01
2022-11-29,4119,4128,4124.0,4126.0,0.1
2022-11-30,4110,4120,4115.0,4122.0,0.04
2022-12-01,4104,4114,4109.0,4113.0,0.05
2022-12-02,4105,4117,4111.0,4106.0,0.07
2022-12-03,4113,4126,4120.0,4106.0,0.12
2022-12-04,4113,4126,4120.0,4106.0,0.33
2022-12-05,4118,4129,4124.0,4108.0,0.28
2022-12-06,4119,4130,4125.0,4119.0,0.11
2022-12-07,4119,4130,4125.0,4122.0,0.06
2022-12-08,4119,4127,4123.0,4124.0,0.01
2022-12-09,4117,4127,4122.0,4122.0,0.02
2022-12-10,4110,4120,4115.0,4122.0,0.0
2022-12-11,4110,4120,4115.0,4122.0,-0.17
2022-12-12,4109,4120,4115.0,4121.0,-0.15
2022-12-13,4106,4116,4111.0,4111.0,0.09
2022-12-14,4106,4115,4111.0,4110.0,0.02
2022-12-15,4106,4116,4111.0,4109.0,0.04
2022-12-16,4109,4120,4115.0,4111.0,0.0
2022-12-17,4109,4120,4115.0,4111.0,0.09
2022-12-18,4109,4120,4115.0,4111.0,0.09
2022-12-19,4110,4121,4116.0,4114.0,0.01
2022-12-20,4112,4122,4117.0,4115.0,0.01
2022-12-21,4112,4122,4117.0,4116.0,0.02
2022-12-22,4112,4122,4117.0,4115.0,0.05
2022-12-23,4112,4122,4117.0,4114.0,0.07
2022-12-24,4111,4122,4117.0,4114.0,0.07
2022-12-25,4111,4122,4117.0,4114.0,0.06
2022-12-26,4110,4120,4115.0,4114.0,0.06
2022-12-27,4111,4120,4116.0,4114.0,0.02
2022-12-28,4112,4122,4117.0,4115.0,0.01
2022-12-29,4113,4122,4118.0,4117.0,0.0
2022-12-30,4113,4122,4118.0,4117.0,0.01
2022-12-31,4113,4123,4118.0,4117.0,0.01
2023-01-01,4113,4123,4118.0,4117.0,0.02
2023-01-02,4113,4123,4118.0,4120.0,-0.05
2023-01-03,4115,4124,4120.0,4118.0,0.0
2023-01-04,4115,4125,4120.0,4118.0,0.04
2023-01-05,4115,4125,4120.0,4118.0,0.05
2023-01-06,4115,4125,4120.0,4118.0,0.05
2023-01-07,4115,4125,4120.0,4118.0,0.05
2023-01-08,4115,4125,4120.0,4118.0,0.05
2023-01-09,4115,4124,4120.0,4120.0,0.0
2023-01-10,4115,4123,4119.0,4118.0,0.04
2023-01-11,4114,4123,4119.0,4117.0,0.05
2023-01-12,4114,4122,4118.0,4115.0,0.09
2023-01-13,4114,4122,4118.0,4116.0,0.05
2023-01-14,4114,4122,4118.0,4116.0,0.05
2023-01-15,4114,4122,4118.0,4116.0,0.05
2023-01-16,4113,4121,4117.0,4115.0,0.07
2023-01-17,4113,4122,4118.0,4115.0,0.05
2023-01-18,4114,4122,4118.0,4116.0,0.04
2023-01-19,4114,4122,4118.0,4116.0,0.05
2023-01-20,4114,4122,4118.0,4117.0,0.02
2023-01-21,4114,4122,4118.0,4117.0,0.02
2023-01-22,4114,4122,4118.0,4117.0,0.02
2023-01-23,4112,4121,4117.0,4118.0,0.0
2023-01-24,4111,4120,4116.0,4115.0,0.04
2023-01-25,4106,4115,4111.0,4111.0,0.11
2023-01-26,4100,4110,4105.0,4107.0,0.09
2023-01-27,4099,4109,4104.0,4103.0,0.05
2023-01-28,4099,4109,4104.0,4103.0,0.02
2023-01-29,4099,4109,4104.0,4103.0,0.02
2023-01-30,4100,4111,4106.0,4100.0,0.1
2023-01-31,4102,4113,4108.0,4104.0,0.04
2023-02-01,4105,4115,4110.0,4110.0,-0.06
2023-02-02,4105,4115,4110.0,4110.0,0.0
2023-02-03,4104,4112,4108.0,4110.0,0.0
2023-02-04,4102,4112,4107.0,4110.0,-0.05
2023-02-05,4102,4112,4107.0,4110.0,-0.07
2023-02-06,4100,4111,4106.0,4108.0,-0.02
2023-02-07,4097,4107,4102.0,4100.0,0.13
2023-02-08,4097,4107,4102.0,4099.0,0.07
2023-02-09,4095,4105,4100.0,4101.0,0.02
2023-02-10,4091,4100,4096.0,4099.0,0.02
2023-02-11,4085,4096,4091.0,4099.0,-0.09
2023-02-12,4085,4096,4091.0,4099.0,-0.21
2023-02-13,4082,4091,4087.0,4094.0,-0.09
2023-02-14,4081,4091,4086.0,4087.0,-0.01
2023-02-15,4081,4091,4086.0,4085.0,0.02
2023-02-16,4080,4089,4085.0,4082.0,0.1
2023-02-17,4075,4086,4081.0,4082.0,0.06
2023-02-18,4068,4080,4074.0,4082.0,-0.04
2023-02-19,4068,4080,4074.0,4082.0,-0.2
2023-02-20,4068,4080,4074.0,4078.0,-0.1
2023-02-21,4059,4069,4064.0,4065.0,0.22
2023-02-22,4051,4061,4056.0,4061.0,0.07
2023-02-23,4044,4054,4049.0,4054.0,0.05
2023-02-24,4038,4048,4043.0,4046.0,0.07
2023-02-25,4036,4048,4042.0,4046.0,-0.07
2023-02-26,4036,4048,4042.0,4046.0,-0.1
2023-02-27,4040,4051,4046.0,4042.0,0.0
2023-02-28,4050,4063,4057.0,4043.0,0.06
2023-03-01,4060,4080,4070.0,4054.0,0.06
2023-03-02,4055,4067,4061.0,4065.0,0.12
2023-03-03,4051,4061,4056.0,4060.0,0.02
2023-03-04,4047,4061,4054.0,4060.0,-0.1
2023-03-05,4047,4061,4054.0,4060.0,-0.15
2023-03-06,4048,4061,4055.0,4057.0,-0.07
2023-03-07,4046,4057,4052.0,4050.0,0.11
2023-03-08,4046,4057,4052.0,4050.0,0.04
2023-03-09,4046,4056,4051.0,4048.0,0.09
2023-03-10,4046,4056,4051.0,4046.0,0.12
2023-03-11,4046,4054,4050.0,4046.0,0.12
2023-03-12,4044,4055,4050.0,4046.0,0.1
2023-03-13,4045,4055,4050.0,4049.0,0.01
2023-03-14,4046,4057,4052.0,4049.0,0.02
2023-03-15,4049,4061,4055.0,4052.0,-0.01
2023-03-16,4050,4062,4056.0,4054.0,0.02
2023-03-17,4054,4065,4060.0,4056.0,0.0
2023-03-18,4054,4065,4060.0,4056.0,0.09
2023-03-19,4054,4065,4060.0,4056.0,0.09
2023-03-20,4051,4061,4056.0,4063.0,-0.09
2023-03-21,4052,4061,4057.0,4063.0,-0.17
2023-03-22,4055,4066,4061.0,4056.0,0.01
2023-03-23,4057,4070,4064.0,4056.0,0.11
2023-03-24,4055,4066,4061.0,4061.0,0.06
2023-03-25,4052,4069,4061.0,4060.0,0.01
2023-03-26,4052,4069,4061.0,4060.0,0.01
2023-03-27,4051,4062,4057.0,4058.0,0.06
2023-03-28,4052,4062,4057.0,4055.0,0.04
2023-03-29,4053,4063,4058.0,4052.0,0.12
2023-03-30,4053,4064,4059.0,4055.0,0.07
2023-03-31,4051,4062,4057.0,4054.0,0.11
2023-04-01,4051,4063,4057.0,4054.0,0.11
2023-04-02,4051,4063,4057.0,4054.0,0.07
2023-04-03,4050,4062,4056.0,4052.0,0.12
2023-04-04,4050,4061,4056.0,4050.0,0.15
2023-04-05,4051,4061,4056.0,4053.0,0.06
2023-04-06,4053,4064,4059.0,4059.0,-0.07
2023-04-07,4053,4064,4059.0,4057.0,0.04
2023-04-08,4053,4064,4059.0,4057.0,0.04
2023-04-09,4053,4064,4059.0,4057.0,0.04
2023-04-10,4053,4064,4059.0,4060.0,-0.04
2023-04-11,4057,4067,4062.0,4061.0,-0.06
2023-04-12,4057,4067,4062.0,4062.0,0.0
2023-04-13,4058,4068,4063.0,4065.0,-0.07
2023-04-14,4058,4068,4063.0,4065.0,-0.05
2023-04-15,4058,4068,4063.0,4065.0,-0.05
2023-04-16,4058,4068,4063.0,4065.0,-0.05
2023-04-17,4057,4071,4064.0,4063.0,0.0
2023-04-18,4057,4071,4064.0,4063.0,0.02
2023-04-19,4064,4077,4071.0,4066.0,-0.05
2023-04-20,4067,4083,4075.0,4070.0,0.01
2023-04-21,4075,4087,4081.0,4073.0,0.05
2023-04-22,4075,4087,4081.0,4073.0,0.2
2023-04-23,4075,4087,4081.0,4073.0,0.2
2023-04-24,4085,4100,4093.0,4079.0,0.05
2023-04-25,4092,4106,4099.0,4091.0,0.04
2023-04-26,4099,4114,4107.0,4099.0,0.0
2023-04-27,4108,4121,4115.0,4106.0,0.01
2023-04-28,4114,4126,4120.0,4115.0,-0.01
2023-04-29,4114,4126,4120.0,4115.0,0.12
2023-04-30,4114,4126,4120.0,4115.0,0.12
2023-05-01,4114,4126,4120.0,4115.0,0.12
2023-05-02,4114,4125,4120.0,4119.0,0.02
2023-05-03,4116,4128,4122.0,4120.0,-0.01
2023-05-04,4119,4131,4125.0,4120.0,0.05
2023-05-05,4120,4132,4126.0,4122.0,0.07
2023-05-06,4120,4132,4126.0,4122.0,0.1
2023-05-07,4120,4132,4126.0,4122.0,0.1
2023-05-08,4120,4132,4126.0,4122.0,0.1
2023-05-09,4118,4129,4124.0,4128.0,-0.05
2023-05-10,4118,4127,4123.0,4123.0,0.01
2023-05-11,4116,4125,4121.0,4120.0,0.06
2023-05-12,4112,4122,4117.0,4117.0,0.09
2023-05-13,4111,4121,4116.0,4117.0,0.0
2023-05-14,4111,4121,4116.0,4117.0,-0.02
2023-05-15,4111,4120,4116.0,4115.0,0.02
2023-05-16,4110,4119,4115.0,4111.0,0.11
2023-05-17,4109,4118,4114.0,4112.0,0.06
2023-05-18,4109,4118,4114.0,4110.0,0.09
2023-05-19,4109,4118,4114.0,4110.0,0.09
2023-05-20,4109,4118,4114.0,4110.0,0.09
2023-05-21,4109,4118,4114.0,4110.0,0.09
2023-05-22,4107,4116,4112.0,4111.0,0.06
2023-05-23,4107,4116,4112.0,4112.0,-0.01
2023-05-24,4107,4116,4112.0,4111.0,0.01
2023-05-25,4108,4118,4113.0,4110.0,0.04
2023-05-26,4108,4118,4113.0,4112.0,0.02
2023-05-27,4108,4118,4113.0,4112.0,0.02
2023-05-28,4108,4118,4113.0,4112.0,0.02
2023-05-29,4110,4120,4115.0,4113.0,0.0
2023-05-30,4112,4122,4117.0,4115.0,0.0
2023-05-31,4116,4126,4121.0,4116.0,0.02
2023-06-01,4118,4128,4123.0,4121.0,0.0
2023-06-02,4120,4131,4126.0,4120.0,0.07
2023-06-03,4120,4131,4126.0,4120.0,0.13
2023-06-04,4120,4131,4126.0,4120.0,0.13
2023-06-05,4121,4133,4127.0,4126.0,-0.01
2023-06-06,4123,4134,4129.0,4128.0,-0.02
2023-06-07,4123,4134,4129.0,4125.0,0.08
2023-06-08,4124,4135,4130.0,4129.0,-0.01
2023-06-09,4121,4132,4127.0,4129.0,0.01
2023-06-10,4117,4129,4123.0,4129.0,-0.06
2023-06-11,4117,4129,4123.0,4129.0,-0.15
2023-06-12,4117,4128,4123.0,4126.0,-0.07
2023-06-13,4113,4123,4118.0,4120.0,0.06
2023-06-14,4111,4122,4117.0,4117.0,0.02
2023-06-15,4112,4122,4117.0,4118.0,-0.04
2023-06-16,4112,4122,4117.0,4118.0,-0.02
2023-06-17,4112,4122,4117.0,4118.0,-0.02
2023-06-18,4112,4122,4117.0,4118.0,-0.02
2023-06-19,4116,4128,4122.0,4116.0,0.02
2023-06-20,4121,4131,4126.0,4126.0,-0.1
2023-06-21,4121,4131,4126.0,4125.0,0.02
2023-06-22,4121,4131,4126.0,4126.0,0.0
2023-06-23,4120,4130,4125.0,4126.0,0.0
2023-06-24,4120,4130,4125.0,4126.0,-0.02
2023-06-25,4120,4130,4125.0,4126.0,-0.02
2023-06-26,4120,4130,4125.0,4125.0,0.0
2023-06-27,4120,4130,4125.0,4124.0,0.02
2023-06-28,4124,4134,4129.0,4126.0,-0.02
2023-06-29,4125,4136,4131.0,4130.0,-0.02
2023-06-30,4126,4136,4131.0,4130.0,0.01
2023-07-01,4126,4136,4131.0,4130.0,0.02
2023-07-02,4126,4136,4131.0,4130.0,0.02
2023-07-03,4125,4136,4131.0,4132.0,-0.02
2023-07-04,4125,4136,4131.0,4128.0,0.06
2023-07-05,4126,4136,4131.0,4128.0,0.06
2023-07-06,4126,4136,4131.0,4129.0,0.05
2023-07-07,4126,4136,4131.0,4129.0,0.05
2023-07-08,4126,4136,4131.0,4129.0,0.05
2023-07-09,4126,4136,4131.0,4129.0,0.05
2023-07-10,4125,4135,4130.0,4130.0,0.02
2023-07-11,4125,4135,4130.0,4130.0,0.0
2023-07-12,4122,4132,4127.0,4126.0,0.1
2023-07-13,4122,4132,4127.0,4126.0,0.02
2023-07-14,4122,4133,4128.0,4127.0,0.0
2023-07-15,4122,4133,4128.0,4127.0,0.01
2023-07-16,4122,4133,4128.0,4127.0,0.01
2023-07-17,4124,4134,4129.0,4131.0,-0.08
2023-07-18,4124,4134,4129.0,4129.0,0.0
2023-07-19,4124,4134,4129.0,4129.0,0.0
2023-07-20,4124,4134,4129.0,4130.0,-0.02
2023-07-21,4124,4134,4129.0,4130.0,-0.02
2023-07-22,4124,4134,4129.0,4130.0,-0.02
2023-07-23,4124,4134,4129.0,4130.0,-0.02
2023-07-24,4124,4134,4129.0,4130.0,-0.02
2023-07-25,4124,4134,4129.0,4128.0,0.02
2023-07-26,4124,4134,4129.0,4128.0,0.02
2023-07-27,4124,4134,4129.0,4127.0,0.05
2023-07-28,4124,4134,4129.0,4128.0,0.02
2023-07-29,4124,4134,4129.0,4128.0,0.02
2023-07-30,4124,4134,4129.0,4128.0,0.02
2023-07-31,4124,4134,4129.0,4130.0,-0.02
2023-08-01,4127,4137,4132.0,4130.0,-0.02
2023-08-02,4131,4141,4136.0,4134.0,-0.05
2023-08-03,4131,4140,4136.0,4135.0,0.02
2023-08-04,4131,4140,4136.0,4135.0,0.01
2023-08-05,4131,4140,4136.0,4135.0,0.01
2023-08-06,4131,4140,4136.0,4135.0,0.01
2023-08-07,4129,4138,4134.0,4136.0,-0.01
2023-08-08,4129,4138,4134.0,4134.0,-0.01
2023-08-09,4129,4138,4134.0,4134.0,-0.01
2023-08-10,4129,4138,4134.0,4134.0,-0.01
2023-08-11,4129,4138,4134.0,4134.0,-0.01
2023-08-12,4129,4138,4134.0,4134.0,-0.01
2023-08-13,4129,4138,4134.0,4134.0,-0.01
2023-08-14,4129,4138,4134.0,4134.0,-0.01
2023-08-15,4129,4138,4134.0,4134.0,-0.01
2023-08-16,4131,4140,4136.0,4137.0,-0.08
2023-08-17,4136,4146,4141.0,4136.0,-0.01
2023-08-18,4137,4147,4142.0,4136.0,0.12
2023-08-19,4137,4147,4142.0,4136.0,0.15
2023-08-20,4137,4147,4142.0,4136.0,0.15
2023-08-21,4137,4147,4142.0,4141.0,0.02
2023-08-22,4141,4150,4146.0,4144.0,-0.05
2023-08-23,4141,4150,4146.0,4144.0,0.04
2023-08-24,4146,4157,4152.0,4145.0,0.01
2023-08-25,4149,4159,4154.0,4153.0,-0.04
2023-08-26,4149,4159,4154.0,4153.0,0.02
2023-08-27,4149,4159,4154.0,4153.0,0.02
2023-08-28,4149,4159,4154.0,4152.0,0.05
2023-08-29,4150,4158,4154.0,4152.0,0.05
2023-08-30,4151,4160,4156.0,4156.0,-0.05
2023-08-31,4151,4161,4156.0,4158.0,-0.06
2023-09-01,4151,4161,4156.0,4159.0,-0.07
2023-09-02,4151,4161,4156.0,4159.0,-0.07
2023-09-03,4151,4161,4156.0,4159.0,-0.07
2023-09-04,4153,4163,4158.0,4159.0,-0.07
2023-09-05,4153,4163,4158.0,4158.0,0.0
2023-09-06,4149,4158,4154.0,4155.0,0.07
2023-09-07,4142,4151,4147.0,4151.0,0.06
2023-09-08,4134,4143,4139.0,4145.0,0.04
2023-09-09,4125,4135,4130.0,4145.0,-0.16
2023-09-10,4125,4135,4130.0,4145.0,-0.36
2023-09-11,4120,4131,4126.0,4134.0,-0.1
2023-09-12,4112,4122,4117.0,4123.0,0.06
2023-09-13,4100,4110,4105.0,4113.0,0.1
2023-09-14,4114,4128,4121.0,4101.0,0.1
2023-09-15,4115,4129,4122.0,4110.0,0.27
2023-09-16,4118,4133,4126.0,4110.0,0.29
2023-09-17,4118,4133,4126.0,4110.0,0.38
2023-09-18,4119,4133,4126.0,4115.0,0.26
2023-09-19,4119,4133,4126.0,4124.0,0.05
2023-09-20,4112,4125,4119.0,4120.0,0.15
2023-09-21,4114,4126,4120.0,4112.0,0.16
2023-09-22,4111,4124,4118.0,4115.0,0.12
2023-09-23,4117,4127,4122.0,4115.0,0.06
2023-09-24,4117,4127,4122.0,4115.0,0.17
2023-09-25,4115,4126,4121.0,4116.0,0.15
2023-09-26,4114,4124,4119.0,4117.0,0.09
2023-09-27,4117,4130,4124.0,4116.0,0.07
2023-09-28,4119,4130,4125.0,4122.0,0.04
2023-09-29,4119,4130,4125.0,4122.0,0.06
2023-09-30,4119,4130,4125.0,4122.0,0.06
2023-10-01,4122,4133,4128.0,4122.0,0.06
2023-10-02,4122,4133,4128.0,4123.0,0.11
2023-10-03,4122,4133,4128.0,4127.0,0.01
2023-10-04,4122,4134,4128.0,4126.0,0.04
2023-10-05,4126,4136,4131.0,4128.0,0.0
2023-10-06,4126,4136,4131.0,4127.0,0.1
2023-10-07,4126,4136,4131.0,4127.0,0.1
2023-10-08,4126,4136,4131.0,4127.0,0.1
2023-10-09,4126,4136,4131.0,4130.0,0.02
2023-10-10,4127,4137,4132.0,4130.0,0.02
2023-10-11,4126,4137,4132.0,4132.0,0.0
2023-10-12,4121,4131,4126.0,4131.0,0.01
2023-10-13,4121,4131,4126.0,4131.0,-0.12
2023-10-14,4121,4131,4126.0,4131.0,-0.12
2023-10-15,4121,4131,4126.0,4131.0,-0.12
2023-10-16,4121,4131,4126.0,4129.0,-0.07
2023-10-17,4121,4131,4126.0,4127.0,-0.02
2023-10-18,4123,4135,4129.0,4127.0,-0.02
2023-10-19,4125,4136,4131.0,4131.0,-0.05
2023-10-20,4126,4136,4131.0,4132.0,-0.04
2023-10-21,4125,4136,4131.0,4132.0,-0.02
2023-10-22,4125,4136,4131.0,4132.0,-0.04
2023-10-23,4131,4141,4136.0,4135.0,-0.11
2023-10-24,4134,4144,4139.0,4136.0,0.0
2023-10-25,4135,4144,4140.0,4139.0,0.0
2023-10-26,4133,4142,4138.0,4140.0,-0.01
2023-10-27,4133,4142,4138.0,4137.0,0.01
2023-10-28,4133,4141,4137.0,4137.0,0.01
2023-10-29,4133,4141,4137.0,4137.0,0.0
2023-10-30,4133,4141,4137.0,4137.0,0.0
2023-10-31,4129,4137,4133.0,4135.0,0.05
2023-11-01,4128,4136,4132.0,4133.0,0.0
2023-11-02,4128,4136,4132.0,4132.0,0.0
2023-11-03,4128,4136,4132.0,4131.0,0.02
2023-11-04,4126,4135,4131.0,4131.0,0.02
2023-11-05,4126,4135,4131.0,4131.0,-0.01
2023-11-06,4126,4135,4131.0,4131.0,-0.01
2023-11-07,4123,4132,4128.0,4128.0,0.06
2023-11-08,4122,4131,4127.0,4127.0,0.01
2023-11-09,4117,4127,4122.0,4127.0,-0.01
2023-11-10,4117,4127,4122.0,4123.0,-0.02
2023-11-11,4111,4121,4116.0,4123.0,-0.02
2023-11-12,4111,4121,4116.0,4123.0,-0.17
2023-11-13,4109,4118,4114.0,4118.0,-0.05
2023-11-14,4110,4120,4115.0,4110.0,0.09
2023-11-15,4115,4126,4121.0,4114.0,0.02
2023-11-16,4115,4126,4121.0,4119.0,0.04
2023-11-17,4115,4125,4120.0,4120.0,0.01
2023-11-18,4110,4119,4115.0,4120.0,0.0
2023-11-19,4110,4119,4115.0,4120.0,-0.13
2023-11-20,4110,4119,4115.0,4120.0,-0.13
2023-11-21,4110,4119,4115.0,4112.0,0.06
2023-11-22,4111,4120,4116.0,4113.0,0.04
2023-11-23,4111,4120,4116.0,4114.0,0.04
2023-11-24,4111,4120,4116.0,4115.0,0.01
2023-11-25,4111,4120,4116.0,4115.0,0.01
2023-11-26,4111,4120,4116.0,4115.0,0.01
2023-11-27,4111,4120,4116.0,4115.0,0.01
2023-11-28,4111,4120,4116.0,4115.0,0.01
2023-11-29,4111,4122,4117.0,4115.0,0.01
2023-11-30,4113,4123,4118.0,4115.0,0.04
2023-12-01,4111,4120,4116.0,4115.0,0.07
2023-12-02,4109,4119,4114.0,4115.0,0.01
2023-12-03,4109,4119,4114.0,4115.0,-0.02
2023-12-04,4109,4119,4114.0,4114.0,0.0
2023-12-05,4110,4120,4115.0,4112.0,0.05
2023-12-06,4111,4121,4116.0,4114.0,0.02
2023-12-07,4112,4121,4117.0,4116.0,0.0
2023-12-08,4108,4117,4113.0,4115.0,0.04
2023-12-09,4107,4117,4112.0,4115.0,-0.06
2023-12-10,4107,4117,4112.0,4115.0,-0.07
2023-12-11,4105,4115,4110.0,4114.0,-0.05
2023-12-12,4105,4115,4110.0,4109.0,0.02
2023-12-13,4106,4115,4111.0,4108.0,0.05
2023-12-14,4106,4115,4111.0,4109.0,0.04
2023-12-15,4106,4116,4111.0,4110.0,0.01
2023-12-16,4106,4116,4111.0,4110.0,0.02
2023-12-17,4106,4116,4111.0,4110.0,0.02
2023-12-18,4105,4115,4110.0,4111.0,0.0
2023-12-19,4104,4114,4109.0,4108.0,0.05
2023-12-20,4103,4112,4108.0,4106.0,0.07
2023-12-21,4101,4109,4105.0,4106.0,0.04
2023-12-22,4097,4106,4102.0,4102.0,0.07
2023-12-23,4093,4104,4099.0,4102.0,-0.01
2023-12-24,4093,4104,4099.0,4102.0,-0.09
2023-12-25,4092,4103,4098.0,4100.0,-0.04
2023-12-26,4091,4101,4096.0,4095.0,0.06
2023-12-27,4090,4099,4095.0,4094.0,0.05
2023-12-28,4086,4096,4091.0,4092.0,0.06
2023-12-29,4081,4092,4087.0,4085.0,0.15
2023-12-30,4080,4090,4085.0,4085.0,0.04
2023-12-31,4080,4090,4085.0,4085.0,0.0
